-4.926166166011660152e+02
-4.852457487873393802e+02
-4.822882148660292501e+02
-4.884770245841194765e+02
-4.884170117923785028e+02
-4.910335694984512429e+02
-4.835883343711076350e+02
-4.929848318229722395e+02
-4.916262515654299818e+02
-4.908115875201503400e+02
-4.823340010598049048e+02
-4.893369294425559701e+02
-4.901552772508815110e+02
-4.868962778100579385e+02
-4.926707745531297178e+02
-4.903398174963949714e+02
-4.921941157840283836e+02
-4.845834384025476993e+02
-4.921077305955171255e+02
-4.764814756593505081e+02
-4.937096359048528029e+02
-4.862928717827385299e+02
-4.935547755810212607e+02
-4.881880535715986298e+02
-4.868051960366377102e+02
-4.932315350073230320e+02
-4.921916718476142023e+02
-4.865448131137775931e+02
-4.872099528948438660e+02
-4.914678485329419573e+02
-4.902955883698367643e+02
-4.898094468311437595e+02
-4.924359278594532725e+02
-4.789751786303544918e+02
-4.855352919692649607e+02
-4.921464854079026168e+02
-4.882204249224923842e+02
-4.941712701235068721e+02
-4.837702455372131567e+02
-4.919676841842527892e+02
-4.905733978827001351e+02
-4.895485160726582308e+02
-4.823340010598049048e+02
-4.903317464997626871e+02
-4.906860190806748960e+02
-4.874201473131303146e+02
-4.926771447128990644e+02
-4.761548442390458149e+02
-4.936861800368331501e+02
-4.929467667344423489e+02
-4.914355020737077666e+02
-4.817065320788786948e+02
-4.941787042726525101e+02
-4.868887354277258055e+02
-4.935870755009050299e+02
-4.881880535715986298e+02
-4.846583975103897046e+02
-4.939313615037203249e+02
-4.943705970549584663e+02
-4.887360501802206159e+02
-4.910617920286144908e+02
-4.912980573435894485e+02
-4.932458869950714870e+02
-4.866238702977750563e+02
-4.908720817243578836e+02
-4.863726318140598437e+02
-4.863318453327410680e+02
-4.887533327439533650e+02
-4.849542785881272948e+02
-4.941822645411713779e+02
-4.855911616875371237e+02
-4.919676841842527892e+02
-4.929984281925060259e+02
-4.859707364213704750e+02
-4.823340010598049048e+02
-4.918703571695154437e+02
-4.847855672795094506e+02
-4.874201473131303146e+02
-4.890982955145126994e+02
-4.855360651463881254e+02
-4.932454319142367467e+02
-4.930973945380751502e+02
-4.873978413561727621e+02
-4.807650198715774081e+02
-4.924388403881418981e+02
-4.843471312597806673e+02
-4.938024825842692849e+02
-4.881880535715986298e+02
-4.898410330620816353e+02
-4.916691870788655478e+02
-4.919145294560336765e+02
-4.910815935470374143e+02
-4.863178189765083062e+02
-4.834269765043691791e+02
-4.915730658558939581e+02
-4.866238702977750563e+02
-4.924159288306204303e+02
-4.838979527930853237e+02
-4.828144932897545800e+02
-4.913890052448932124e+02
-4.931777801316104046e+02
-4.941822645411713779e+02
-4.815570179301952862e+02
-4.940915882517732030e+02
-4.932626478684574636e+02
-4.927480925202883100e+02
-4.837200080205078621e+02
-4.911450537756580275e+02
-4.885033653891395033e+02
-4.874201473131303146e+02
-4.898455520749780021e+02
-4.811744440779429510e+02
-4.937189532000799659e+02
-4.923379369356702000e+02
-4.920807029676120123e+02
-4.823447414271241769e+02
-4.920958871521512492e+02
-4.899833679344101256e+02
-4.937332033934193305e+02
-4.931631034383171936e+02
-4.914946917825025139e+02
-4.874216645187829045e+02
-4.926567455774853102e+02
-4.892201539411153703e+02
-4.858010867014371570e+02
-4.864462238147029893e+02
-4.875897918449985582e+02
-4.878065332559813214e+02
-4.908097057697074774e+02
-4.878796021680336708e+02
-4.828720357052238228e+02
-4.883594735830360491e+02
-4.931777801316104046e+02
-4.933975708870561334e+02
-4.850750663672542373e+02
-4.904741925464398946e+02
-4.932626478684574636e+02
-4.911547485451216062e+02
-4.922838301723821814e+02
-4.908383089435658917e+02
-4.890078949743735279e+02
-4.914944230940685088e+02
-4.909968010642936065e+02
-4.850843647199657198e+02
-4.921152215340512157e+02
-4.884158853277114076e+02
-4.923195743139924616e+02
-4.823447414271241769e+02
-4.910890297326018299e+02
-4.901653357339014292e+02
-4.925236314416930554e+02
-4.910887462675752317e+02
-4.853709109200887610e+02
-4.936286584493840337e+02
-4.879738573786851816e+02
-4.934839778967303801e+02
-4.867386706988155538e+02
-4.910500349687785047e+02
-4.922683901630150558e+02
-4.896831686691355685e+02
-4.911518100397878470e+02
-4.844523997200442977e+02
-4.828489864279426911e+02
-4.851615874084159827e+02
-4.921552087346302073e+02
-4.933453625063417576e+02
-4.841830310384706877e+02
-4.914403999563628531e+02
-4.928741746640539532e+02
-4.928182208403014215e+02
-4.900139262499514530e+02
-4.899554369762145711e+02
-4.919754308282122111e+02
-4.909701522057869738e+02
-4.940712454182349802e+02
-4.850843647199657198e+02
-4.921152215340512157e+02
-4.928776522063359948e+02
-4.886002999374086926e+02
-4.839551335013719040e+02
-4.909681374958532842e+02
-4.877002298348430713e+02
-4.909468713560644915e+02
-4.909058246610395599e+02
-4.859602481718770264e+02
-4.936203050796925140e+02
-4.917603766059477266e+02
-4.927693556276039430e+02
-4.926272064558501711e+02
-4.921882253489903292e+02
-4.937730381070635985e+02
-4.919433786253175640e+02
-4.897182533349313758e+02
-4.865224314222575686e+02
-4.807864753929285939e+02
-4.851615874084159827e+02
-4.921552087346302073e+02
-4.923762586779441222e+02
-4.729936228545249719e+02
-4.918191895217062211e+02
-4.908619914850594910e+02
-4.896509123663586820e+02
-4.889454349858220326e+02
-4.938050405005616881e+02
-4.928585967541253012e+02
-4.876786782549595500e+02
-4.940712454182349802e+02
-4.893096928602452067e+02
-4.898743997292958170e+02
-4.894817422715998987e+02
-4.908921553079951536e+02
-4.847074275256693454e+02
-4.907552635941818835e+02
-4.875503021564456390e+02
-4.937281592535333630e+02
-4.907246767899941915e+02
-4.859066490843038082e+02
-4.927481271514105856e+02
-4.922937350446110258e+02
-4.927693556276039430e+02
-4.923796151026510302e+02
-4.924625726880740899e+02
-4.917085799113450548e+02
-4.920682195116391995e+02
-4.914116744787495463e+02
-4.824437793017469289e+02
-4.795587567152899737e+02
-4.879299275622875598e+02
-4.922136023333872004e+02
-4.923762586779441222e+02
-4.809904424366993112e+02
-4.905553848190312465e+02
-4.906541839559811820e+02
-4.888177125613706835e+02
-4.838453632481031832e+02
-4.930498966765911177e+02
-4.916667347057330062e+02
-4.933604653540685376e+02
-4.943693550777735481e+02
-4.869183609649889490e+02
-4.899111084164416070e+02
-4.939844171036303919e+02
-4.898920755924810919e+02
-4.838024135127933505e+02
-4.907552635941818835e+02
-4.883353918300516057e+02
-4.895194098489729413e+02
-4.907246767899941915e+02
-4.857830233283784764e+02
-4.869702246017320704e+02
-4.902653302663993031e+02
-4.931553144108373203e+02
-4.830192643651143953e+02
-4.922065661613216889e+02
-4.914399400954320640e+02
-4.890841975302192282e+02
-4.908620693967658326e+02
-4.853810046283921906e+02
-4.789709089936085320e+02
-4.928660478476522826e+02
-4.908165324680566641e+02
-4.930038066572756179e+02
-4.842597950739960879e+02
-4.938427207950441016e+02
-4.931050177811008552e+02
-4.888177125613706835e+02
-4.930747767259178431e+02
-4.882243371385531532e+02
-4.924050835801691619e+02
-4.900811511769380786e+02
-4.939280357690406049e+02
-4.865923470531155317e+02
-4.902060974790887826e+02
-4.885035762467007316e+02
-4.901391034150247492e+02
-4.832315966939884788e+02
-4.904150091427589473e+02
-4.871601411656649816e+02
-4.933537564368392054e+02
-4.928586155822391675e+02
-4.896433435554854441e+02
-4.869702246017320704e+02
-4.901741428603153850e+02
-4.888322980292609827e+02
-4.896739784313369341e+02
-4.916095800241005236e+02
-4.911038796076031758e+02
-4.890841975302192282e+02
-4.855521330468759515e+02
-4.843906584489418492e+02
-4.727959661211438060e+02
-4.902557778334910950e+02
-4.908165324680566641e+02
-4.904173517634509381e+02
-4.844543723611220685e+02
-4.893471014853743668e+02
-4.939647532673736805e+02
-4.914804812852012219e+02
-4.883550578691496753e+02
-4.936050402624737785e+02
-4.925270512258182976e+02
-4.879232967749609315e+02
-4.939280357690406049e+02
-4.843884194981881137e+02
-4.882510588926060677e+02
-4.860619535347350393e+02
-4.783534432102695746e+02
-4.835619318357633460e+02
-4.893206046848052893e+02
-4.871601411656649816e+02
-4.933537564368392054e+02
-4.919637727136119452e+02
-4.898069335948173944e+02
-4.839346148748843461e+02
-4.893036269983004445e+02
-4.927958497547874117e+02
-4.878454484885710940e+02
-4.918959557842642312e+02
-4.903040097476899746e+02
-4.911322365887910451e+02
-4.906790983224657907e+02
-4.873316234974880672e+02
-4.811290442564280170e+02
-4.894677227156387289e+02
-4.935828807536978502e+02
-4.904173517634509381e+02
-4.834738933395595950e+02
-4.915762469273278725e+02
-4.938765703732269685e+02
-4.931357669663472620e+02
-4.914848089061775909e+02
-4.934293070627807651e+02
-4.882427376176192411e+02
-4.842192967393703498e+02
-4.933085536767974872e+02
-4.875574466891399652e+02
-4.934291177258849075e+02
-4.843854236074611208e+02
-4.783534432102695746e+02
-4.839263360244491992e+02
-4.897379318290567198e+02
-4.895392539290707532e+02
-4.892480369229010080e+02
-4.938659785486847227e+02
-4.898069335948173944e+02
-4.876202717575728229e+02
-4.872986129814286187e+02
-4.927822746698282117e+02
-4.894140327758347553e+02
-4.845150831694526801e+02
-4.903040097476899746e+02
-4.888222295702523752e+02
-4.906790983224657907e+02
-4.914560189737518385e+02
-4.813975589181409873e+02
-4.918928929364925580e+02
-4.935828807536978502e+02
-4.903287738197922181e+02
-4.782338268480431793e+02
-4.933597665966485124e+02
-4.938267142193516861e+02
-4.925757441822598821e+02
-4.914848089061775909e+02
-4.909008987376525965e+02
-4.907575358494526085e+02
-4.842192967393703498e+02
-4.928666695015019741e+02
-4.907198914613782108e+02
-4.916112410411892597e+02
-4.892843312892509289e+02
-4.901383596334009098e+02
-4.840270098706899375e+02
-4.920981710108516154e+02
-4.850608580362776365e+02
-4.864931715703386885e+02
-4.937376726308331740e+02
-4.901157357691300831e+02
-4.886167240464462225e+02
-4.867623972744033267e+02
-4.843854472292980518e+02
-4.864522288381731414e+02
-4.935576942860448071e+02
-4.927953616076848675e+02
-4.907198094079365092e+02
-4.865555098698480379e+02
-4.927316821836294025e+02
-4.779284588164980505e+02
-4.918030815320715305e+02
-4.942134173067623806e+02
-4.910271672137279211e+02
-4.883777095768630261e+02
-4.920005326405154165e+02
-4.932448285232511580e+02
-4.927335808265571586e+02
-4.922359737728774007e+02
-4.884455302930819585e+02
-4.895308096993417166e+02
-4.840659787449154692e+02
-4.928643036007802039e+02
-4.898320981544903816e+02
-4.931255412657172315e+02
-4.939472121696217073e+02
-4.849624759348916996e+02
-4.854226436129477520e+02
-4.911023552676709869e+02
-4.893311311987181966e+02
-4.880788833506919673e+02
-4.860058536230063737e+02
-4.891137933397063193e+02
-4.900732545266768625e+02
-4.856303142447570167e+02
-4.881002333116304044e+02
-4.899583320854661110e+02
-4.935576942860448071e+02
-4.940077994524638711e+02
-4.911754484400848355e+02
-4.899244526228745258e+02
-4.914794609864408699e+02
-4.779284588164980505e+02
-4.898756876702472027e+02
-4.931474466971819766e+02
-4.887327886705142532e+02
-4.888346227644596524e+02
-4.934995610318907779e+02
-4.934341232260923675e+02
-4.926114638542763942e+02
-4.922359737728774007e+02
-4.890732919881405110e+02
-4.926290273897261613e+02
-4.805157024142372961e+02
-4.937955702134240141e+02
-4.890671692647285340e+02
-4.934968271893605447e+02
-4.901230322364525023e+02
-4.847743581689621237e+02
-4.854226436129477520e+02
-4.867648089834571010e+02
-4.920583152891819623e+02
-4.895393680778269072e+02
-4.938374678839784337e+02
-4.907514330839039758e+02
-4.937726949156599972e+02
-4.849300488013151949e+02
-4.922318446733880819e+02
-4.899583320854661110e+02
-4.941264453282391855e+02
-4.939096731658110571e+02
-4.927838780225858386e+02
-4.891614067981715266e+02
-4.917747221052509303e+02
-4.835864694438934634e+02
-4.898756876702472027e+02
-4.930977355794409505e+02
-4.859983901074832602e+02
-4.886293810046572617e+02
-4.931647026383784009e+02
-4.926149687845484095e+02
-4.927618679958156918e+02
-4.929655027051871912e+02
-4.925260216968117106e+02
-4.882582393328576131e+02
-4.918801505896826143e+02
-4.906266504038871972e+02
-4.896979116295057111e+02
-4.927847478056498858e+02
-4.887006970855443342e+02
-4.862824745589160216e+02
-4.853817035142989198e+02
-4.855292978466670775e+02
-4.896149240345718567e+02
-4.878876990654448491e+02
-4.934567618736548980e+02
-4.907097796127002312e+02
-4.894812808535074851e+02
-4.857647066862193697e+02
-4.926133241616980740e+02
-4.912165570262517349e+02
-4.928139179867220605e+02
-4.903715582220812621e+02
-4.916253117013905580e+02
-4.889335360257312573e+02
-4.885677331208347596e+02
-4.867076846165410302e+02
-4.888531771864007283e+02
-4.897372384399001817e+02
-4.922818562334001058e+02
-4.887603927349671267e+02
-4.937253211097716985e+02
-4.926149687845484095e+02
-4.919745940042466259e+02
-4.885280010885236948e+02
-4.925260216968117106e+02
-4.903183305726229264e+02
-4.907336123610663776e+02
-4.892377066877284051e+02
-4.894599509250685969e+02
-4.927847478056498858e+02
-4.895502354772418698e+02
-4.835529570716562944e+02
-4.852597714020955664e+02
-4.887224870196166648e+02
-4.938869877009154834e+02
-4.905419375656555872e+02
-4.853438480084006414e+02
-4.892520141070023101e+02
-4.895252108122595587e+02
-4.863259180592612552e+02
-4.933634558731816924e+02
-4.906252981118871617e+02
-4.925643316201935136e+02
-4.934356452803538673e+02
-4.867902707036278684e+02
-4.893999588271452694e+02
-4.920226812031096415e+02
-4.863121153436331952e+02
-4.903592362638914892e+02
-4.900453555878349903e+02
-4.835414651179607972e+02
-4.885304072998078482e+02
-4.864261122509565212e+02
-4.926149687845484095e+02
-4.919745940042466259e+02
-4.882598401696100154e+02
-4.922922271875094111e+02
-4.903318818963496710e+02
-4.925103442688269411e+02
-4.839041034513207364e+02
-4.894599509250685969e+02
-4.938279789035892691e+02
-4.914278709456281717e+02
-4.918695240907227344e+02
-4.852783735998170300e+02
-4.887224870196166648e+02
-4.927558615888551685e+02
-4.905419375656555872e+02
-4.890289461402390430e+02
-4.876601246614127945e+02
-4.903854512503945102e+02
-4.845466678706737298e+02
-4.930114555733096608e+02
-4.918975935179644239e+02
-4.921386237485444894e+02
-4.921332969691238759e+02
-4.908870226655832312e+02
-4.930177104747950807e+02
-4.921912697681960935e+02
-4.863121153436331952e+02
-4.914107298808982023e+02
-4.900483130348796408e+02
-4.835414651179607972e+02
-4.882273903919379450e+02
-4.918821087116155013e+02
-4.926149687845484095e+02
-4.904292793094663239e+02
-4.927385030715412881e+02
-4.944706894978186824e+02
-4.899988638333755944e+02
-4.914334598812754393e+02
-4.827818176650123974e+02
-4.909080409530229190e+02
-4.938279789035892691e+02
-4.912862386139265709e+02
-4.867918217046683367e+02
-4.835242280111309015e+02
-4.852650906856891311e+02
-4.927663313440634170e+02
-4.905419375656555872e+02
-4.887916155374736036e+02
-4.879069200682548626e+02
-4.931190177768073113e+02
-4.845922429537481548e+02
-4.913894651872086570e+02
-4.875757729286819995e+02
-4.943995942953104077e+02
-4.919486230609372228e+02
-4.902691439940603004e+02
-4.928170294918433569e+02
-4.936833588637142611e+02
-4.863121153436331952e+02
-4.932033161289767236e+02
-4.912546448415311033e+02
-4.891678501848938367e+02
-4.871438182855059154e+02
-4.922743265651477031e+02
-4.926149687845484095e+02
-4.910352004993574724e+02
-4.875340027743409337e+02
-4.935771017743056177e+02
-4.888710738982258590e+02
-4.891019539031809700e+02
-4.829877644305723265e+02
-4.894299595890114460e+02
-4.930361752079152211e+02
-4.848333104400211369e+02
-4.902845099105139752e+02
-4.883213225376463811e+02
-4.841296898883776407e+02
-4.917839768819424080e+02
-4.916048189080310067e+02
-4.912655252303270004e+02
-4.904047311045889046e+02
-4.902270266392752660e+02
-4.849663416220896011e+02
-4.899895876734965441e+02
-4.889944782886388452e+02
-4.938594394888280021e+02
-4.921812940152354372e+02
-4.863224125923190968e+02
-4.919506378899952779e+02
-4.940542108266536161e+02
-4.863121153436331952e+02
-4.889881786848293359e+02
-4.915316606982854069e+02
-4.917724715792586494e+02
-4.905236932801350349e+02
-4.942568405862062946e+02
-4.925923463092406678e+02
-4.850669379455709986e+02
-4.702059719824960098e+02
-4.935355787751046819e+02
-4.897034926023395656e+02
-4.932745041489022810e+02
-4.869577958657179124e+02
-4.897750338938254799e+02
-4.919866078808207703e+02
-4.876280765006557090e+02
-4.920020095779967733e+02
-4.828119661528811548e+02
-4.899506803472420415e+02
-4.905196832059912708e+02
-4.859436221349067182e+02
-4.896786455874251374e+02
-4.932180703486661741e+02
-4.902270266392752660e+02
-4.868568641796301790e+02
-4.930515194896309481e+02
-4.909378048124986549e+02
-4.939233187558415352e+02
-4.919194780214138518e+02
-4.912376874188257716e+02
-4.918069573237409031e+02
-4.940542108266536161e+02
-4.863799730177954643e+02
-4.872405926823256550e+02
-4.931665617736168770e+02
-4.924899572682315920e+02
-4.895639624345935204e+02
-4.935766714856962381e+02
-4.925923463092406678e+02
-4.887735203850438666e+02
-4.793172161211327875e+02
-4.930681314771558164e+02
-4.869373848261453759e+02
-4.932745041489022810e+02
-4.869577958657179124e+02
-4.899825451254287145e+02
-4.916041444500543776e+02
-4.862076405445638443e+02
-4.926162853678594047e+02
-4.907165745191056203e+02
-4.923735503673564153e+02
-4.880703068838247987e+02
-4.862594335100743024e+02
-4.866986676624985648e+02
-4.922808954870694151e+02
-4.902270266392752660e+02
-4.868568641796301790e+02
-4.932598441843579735e+02
-4.883055124005891230e+02
-4.905571958537518640e+02
-4.891970002801813848e+02
-4.901374837142134879e+02
-4.866941036321927072e+02
-4.934826530199142098e+02
-4.863799730177954643e+02
-4.936567639244206589e+02
-4.931665617736168770e+02
-4.922258983855367092e+02
-4.889560214366467790e+02
-4.930108008953864669e+02
-4.925923463092406678e+02
-4.854609996400781711e+02
-4.793172161211327875e+02
-4.926690383036503817e+02
-4.890331576292217051e+02
-4.931971439973361839e+02
-4.925683066865511250e+02
-4.919909362247057629e+02
-4.916041444500543776e+02
-4.935474976755189687e+02
-4.926162853678594047e+02
-4.939183206162259694e+02
-4.892635422793176758e+02
-4.912247188523058412e+02
-4.871601826758076186e+02
-4.866986676624985648e+02
-4.922808954870694151e+02
-4.907930729877837734e+02
-4.853276377788440641e+02
-4.935480713785256057e+02
-4.937997597057119492e+02
-4.905571958537518640e+02
-4.935298110261385887e+02
-4.919311506639177765e+02
-4.908065679030279966e+02
-4.930719731922307005e+02
-4.852007977064271245e+02
-4.914559445277629379e+02
-4.943870634004026101e+02
-4.921407044973638563e+02
-4.872538312554840445e+02
-4.903159554984933379e+02
-4.925923463092406678e+02
-4.854609996400781711e+02
-4.884603367100045261e+02
-4.941249715779719054e+02
-4.917498533034370212e+02
-4.908467151530476258e+02
-4.880605223352860094e+02
-4.917482412225889448e+02
-4.916041444500543776e+02
-4.936711760133300686e+02
-4.864683199362903565e+02
-4.929200625394818189e+02
-4.884090466963489234e+02
-4.929399789797250833e+02
-4.915993581036935325e+02
-4.857050575457837454e+02
-4.928743077241757646e+02
-4.892384270807143594e+02
-4.852908203956591819e+02
-4.925865843176326280e+02
-4.910797622467547399e+02
-4.885094334333489314e+02
-4.922061579767214994e+02
-4.927462642975647213e+02
-4.912547146683527330e+02
-4.930719731922307005e+02
-4.852007977064271245e+02
-4.894077972044667035e+02
-4.883863167831988790e+02
-4.886486351203237746e+02
-4.901617022757220639e+02
-4.901659062646831444e+02
-4.932511553702235574e+02
-4.854609996400781711e+02
-4.925404961940100748e+02
-4.922736323940290504e+02
-4.896199565839394268e+02
-4.920006545922229293e+02
-4.930439022233470610e+02
-4.930743654183755211e+02
-4.918064721429566362e+02
-4.937331826362982952e+02
-4.938190793127812981e+02
-4.919198761407873235e+02
-4.886876695001123494e+02
-4.940087232637401371e+02
-4.925739173643981417e+02
-4.845707438359927437e+02
-4.921558829536772919e+02
-4.923068478724316037e+02
-4.863925967290533663e+02
-4.922597904898501611e+02
-4.926576685800519613e+02
-4.925615863922344033e+02
-4.859432566020049649e+02
-4.932299864996859355e+02
-4.920677716312825964e+02
-4.904723802043743603e+02
-4.851976907442283391e+02
-4.905046999895508861e+02
-4.920140013594749462e+02
-4.791195731289860760e+02
-4.907228288200066117e+02
-4.876135609868434244e+02
-4.934136996970042901e+02
-4.813762906409629636e+02
-4.904008696007196590e+02
-4.912500873867787163e+02
-4.904029538439017415e+02
-4.917936899890302698e+02
-4.926542196168665555e+02
-4.940677295728299327e+02
-4.917032305376251315e+02
-4.928653808796024123e+02
-4.875683996775712785e+02
-4.917390023463848934e+02
-4.891318697135419598e+02
-4.926952955848124702e+02
-4.894597691930432575e+02
-4.850823001279014193e+02
-4.932705496510166085e+02
-4.844573499823359271e+02
-4.897796001614320289e+02
-4.879704424803616689e+02
-4.920030787013797635e+02
-4.874528300299726880e+02
-4.850246518759474270e+02
-4.945648413693727434e+02
-4.931473504589541790e+02
-4.939554965132577422e+02
-4.836588778966507221e+02
-4.893332988925732252e+02
-4.933849247418543200e+02
-4.808075344952989099e+02
-4.941158506396515691e+02
-4.895379842595325499e+02
-4.937108761974884601e+02
-4.816665018719314730e+02
-4.897293376995728522e+02
-4.911008654622079916e+02
-4.908624478398096471e+02
-4.926239948199805667e+02
-4.929908291949914201e+02
-4.945764062500477394e+02
-4.927657202604434588e+02
-4.934889706831306739e+02
-4.889913279864702531e+02
-4.914533364921256862e+02
-4.909513181855123776e+02
-4.926952955848124702e+02
-4.855352132064564898e+02
-4.916299904929225022e+02
-4.932705496510166085e+02
-4.903253776785128935e+02
-4.857125072657100304e+02
-4.872618195529282730e+02
-4.896011449211021045e+02
-4.913598335943887605e+02
-4.828678415329472955e+02
-4.945812822381893170e+02
-4.919381550733845643e+02
-4.893865424851590546e+02
-4.836588778966507221e+02
-4.893332988925732252e+02
-4.929013933075845557e+02
-4.868691533770703472e+02
-4.943457380587885837e+02
-4.934411559323657457e+02
-4.940477154762894543e+02
-4.874843486562810426e+02
-4.832443240966233589e+02
-4.925064525248881182e+02
-4.908624478398096471e+02
-4.921269085158853045e+02
-4.929259808122166646e+02
-4.945764062500477394e+02
-4.928301610353077535e+02
-4.936203935992899687e+02
-4.904698049092328915e+02
-4.931182817675926913e+02
-4.866804348995203213e+02
-4.928421684840712373e+02
-4.907507517908991872e+02
-4.923386302170163162e+02
-4.862915623405075962e+02
-4.919418495293972455e+02
-4.864330618551529710e+02
-4.864469602900562677e+02
-4.904278211428643317e+02
-4.903897881865789259e+02
-4.900918615242874239e+02
-4.942808056336896811e+02
-4.858276946688515636e+02
-4.922856990474461440e+02
-4.861462118359253282e+02
-4.934797282019052318e+02
-4.928834986720135589e+02
-4.921554760332085721e+02
-4.922372494929146569e+02
-4.931624548505695316e+02
-4.940477154762894543e+02
-4.885436083250229444e+02
-4.807433782081692470e+02
-4.941211677872037171e+02
-4.845238125771786031e+02
-4.921269085158853045e+02
-4.928526216288840942e+02
-4.864034548059679537e+02
-4.937768114961987180e+02
-4.914664130302961667e+02
-4.863200858252708372e+02
-4.931182817675926913e+02
-4.862260510767584378e+02
-4.866548882545298511e+02
-4.910231760416231168e+02
-4.892652056081203114e+02
-4.912049440908197653e+02
-4.937218152839783443e+02
-4.858582635840625130e+02
-4.871933696523612980e+02
-4.828232832973636164e+02
-4.928029645202503275e+02
-4.922369289805697576e+02
-4.942808056336896811e+02
-4.880565568476313274e+02
-4.864140432195118819e+02
-4.865092113065384183e+02
-4.843981870294267082e+02
-4.932525191734991381e+02
-4.912668766464095143e+02
-4.913959314790523081e+02
-4.895400443686753533e+02
-4.941120505191266830e+02
-4.896844051339020893e+02
-4.801033523066747080e+02
-4.942150379490894920e+02
-4.876802536300563702e+02
-4.924245872291147634e+02
-4.926375988424368870e+02
-4.931783268863181320e+02
-4.939096903517481678e+02
-4.888763897853951335e+02
-4.934119183158675241e+02
-4.920310766877776700e+02
-4.850240160546543962e+02
-4.870343532970260867e+02
-4.907643454322432035e+02
-4.875778380983658167e+02
-4.912049440908197653e+02
-4.927383854471474365e+02
-4.880935261527717444e+02
-4.890754834190907445e+02
-4.902073054710190831e+02
-4.886984559963827905e+02
-4.940974067840454040e+02
-4.942808056336896811e+02
-4.901663156612795547e+02
-4.886009071244674260e+02
-4.864128122510475123e+02
-4.921636981583530428e+02
-4.924654683878273431e+02
-4.914208562112502250e+02
-4.886853727937373151e+02
-4.932222730104542165e+02
-4.923831692001685383e+02
-4.918103075349988558e+02
-4.853736609432456248e+02
-4.924545836657158588e+02
-4.876802536300563702e+02
-4.924245872291147634e+02
-4.924577237996592771e+02
-4.912876903051280237e+02
-4.938551493363356144e+02
-4.888763897853951335e+02
-4.929921239880429766e+02
-4.911245535774332325e+02
-4.805202493085615743e+02
-4.866353359772053864e+02
-4.850133969395950544e+02
-4.887716239872972892e+02
-4.925316756834856733e+02
-4.896928341052997666e+02
-4.880935261527717444e+02
-4.884995826321463710e+02
-4.926144250152476047e+02
-4.884109713897477150e+02
-4.940974067840454040e+02
-4.942736219062899750e+02
-4.883262041111049712e+02
-4.912616946434698093e+02
-4.852146489415285373e+02
-4.924892550162706470e+02
-4.861464017195277734e+02
-4.870738755918393394e+02
-4.886522628498141785e+02
-4.897522081652392671e+02
-4.923204330565915825e+02
-4.923677663258350208e+02
-4.906216018316361556e+02
-4.880444054950309578e+02
-4.879942797039070683e+02
-4.928859555901959197e+02
-4.895699661254226953e+02
-4.884557373727951699e+02
-4.922715935401601541e+02
-4.885899549530044510e+02
-4.864236202893148402e+02
-4.921758953446299074e+02
-4.900655566081830443e+02
-4.866353359772053864e+02
-4.900995194417428706e+02
-4.881362003110533578e+02
-4.921488626559734030e+02
-4.898659443979178150e+02
-4.835366811897631010e+02
-4.864704024115235370e+02
-4.848994185035359124e+02
-4.935607672746835419e+02
-4.939714114904077178e+02
-4.903578904455886232e+02
-4.883262041111049712e+02
-4.915185792464567385e+02
-4.850989339448176452e+02
-4.903182138005767001e+02
-4.853446101364893934e+02
-4.821112520482624859e+02
-4.917914758239713251e+02
-4.892136444246581846e+02
-4.885538627302509553e+02
-4.918298549215653566e+02
-4.903737861914403879e+02
-4.875987954926774250e+02
-4.897944619126129737e+02
-4.927525700683866035e+02
-4.896611237501824689e+02
-4.894923089162584233e+02
-4.911564351518443345e+02
-4.889843460113095261e+02
-4.891815643083725718e+02
-4.870909457724930576e+02
-4.909006317302434468e+02
-4.867290280984661308e+02
-4.884560847014911360e+02
-4.856474162021077063e+02
-4.850604508587276769e+02
-4.919261941924413009e+02
-4.839793809375315163e+02
-4.890120909526477817e+02
-4.895552433401870189e+02
-4.908396762493916867e+02
-4.941696489344545853e+02
-4.925360096492929074e+02
-4.882234844959774591e+02
-4.931749248393992957e+02
-4.854297418128895174e+02
-4.903182138005767001e+02
-4.869039434836145688e+02
-4.929674591449905847e+02
-4.909285490231912945e+02
-4.912838879591677141e+02
-4.921781665108551351e+02
-4.889214975778472763e+02
-4.921287726124174355e+02
-4.886182015966658128e+02
-4.913530800013527937e+02
-4.897698898349352703e+02
-4.896611237501824689e+02
-4.883721281334599098e+02
-4.921502694494902244e+02
-4.909714119214864922e+02
-4.914904679717650993e+02
-4.827371656977379644e+02
-4.869098443347799048e+02
-4.895403384617478082e+02
-4.915121235379402833e+02
-4.917093569690236450e+02
-4.931034095871140153e+02
-4.918224626233246113e+02
-4.781696959965140081e+02
-4.902604313880586915e+02
-4.904519852534705251e+02
-4.929902848795983346e+02
-4.932889278711501220e+02
-4.890350988341546667e+02
-4.929114597581443604e+02
-4.926491633746153411e+02
-4.831432550937211090e+02
-4.863146165024592733e+02
-4.929977899746606340e+02
-4.886596680516502147e+02
-4.886901796553166264e+02
-4.890514369175292586e+02
-4.905909378346452741e+02
-4.887400618376114494e+02
-4.881105263848476170e+02
-4.933036595826046664e+02
-4.893285023773241846e+02
-4.897698898349352703e+02
-4.896611237501824689e+02
-4.921738055383631831e+02
-4.913389416156963989e+02
-4.915011610843021685e+02
-4.919943917778244895e+02
-4.827371656977379644e+02
-4.925541219489101081e+02
-4.910052960330848464e+02
-4.905800395238025544e+02
-4.917093569690236450e+02
-4.934034363035755746e+02
-4.860966457692368863e+02
-4.873224032538254278e+02
-4.907989499893817538e+02
-4.866207969118302117e+02
-4.942612558227008890e+02
-4.940031357872122726e+02
-4.930503007131439404e+02
-4.857891437296501636e+02
-4.901825676190181866e+02
-4.834119079769235441e+02
-4.919334115320506839e+02
-4.929977899746606340e+02
-4.926662566156435332e+02
-4.899505224223958066e+02
-4.915715210277020901e+02
-4.905909378346452741e+02
-4.897117989348441824e+02
-4.908187002816114273e+02
-4.878148078986079099e+02
-4.893285023773241846e+02
-4.894731984925963388e+02
-4.896611237501824689e+02
-4.938956913421453123e+02
-4.938075584830739331e+02
-4.900875817681398985e+02
-4.864536080595992189e+02
-4.887697627870232964e+02
-4.929948932802392392e+02
-4.927261004596917360e+02
-4.885571812457194483e+02
-4.922703327101766604e+02
-4.893770216656027401e+02
-4.907425557108002749e+02
-4.815332522910564421e+02
-4.861989416838831062e+02
-4.866207969118302117e+02
-4.930570445344807808e+02
-4.940031357872122726e+02
-4.923819526381138871e+02
-4.860328821263418604e+02
-4.902680653737194234e+02
-4.803262039538178669e+02
-4.922566512742012037e+02
-4.926022685189916501e+02
-4.891605706089600858e+02
-4.894331047638406176e+02
-4.918307870933608115e+02
-4.905005434413602643e+02
-4.855771242423779199e+02
-4.905519189249288274e+02
-4.906912380309476021e+02
-4.921046124757788789e+02
-4.894731984925963388e+02
-4.899428562479503171e+02
-4.922686994320179110e+02
-4.940383058828297180e+02
-4.900875817681398985e+02
-4.883656287566799392e+02
-4.908542102889065291e+02
-4.913308055557554326e+02
-4.921817580217110617e+02
-4.809882754248164929e+02
-4.931695363524046343e+02
-4.893770216656027401e+02
-4.892768993133127537e+02
-4.887087657610562701e+02
-4.935166061124671160e+02
-4.907513869636917434e+02
-4.890159603381138140e+02
-4.933780559143945652e+02
-4.926008059250231099e+02
-4.930005042346840014e+02
-4.897785266576924528e+02
-4.854596094063962823e+02
-4.909690115915032038e+02
-4.930807609617052094e+02
-4.914251510931936195e+02
-4.906121137623873096e+02
-4.867965541815496522e+02
-4.905005434413602643e+02
-4.902090878400213683e+02
-4.912395437492958195e+02
-4.925456387573435677e+02
-4.869483799129082513e+02
-4.915581584396668404e+02
-4.883405519642437866e+02
-4.944057653351335944e+02
-4.850761272448507953e+02
-4.900875817681398985e+02
-4.930778637460475693e+02
-4.926282681619145478e+02
-4.923518869252317245e+02
-4.915267499887905842e+02
-4.793825605476785654e+02
-4.929577830759231460e+02
-4.893770216656027401e+02
-4.879026131764075558e+02
-4.894924924509249422e+02
-4.935726726491567433e+02
-4.911984240273085334e+02
-4.906784327814797280e+02
-4.859588697657884495e+02
-4.899763953127528566e+02
-4.890598427212008232e+02
-4.897785266576924528e+02
-4.836746521941437891e+02
-4.909690115915032038e+02
-4.934098945733142045e+02
-4.899145568591683855e+02
-4.926864113338509696e+02
-4.838446998877986971e+02
-4.905005434413602643e+02
-4.902799327867423358e+02
-4.877006168775812398e+02
-4.893016876583533872e+02
-4.937871993993275623e+02
-4.900239235330254246e+02
-4.883543469425607100e+02
-4.945513088971792968e+02
-4.850761272448507953e+02
-4.935092293809127000e+02
-4.895858803503763284e+02
-4.933143383768387480e+02
-4.908959874756610020e+02
-4.914443821801481249e+02
-4.852893098694239598e+02
-4.924604514765634349e+02
-4.910000272091630791e+02
-4.908153135435532022e+02
-4.840177690309093919e+02
-4.912298483262843547e+02
-4.904044013662127668e+02
-4.938871154003293213e+02
-4.931850608008817289e+02
-4.893552371517580468e+02
-4.928906330433330822e+02
-4.897785266576924528e+02
-4.836294989820662522e+02
-4.922173603530504238e+02
-4.905209712460172113e+02
-4.905989472395257280e+02
-4.923825117665692233e+02
-4.875142193259721353e+02
-4.902845709149305549e+02
-4.923205903846868523e+02
-4.922056619736763423e+02
-4.931053557817552360e+02
-4.902990294970380774e+02
-4.893716872382897805e+02
-4.882446647874556902e+02
-4.871730339646462653e+02
-4.890981430328447459e+02
-4.935092293809127000e+02
-4.896498757888566047e+02
-4.939755427023027892e+02
-4.915356666663050760e+02
-4.914443821801481249e+02
-4.924866246172785509e+02
-4.934582900258217819e+02
-4.862553904833394540e+02
-4.918867290379188262e+02
-4.826764076637830385e+02
-4.915575356857025895e+02
-4.823979840231395997e+02
-4.932872391335529301e+02
-4.824473429936232378e+02
-4.842667051938232703e+02
-4.927870587011146313e+02
-4.908896303596690132e+02
-4.838408506709325252e+02
-4.918189837972852843e+02
-4.905209712460172113e+02
-4.857206145948162543e+02
-4.911371584655843776e+02
-4.835414448891742154e+02
-4.903070671184904654e+02
-4.909001879898139578e+02
-4.922328846668975189e+02
-4.896833096234463483e+02
-4.895991769113492751e+02
-4.905273726102759042e+02
-4.882446647874556902e+02
-4.920035234983754435e+02
-4.884532260475783687e+02
-4.935092293809127000e+02
-4.908880660719675006e+02
-4.939446274440488196e+02
-4.944639586291580713e+02
-4.914443821801481249e+02
-4.910613310852554037e+02
-4.917401887724562357e+02
-4.892007481339649075e+02
-4.918867290379188262e+02
-4.946395292233758028e+02
-4.915575356857025895e+02
-4.919316821749770838e+02
-4.927896560948554452e+02
-4.827337731894281205e+02
-4.919122462719109308e+02
-4.927870587011146313e+02
-4.925622624672670327e+02
-4.853197550406148366e+02
-4.920682181414772458e+02
-4.910612945445762421e+02
-4.858545267396672216e+02
-4.926029723863031222e+02
-4.890455261117033388e+02
-4.872310672644815099e+02
-4.908884327298586641e+02
-4.923307344537097379e+02
-4.908787352757020699e+02
-4.916287323182239675e+02
-4.937637228462437520e+02
-4.867448329263146434e+02
-4.930806676629240997e+02
-4.892184520297437871e+02
-4.933877970391554868e+02
-4.865300710111586113e+02
-4.939446274440488196e+02
-4.937057249551067457e+02
-4.916812303731456382e+02
-4.935343600132108577e+02
-4.917401887724562357e+02
-4.892007481339649075e+02
-4.918867290379188262e+02
-4.902741883692018519e+02
-4.919565310732114654e+02
-4.928540400094443612e+02
-4.912848960292425318e+02
-4.792230875809940471e+02
-4.912792834227947196e+02
-4.934646898090720128e+02
-4.928825291933985682e+02
-4.856191666831785483e+02
-4.938630040048025194e+02
-4.935709297870467367e+02
-4.905107431270338907e+02
-4.861155509632008602e+02
-4.910567901777343423e+02
-4.888783661411896446e+02
-4.924832873857790219e+02
-4.911668898150642235e+02
-4.941011160438309844e+02
-4.929011984477835426e+02
-4.922043637990572620e+02
-4.893204469715053051e+02
-4.934244813819814794e+02
-4.892184520297437871e+02
-4.923311548867321221e+02
-4.913205308111937484e+02
-4.941393048096772418e+02
-4.942359306985758849e+02
-4.904658783143763685e+02
-4.936313185999409825e+02
-4.861007943902389457e+02
-4.800988751203282163e+02
-4.905358582584494229e+02
-4.921344483456910552e+02
-4.929961522903737432e+02
-4.893187976033568702e+02
-4.913150193075244374e+02
-4.909312817752318097e+02
-4.923494903523466064e+02
-4.944994608250118517e+02
-4.922657331946074351e+02
-4.856656389862440619e+02
-4.911427945252079894e+02
-4.929300611881898817e+02
-4.906059703150616542e+02
-4.861155509632008602e+02
-4.920933219265630214e+02
-4.864629140800329878e+02
-4.922646962473915551e+02
-4.911668898150642235e+02
-4.938797919894944357e+02
-4.936338142495279726e+02
-4.864525964482380118e+02
-4.893204469715053051e+02
-4.921229416607383769e+02
-4.899406905634477880e+02
-4.918433827105824321e+02
-4.933265340761867037e+02
-4.912614627832381871e+02
-4.934808770702042011e+02
-4.904658783143763685e+02
-4.924686081971377689e+02
-4.849147902980082563e+02
-4.844502788843506096e+02
-4.874137261144666695e+02
-4.931616442406710803e+02
-4.909910195881973323e+02
-4.838799272618345526e+02
-4.865034657176512383e+02
-4.908342927834200964e+02
-4.927096648839467434e+02
-4.941393757691156452e+02
-4.938501908410142391e+02
-4.867295377981538422e+02
-4.913565897630713835e+02
-4.940887606460972847e+02
-4.923326778334718483e+02
-4.920731541635549320e+02
-4.861191663977143662e+02
-4.894871246512786342e+02
-4.923281244481462977e+02
-4.911668898150642235e+02
-4.926187265004510323e+02
-4.939406659548378684e+02
-4.904457339368401563e+02
-4.893144181844213563e+02
-4.940706258213681963e+02
-4.848996607032844963e+02
-4.820138298135692025e+02
-4.944810994659733865e+02
-4.893111863816513392e+02
-4.934208327559921941e+02
-4.904658783143763685e+02
-4.924686081971377689e+02
-4.844514118498080961e+02
-4.898063289558052702e+02
-4.874890986576214686e+02
-4.934217154173126687e+02
-4.890587995862254047e+02
-4.935064663804426459e+02
-4.821996880626048778e+02
-4.943217071130449654e+02
-4.928430864682907213e+02
-4.923598685007909239e+02
-4.915826484586733045e+02
-4.841209613346062497e+02
-4.928948705648356281e+02
-4.942236194131176603e+02
-4.929456535176705643e+02
-4.928491928825236528e+02
-4.924489099138315282e+02
-4.894871246512786342e+02
-4.929565286711019212e+02
-4.911668898150642235e+02
-4.868421247414232766e+02
-4.894751236937646013e+02
-4.900992735405456528e+02
-4.893144181844213563e+02
-4.925932585036617866e+02
-4.908792897204943984e+02
-4.912121460531646449e+02
-4.924387873245359515e+02
-4.862600595748912724e+02
-4.938613201919838502e+02
-4.910642785175177210e+02
-4.934517464488909582e+02
-4.853988689705336128e+02
-4.897727506375225062e+02
-4.869803018113169628e+02
-4.939382103012968059e+02
-4.915261119370115352e+02
-4.904477615769878867e+02
-4.926221942121412667e+02
-4.937097694239839711e+02
-4.934858963574361610e+02
-4.931101630174798061e+02
-4.911292888981340070e+02
-4.860074936585093042e+02
-4.928948705648356281e+02
-4.923477028537939759e+02
-4.924816905340295534e+02
-4.934697524547422631e+02
-4.926271662383784360e+02
-4.890782287961753241e+02
-4.926838857815584447e+02
-4.911668898150642235e+02
-4.853221955890674622e+02
-4.917020156890057478e+02
-4.909029841757945292e+02
-4.893144181844213563e+02
-4.925932585036617866e+02
-4.891517929022309090e+02
-4.876215557044952220e+02
-4.929770761059551205e+02
-4.896390751488316369e+02
-4.874096287255437119e+02
-4.910912778362614404e+02
-4.899856296038155961e+02
-4.864550684107580878e+02
-4.793456597720851278e+02
-4.887165724635119659e+02
-4.926891248183425205e+02
-4.921312987691508170e+02
-4.896087766269263284e+02
-4.900627237121769326e+02
-4.938675707110984376e+02
-4.932989876111250283e+02
-4.921658874144615083e+02
-4.911292888981340070e+02
-4.851728661869526036e+02
-4.929208810512383252e+02
-4.898689842973070085e+02
-4.927507418721907584e+02
-4.934547480883293815e+02
-4.912255174275986178e+02
-4.890782287961753241e+02
-4.926838857815584447e+02
-4.940571639742084358e+02
-4.899583018003999086e+02
-4.898197502410320112e+02
-4.924638869100564307e+02
-4.893144181844213563e+02
-4.935012487814613564e+02
-4.900696808338881283e+02
-4.887195754585542886e+02
-4.916151984219520727e+02
-4.914763011879849728e+02
-4.874096287255437119e+02
-4.913258582855676195e+02
-4.930181319168536334e+02
-4.872282218687461182e+02
-4.891823539129649134e+02
-4.917352158490872966e+02
-4.919410382518335041e+02
-4.914042687976665889e+02
-4.906203491030842088e+02
-4.837473619623000900e+02
-4.938221093157453652e+02
-4.932989876111250283e+02
-4.871376626506282150e+02
-4.911292888981340070e+02
-4.853736924817179670e+02
-4.924242744056977017e+02
-4.859911173133314151e+02
-4.923809012852755131e+02
-4.920039353357443019e+02
-4.919253558118155070e+02
-4.890876860365930838e+02
-4.933640077293743502e+02
-4.921737704664324156e+02
-4.908745182768569748e+02
-4.836288683952013230e+02
-4.932860503385189190e+02
-4.907733189837409213e+02
-4.936576536722838000e+02
-4.913406662569477703e+02
-4.869054987459612107e+02
-4.938100913696519001e+02
-4.936051674979150903e+02
-4.870952343926082335e+02
-4.910761195739641494e+02
-4.930181319168536334e+02
-4.871829485155237762e+02
-4.848352417271833588e+02
-4.870482403441932320e+02
-4.927893207989741882e+02
-4.918273390744806761e+02
-4.939117202186170630e+02
-4.831773821221387948e+02
-4.917908373647858298e+02
-4.934494747145878932e+02
-4.878984000993534096e+02
-4.911292888981340070e+02
-4.843323548772302729e+02
-4.876259582833025661e+02
-4.909967825313419780e+02
-4.928363010519194063e+02
-4.911801675515439456e+02
-4.919253558118155070e+02
-4.895908542309588256e+02
-4.931550842018850744e+02
-4.921737704664324156e+02
-4.851729875003443908e+02
-4.912421793437399629e+02
-4.932752931088962782e+02
-4.907733189837409213e+02
-4.928256190754821091e+02
-4.894130148411857135e+02
-4.898983337404981739e+02
-4.934589118118451552e+02
-4.884431418655337893e+02
-4.933771809849619672e+02
-4.878550036798089877e+02
-4.927104107512952851e+02
-4.887087943770851552e+02
-4.873805433502628262e+02
-4.895586343650275012e+02
-4.830835991942841474e+02
-4.815741368792020580e+02
-4.936327824104808997e+02
-4.875772345531636347e+02
-4.893619414796360161e+02
-4.942176630649939284e+02
-4.863566277171523211e+02
-4.940357592241569478e+02
-4.853190494574580498e+02
-4.876259582833025661e+02
-4.904109850005339695e+02
-4.921058166094629769e+02
-4.917983980783980087e+02
-4.895681226678469784e+02
-4.892978646148463326e+02
-4.874647991938181804e+02
-4.899903956823902149e+02
-4.828657238243258689e+02
-4.900706434197141448e+02
-4.933284825605629180e+02
-4.894329931824227629e+02
-4.928256190754821091e+02
-4.913615989021212727e+02
-4.915822025484167739e+02
-4.898800960701263421e+02
-4.900110340847963926e+02
-4.928571108276449877e+02
-4.889279093435382038e+02
-4.930769883327825482e+02
-4.908841400041807788e+02
-4.869618543253216103e+02
-4.906309231586398596e+02
-4.919071035093677438e+02
-4.871646760432350334e+02
-4.917391524673697063e+02
-4.887168595136757858e+02
-4.907978821743584490e+02
-4.940730617186073914e+02
-4.808710714475345185e+02
-4.942623445574164975e+02
-4.907268709977503249e+02
-4.839719633161662387e+02
-4.898423474035794811e+02
-4.879106671868968306e+02
-4.906078973002104249e+02
-4.913302434870973343e+02
-4.936416698088583530e+02
-4.877070105859184537e+02
-4.919028705190386859e+02
-4.903618545429926030e+02
-4.870801246169148158e+02
-4.933561367427359983e+02
-4.887970793470274771e+02
-4.923233020778834543e+02
-4.923486379711156928e+02
-4.915822025484167739e+02
-4.933927259005879478e+02
-4.924010348426593282e+02
-4.891170048225553160e+02
-4.857487115087295138e+02
-4.930769883327825482e+02
-4.902473902249521416e+02
-4.914278484941843885e+02
-4.830142188363714126e+02
-4.916899120936403165e+02
-4.868113858365464921e+02
-4.889501725108891605e+02
-4.895260780818815647e+02
-4.932900296072408537e+02
-4.878012919930750400e+02
-4.796920496038897568e+02
-4.938439327495150337e+02
-4.897297229788534878e+02
-4.863215774257566864e+02
-4.927754269238778306e+02
-4.918697966346215935e+02
-4.878557075958440237e+02
-4.899291974153788942e+02
-4.938924987507988931e+02
-4.904947448680895832e+02
-4.914383746349612920e+02
-4.903618545429926030e+02
-4.899766986206325328e+02
-4.930919677065881501e+02
-4.887970793470274771e+02
-4.923233020778834543e+02
-4.917928862442645368e+02
-4.915822025484167739e+02
-4.942585006905625278e+02
-4.897061245449905300e+02
-4.900572250456102665e+02
-4.893421327289872238e+02
-4.928437137739432501e+02
-4.903860642261031444e+02
-4.922807318199959354e+02
-4.880467982783861771e+02
-4.905058978018919333e+02
-4.855334594684114791e+02
-4.869511732038594118e+02
-4.886174165265412626e+02
-4.941236021185695790e+02
-4.867051370681024309e+02
-4.916445129657984126e+02
-4.924231326421775634e+02
-4.854223795139259323e+02
-4.923375176332495471e+02
-4.919670931157276073e+02
-4.865395016533059334e+02
-4.928314789989176461e+02
-4.915018739243699315e+02
-4.938924987507988931e+02
-4.903707963579257125e+02
-4.887717305297591679e+02
-4.903618545429926030e+02
-4.927415029408709870e+02
-4.930719706997282969e+02
-4.887970793470274771e+02
-4.926608113339384545e+02
-4.893545944494301239e+02
-4.932449281957520384e+02
-4.937198520704312728e+02
-4.908490090198688449e+02
-4.815825907428634309e+02
-4.862959674594046646e+02
-4.923722695195867232e+02
-4.923698335973115263e+02
-4.907839176248261310e+02
-4.896961912032444957e+02
-4.864844594062370220e+02
-4.923987168507292154e+02
-4.918854049963788952e+02
-4.918002382568229223e+02
-4.937915741840621422e+02
-4.893023353110859830e+02
-4.899149603398701629e+02
-4.936850866944653262e+02
-4.845953029187779748e+02
-4.934593412830958528e+02
-4.927921632989924774e+02
-4.882211859668129250e+02
-4.864824855424750467e+02
-4.914279114311104877e+02
-4.938924987507988931e+02
-4.903707963579257125e+02
-4.909670267122868381e+02
-4.903618545429926030e+02
-4.910816173739794976e+02
-4.922580577138508033e+02
-4.860374028604501291e+02
-4.904930209932761613e+02
-4.880567680968157447e+02
-4.932449281957520384e+02
-4.921679946507965155e+02
-4.892957448167331904e+02
-4.867387212568400514e+02
-4.903386526862594792e+02
-4.903930342169461483e+02
-4.900234807928415535e+02
-4.927205736613418026e+02
-4.865571695708098332e+02
-4.889947054119745076e+02
-4.926700279826986844e+02
-4.921206529208761253e+02
-4.918002382568229223e+02
-4.928728919678384273e+02
-4.887602769358695127e+02
-4.939504036362180273e+02
-4.937178819073700993e+02
-4.837562660396640126e+02
-4.933373669188506483e+02
-4.860546410434649829e+02
-4.882211859668129250e+02
-4.873242947486631351e+02
-4.914279114311104877e+02
-4.938470675316162328e+02
-4.903707963579257125e+02
-4.874204553358356975e+02
-4.903816321650751888e+02
-4.926861302703891852e+02
-4.916323037347584659e+02
-4.888794412804660965e+02
-4.903678401721182354e+02
-4.911255040310297773e+02
-4.932449281957520384e+02
-4.919286681336255924e+02
-4.892297972003518112e+02
-4.874597482020408279e+02
-4.879626293624918389e+02
-4.915652225763550405e+02
-4.900234807928415535e+02
-4.936285749178352944e+02
-4.936346102463309649e+02
-4.891836764379427791e+02
-4.926700279826986844e+02
-4.928214300716518323e+02
-4.895236064784108976e+02
-4.932355089396803578e+02
-4.887602769358695127e+02
-4.919716115570043939e+02
-4.906998042050564663e+02
-4.893113357190142665e+02
-4.929867097719511548e+02
-4.926523421346757345e+02
-4.874773554573602610e+02
-4.878677775132703687e+02
-4.860543935081662994e+02
-4.940028253186931124e+02
-4.917251560142739208e+02
-4.863608107389419501e+02
-4.917735917537548289e+02
-4.869102012194697409e+02
-4.886765759452536031e+02
-4.882241734793198589e+02
-4.942914648658335750e+02
-4.908602816608591866e+02
-4.932547573944731312e+02
-4.875900462425496471e+02
-4.892297972003518112e+02
-4.916120572962507822e+02
-4.813794422384667655e+02
-4.899846120718451061e+02
-4.900234807928415535e+02
-4.936285749178352944e+02
-4.875968855521532532e+02
-4.835297201891326040e+02
-4.928782835174444585e+02
-4.921216808897111719e+02
-4.846171829421203938e+02
-4.884764483775314829e+02
-4.925239516123502312e+02
-4.882716725117094256e+02
-4.917768146630344290e+02
-4.869838916165820706e+02
-4.929203625146336094e+02
-4.926910853898255596e+02
-4.905455949232646162e+02
-4.891276781101406641e+02
-4.927295845870477251e+02
-4.941059596753129313e+02
-4.911072081309735609e+02
-4.882525957754585875e+02
-4.911122162962802236e+02
-4.917850623705348880e+02
-4.856526627441924120e+02
-4.882241734793198589e+02
-4.943087331977935719e+02
-4.877277287723463814e+02
-4.929449564827888821e+02
-4.877169743510681883e+02
-4.892297972003518112e+02
-4.925512329135265190e+02
-4.877947826860798273e+02
-4.920302594864123193e+02
-4.905396848565733876e+02
-4.940862734841120982e+02
-4.875968855521532532e+02
-4.853484638081113189e+02
-4.928782835174444585e+02
-4.935140666309678181e+02
-4.933815353324837929e+02
-4.898841785338714772e+02
-4.905282980693480113e+02
-4.934783291293594516e+02
-4.875415735867783269e+02
-4.919595191063207835e+02
-4.929931118056162518e+02
-4.902994874707631539e+02
-4.904345786687072746e+02
-4.883164714000812410e+02
-4.902427622519354031e+02
-4.941079444783255212e+02
-4.930008663588074569e+02
-4.935603080316124647e+02
-4.917005119802256559e+02
-4.923237548053933210e+02
-4.891714773405921051e+02
-4.867076170043087586e+02
-4.943087331977935719e+02
-4.899501930731792072e+02
-4.920333746573001008e+02
-4.863713291420648943e+02
-4.913700843280576578e+02
-4.907450448489010455e+02
-4.878721307516800607e+02
-4.936561060006800403e+02
-4.921717897733163340e+02
-4.897578202624418395e+02
-4.930142342278488172e+02
-4.893948471020023021e+02
-4.934865138790951846e+02
-4.918671906400592206e+02
-4.900209334262331708e+02
-4.927321288389482561e+02
-4.887120980131626879e+02
-4.902902930361823337e+02
-4.875415735867783269e+02
-4.878864708450730632e+02
-4.910403445167597738e+02
-4.897109630605177131e+02
-4.926517354435709990e+02
-4.920909501367304415e+02
-4.913508438954785333e+02
-4.936672086889400930e+02
-4.942088114509293746e+02
-4.935603080316124647e+02
-4.929748486792355493e+02
-4.912079930270663795e+02
-4.873378390209819599e+02
-4.873631449872867165e+02
-4.943087331977935719e+02
-4.889667041874652114e+02
-4.932892769817750604e+02
-4.894482100278138432e+02
-4.865720594189621124e+02
-4.907450448489010455e+02
-4.878721307516800607e+02
-4.908529861788215953e+02
-4.921659716091503469e+02
-4.903456057171722478e+02
-4.937785770776600316e+02
-4.928431114566462838e+02
-4.934835326803087128e+02
-4.932689116497089117e+02
-4.920626829719938087e+02
-4.916478094919518753e+02
-4.907254248736756495e+02
-4.893132948437633445e+02
-4.845675113708126105e+02
-4.909081482145490440e+02
-4.899645142417506349e+02
-4.870512697684972068e+02
-4.938619201949972535e+02
-4.853294054476857582e+02
-4.895510608638453505e+02
-4.936126704118008206e+02
-4.938270951775465960e+02
-4.871223516360107624e+02
-4.910144363832674230e+02
-4.912079930270663795e+02
-4.887325571261670802e+02
-4.906841365801154211e+02
-4.943283695016303909e+02
-4.927534005322841608e+02
-4.923009751864277632e+02
-4.930960009648675282e+02
-4.921305536991296208e+02
-4.887781610616590342e+02
-4.929517625122905997e+02
-4.914867966846782679e+02
-4.896711978287981424e+02
-4.870827063175104286e+02
-4.939668379422333828e+02
-4.915348830816465124e+02
-4.934835326803087128e+02
-4.912257064443326726e+02
-4.905775527665793447e+02
-4.924152701211057206e+02
-4.891218197592735351e+02
-4.932253565541859075e+02
-4.892458622426048009e+02
-4.930303754726937768e+02
-4.896642013573324448e+02
-4.857400428248880075e+02
-4.933748404999893751e+02
-4.855800512099659727e+02
-4.865914728034716745e+02
-4.936126704118008206e+02
-4.940890242744728766e+02
-4.917858095452585303e+02
-4.910144363832674230e+02
-4.913913192739316287e+02
-4.897977663021966350e+02
-4.894916205379215626e+02
-4.926158231527770681e+02
-4.896709123091706601e+02
-4.930432388491435631e+02
-4.925999431610226793e+02
-4.921535258668687902e+02
-4.874916556324645853e+02
-4.871562059227344434e+02
-4.918243444586780697e+02
-4.832991664255573596e+02
-4.921937688482742033e+02
-4.916279772235442351e+02
-4.914559543427326389e+02
-4.934289213342273683e+02
-4.853670988566620963e+02
-4.931137609053773190e+02
-4.877058331390365993e+02
-4.885312176354826761e+02
-4.932253565541859075e+02
-4.922976985023134944e+02
-4.835487511050616831e+02
-4.901591298918513075e+02
-4.891348501259990940e+02
-4.937482023074441599e+02
-4.859002493881741884e+02
-4.903760718541093979e+02
-4.920465074935180496e+02
-4.905163204093181548e+02
-4.918902427015761987e+02
-4.915329286766229302e+02
-4.886328541189869270e+02
-4.897977663021966350e+02
-4.847218992341871626e+02
-4.928950756380879170e+02
-4.926364813793030635e+02
-4.933102288392116179e+02
-4.903195222142382477e+02
-4.918493521212067208e+02
-4.913552973180215986e+02
-4.919386283557180946e+02
-4.912491253845934125e+02
-4.934448462287799089e+02
-4.863367521619424565e+02
-4.912161331991058546e+02
-4.908664254535223108e+02
-4.917629871492376310e+02
-4.919813219556183981e+02
-4.902542475724632141e+02
-4.880834069690223487e+02
-4.892659611267110336e+02
-4.927489908153626175e+02
-4.920968512856699704e+02
-4.898936290527564097e+02
-4.902039832950159166e+02
-4.867932727701802946e+02
-4.885227030932622370e+02
-4.859002493881741884e+02
-4.928818664712117652e+02
-4.920465074935180496e+02
-4.898676921548663472e+02
-4.935203431671848762e+02
-4.931580619134748531e+02
-4.907404761072306769e+02
-4.897977663021966350e+02
-4.880760934778331830e+02
-4.941541306033625460e+02
-4.802222811116555476e+02
-4.932217371482537374e+02
-4.903195222142382477e+02
-4.893876746481157056e+02
-4.941000086665108597e+02
-4.840116136329463643e+02
-4.883357012664671970e+02
-4.913090338180482490e+02
-4.898308345405063164e+02
-4.897428812833598499e+02
-4.842281519483800594e+02
-4.905566024682351554e+02
-4.865856890202600198e+02
-4.891931742991603755e+02
-4.862929663551057047e+02
-4.848467011530532886e+02
-4.922278731000207586e+02
-4.870276172461896067e+02
-4.921990048320769233e+02
-4.919871813161281011e+02
-4.817493783666357103e+02
-4.920161674664327620e+02
-4.936608957066338803e+02
-4.900276212123526420e+02
-4.938269877541430901e+02
-4.898676921548663472e+02
-4.914511463196154182e+02
-4.938471221517451113e+02
-4.901430803661687037e+02
-4.910239527197277880e+02
-4.911229752193819422e+02
-4.922626445529410830e+02
-4.913052125851684764e+02
-4.942110636050067001e+02
-4.903195222142382477e+02
-4.827222132866498896e+02
-4.909070345582215396e+02
-4.898568182012899683e+02
-4.827997527811418763e+02
-4.896147487480519089e+02
-4.928494632491442644e+02
-4.920610001740951702e+02
-4.842281519483800594e+02
-4.937756357501549473e+02
-4.865856890202600198e+02
-4.810915547583003331e+02
-4.909124871614403105e+02
-4.916070955384174113e+02
-4.941737879936500235e+02
-4.935037662320044092e+02
-4.915622155357763745e+02
-4.918176115067139449e+02
-4.901702310954193536e+02
-4.782626093365713587e+02
-4.933604033055592595e+02
-4.926368923814956133e+02
-4.938269877541430901e+02
-4.891124374309220002e+02
-4.914511463196154182e+02
-4.938760543521698878e+02
-4.895107389819955870e+02
-4.928712745144331393e+02
-4.906339149956780830e+02
-4.893143069411809734e+02
-4.926698406882346148e+02
-4.920612275701842009e+02
-4.903195222142382477e+02
-4.894509144645141419e+02
-4.840549944435063026e+02
-4.927092386878375123e+02
-4.917778861973245625e+02
-4.925222312690990520e+02
-4.869573184446805953e+02
-4.904498513982449595e+02
-4.842281519483800594e+02
-4.921399340561150098e+02
-4.879989464747265515e+02
-4.876945907061367507e+02
-4.940808071387350537e+02
-4.888229945063608284e+02
-4.942998897265573532e+02
-4.932252245328836580e+02
-4.931293964959214691e+02
-4.931193599158935967e+02
-4.905996028701974865e+02
-4.782626093365713587e+02
-4.933545253297696718e+02
-4.922627264691384426e+02
-4.923227583745955940e+02
-4.880689445464165033e+02
-4.914511463196154182e+02
-4.931513425684617573e+02
-4.891061331302987583e+02
-4.927639690848095029e+02
-4.897075911816548910e+02
-4.937941182942358864e+02
-4.939421152382038827e+02
-4.920612275701842009e+02
-4.903195222142382477e+02
-4.910761807001682087e+02
-4.909540749090946292e+02
-4.916072516443328482e+02
-4.919581439770210523e+02
-4.923842176661858616e+02
-4.860415346642949430e+02
-4.930635680366301017e+02
-4.865967018929432015e+02
-4.905181001424919600e+02
-4.879989464747265515e+02
-4.921377311130826229e+02
-4.920260589195868874e+02
-4.838277917292659822e+02
-4.886596482043199785e+02
-4.917614895293841641e+02
-4.914327624073626453e+02
-4.897602625853791096e+02
-4.860389603523044002e+02
-4.880200765044381228e+02
-4.935635568482581448e+02
-4.899129957425060411e+02
-4.920148839067323934e+02
-4.885556707392825615e+02
-4.888831958655345034e+02
-4.916783997937559434e+02
-4.875661005198005000e+02
-4.927414314326207432e+02
-4.870039553315983198e+02
-4.937941182942358864e+02
-4.940678303820770907e+02
-4.914186753853126106e+02
-4.906143553346809085e+02
-4.905362347193200776e+02
-4.890190428803897476e+02
-4.900366388692231112e+02
-4.909849350781151429e+02
-4.866974010556171493e+02
-4.858333353930869407e+02
-4.918566038569065881e+02
-4.868513300681564715e+02
-4.897544318317148395e+02
-4.893074829859256738e+02
-4.874264500274121019e+02
-4.923222823274248867e+02
-4.939547970069325515e+02
-4.910732148811110847e+02
-4.856421299246919716e+02
-4.880915258027569621e+02
-4.921497144060051596e+02
-4.924682545704813492e+02
-4.870804844490668870e+02
-4.930814981648002231e+02
-4.893966104447218868e+02
-4.923535986948948562e+02
-4.886137107278059943e+02
-4.929052573679126112e+02
-4.916783997937559434e+02
-4.848824180270684110e+02
-4.928900829324974779e+02
-4.942627924515371660e+02
-4.931019777496187544e+02
-4.891799605989801307e+02
-4.882506447227906961e+02
-4.909077700540830165e+02
-4.854226181352797767e+02
-4.889031131930184415e+02
-4.922801051915794233e+02
-4.889887038070972949e+02
-4.933043488445062508e+02
-4.871542242950869763e+02
-4.871352347212373388e+02
-4.917698396525926228e+02
-4.917112378784555062e+02
-4.899367319906825742e+02
-4.810312971275633913e+02
-4.911169778196851894e+02
-4.906284516516263920e+02
-4.918177936342704015e+02
-4.886020564174195329e+02
-4.840187767877104079e+02
-4.935389611196522424e+02
-4.931147381148592785e+02
-4.870804844490668870e+02
-4.905478886717279465e+02
-4.903754790718987806e+02
-4.922922864777120822e+02
-4.923268623642930493e+02
-4.845669493034203015e+02
-4.925324130880827056e+02
-4.858197672253617725e+02
-4.938302185807200431e+02
-4.921658663589965386e+02
-4.938306614908127585e+02
-4.863603555665005160e+02
-4.918176816301013901e+02
-4.936297664617543433e+02
-4.929788852926431559e+02
-4.820376320042948919e+02
-4.932901808525446654e+02
-4.911878563131767237e+02
-4.940109509197316129e+02
-4.862128599792865202e+02
-4.914572837335203985e+02
-4.934590332237375492e+02
-4.890701781323331261e+02
-4.885755796619087619e+02
-4.890288847094558946e+02
-4.878680437244244104e+02
-4.935752040908902813e+02
-4.912504213775103494e+02
-4.932786768284089476e+02
-4.892233442849986886e+02
-4.927381656759775979e+02
-4.909855388538600209e+02
-4.933639755217967036e+02
-4.891947999252913633e+02
-4.936073881567163539e+02
-4.937458149212804983e+02
-4.909338253907287140e+02
-4.804686050804028810e+02
-4.925324130880827056e+02
-4.823711732200611664e+02
-4.925108879389389926e+02
-4.927712573843550103e+02
-4.927420928950417078e+02
-4.847600814392255870e+02
-4.918176816301013901e+02
-4.906784822572975031e+02
-4.893092250864579569e+02
-4.822905831853119025e+02
-4.912835932878851395e+02
-4.905314915565119804e+02
-4.937542158969090451e+02
-4.863529355277054265e+02
-4.811050797394962615e+02
-4.938440288227686210e+02
-4.931578857243479206e+02
-4.922471870871526107e+02
-4.860292336912719975e+02
-4.900307083491161393e+02
-4.922732534141433689e+02
-4.901829052305370169e+02
-4.941805055742728428e+02
-4.917370025809113940e+02
-4.929458900739458613e+02
-4.907250462077556676e+02
-4.891457888165853660e+02
-4.891264886991774006e+02
-4.932687375889821055e+02
-4.932073220783691454e+02
-4.941423248391702714e+02
-4.885647990401532184e+02
-4.925324130880827056e+02
-4.800258954300158507e+02
-4.932515955223422566e+02
-4.942746775816481204e+02
-4.922346454708546730e+02
-4.912232017238824824e+02
-4.928692304962452226e+02
-4.919601863145421135e+02
-4.925187402142968836e+02
-4.778215349565305701e+02
-4.928269868679750516e+02
-4.842238035356480168e+02
-4.940522472782411683e+02
-4.887945046110747853e+02
-4.906214118434396596e+02
-4.941220712278845326e+02
-4.912187373094269560e+02
-4.922226646980845430e+02
-4.891667010500946162e+02
-4.878209740977293905e+02
-4.895072375936298386e+02
-4.867278378267953940e+02
-4.909814975878450127e+02
-4.918954407969522435e+02
-4.932080152352681921e+02
-4.916275521475959067e+02
-4.854396996281685688e+02
-4.893681554973119319e+02
-4.935991615200801448e+02
-4.932927824869641427e+02
-4.913976338024909296e+02
-4.898870013647812698e+02
-4.916717777366591235e+02
-4.879314230626937388e+02
-4.933623586047833669e+02
-4.941816026208946369e+02
-4.905370511911172571e+02
-4.923944149079400177e+02
-4.938899312332379168e+02
-4.910082244649652239e+02
-4.862244141757108764e+02
-4.892433572671504862e+02
-4.923031834136444331e+02
-4.909518842636888962e+02
-4.944237450380508108e+02
-4.888635774799058709e+02
-4.872196808069509188e+02
-4.941484147067882873e+02
-4.932662932847196657e+02
-4.918679331336017526e+02
-4.873814961298850221e+02
-4.913333198125788499e+02
-4.925382515754700421e+02
-4.929107327040526911e+02
-4.905411996426587393e+02
-4.892659869242827995e+02
-4.871479760811680535e+02
-4.933632461089995900e+02
-4.870793393885341516e+02
-4.872281995633410929e+02
-4.923645369630946789e+02
-4.916921853015068677e+02
-4.915577164724638806e+02
-4.900129714871326883e+02
-4.915042479074973016e+02
-4.929115086006920023e+02
-4.848054277451461189e+02
-4.935583535616296444e+02
-4.886083962631222448e+02
-4.902552025685075705e+02
-4.923174449213354933e+02
-4.908219164939168309e+02
-4.867805215253476376e+02
-4.929193503181004985e+02
-4.891900057467209422e+02
-4.933636942091080755e+02
-4.937954499690515604e+02
-4.848484714723321645e+02
-4.885828515320616816e+02
-4.941384835282985364e+02
-4.937672116540282445e+02
-4.935424776488449652e+02
-4.828756072093510170e+02
-4.934889760651562369e+02
-4.879133178066236383e+02
-4.805547907287852354e+02
-4.884903085827353948e+02
-4.884743107548732155e+02
-4.856902478076838179e+02
-4.941493401377309738e+02
-4.901453382698205132e+02
-4.872371360838811256e+02
-4.927244895770299991e+02
-4.921229057881658946e+02
-4.937558073752796304e+02
-4.899612081685431235e+02
-4.915042479074973016e+02
-4.927247265423696376e+02
-4.871827117320845559e+02
-4.915527456858462187e+02
-4.911488616907457754e+02
-4.916083647094537241e+02
-4.877563803319763451e+02
-4.910378204825672697e+02
-4.872585254430747455e+02
-4.852504036191828050e+02
-4.897246676132125458e+02
-4.915303429168939715e+02
-4.916579975537644600e+02
-4.906307289498796536e+02
-4.811945260820514250e+02
-4.863326850248914184e+02
-4.924672996338476878e+02
-4.919825753446154408e+02
-4.831632888086054436e+02
-4.892671361226877025e+02
-4.888547696515385041e+02
-4.821227831147872394e+02
-4.863756336767551147e+02
-4.891651923851581500e+02
-4.852153567437305242e+02
-4.877400034511776425e+02
-4.904258851049565919e+02
-4.909641885791916138e+02
-4.875904912015426476e+02
-4.890057399762774821e+02
-4.939392018555925006e+02
-4.892949695704028272e+02
-4.919005810246679857e+02
-4.927894354446166858e+02
-4.929950567099410250e+02
-4.938208078333021263e+02
-4.911719299117091850e+02
-4.938075861400165536e+02
-4.921466153722399213e+02
-4.931813749759436973e+02
-4.894803522807559375e+02
-4.906446591366061512e+02
-4.888762826725826471e+02
-4.913213808206402859e+02
-4.847196437998553051e+02
-4.934115541455469724e+02
-4.897394834609626741e+02
-4.939480828420416856e+02
-4.932956103043035796e+02
-4.919825753446154408e+02
-4.859462587015849522e+02
-4.821762859454132695e+02
-4.927789765931877355e+02
-4.853270893718270713e+02
-4.934127983186427855e+02
-4.891651923851581500e+02
-4.900225010012188136e+02
-4.912477132081046420e+02
-4.915730632752533893e+02
-4.918286586571840076e+02
-4.923113222369441360e+02
-4.835937942261264766e+02
-4.935177096188326686e+02
-4.924642605768610792e+02
-4.921676242599660327e+02
-4.824667974638163628e+02
-4.912944433536917472e+02
-4.932778390651418476e+02
-4.914130599582427976e+02
-4.938075861400165536e+02
-4.908108040274871655e+02
-4.889896020287929446e+02
-4.884830725161156124e+02
-4.925878439463676841e+02
-4.918482791869772086e+02
-4.907739861248306283e+02
-4.885440629585662577e+02
-4.855327716042283441e+02
-4.892821664514173108e+02
-4.927392340955466921e+02
-4.927034474568003475e+02
-4.920912160389007113e+02
-4.837762058539473173e+02
-4.819603772899308183e+02
-4.885081054863575787e+02
-4.940191543163622896e+02
-4.901646945003400901e+02
-4.898726207357929638e+02
-4.873075338136585515e+02
-4.912477132081046420e+02
-4.933448495235325026e+02
-4.918286586571840076e+02
-4.850779409619019589e+02
-4.908454950919428939e+02
-4.891865488243414575e+02
-4.924537956361517672e+02
-4.881802321381398997e+02
-4.824667974638163628e+02
-4.899651398800046991e+02
-4.888957433519314577e+02
-4.914130599582427976e+02
-4.934525641624568379e+02
-4.908108040274871655e+02
-4.922886090617522541e+02
-4.902841541281439390e+02
-4.879674300645069138e+02
-4.915006416005765573e+02
-4.910464259439883676e+02
-4.858681373542668780e+02
-4.841367657171600172e+02
-4.923021823952958016e+02
-4.931984994819210897e+02
-4.884785896352522059e+02
-4.885807664664288836e+02
-4.832370876505335673e+02
-4.876350863231775179e+02
-4.888000227683414209e+02
-4.909158718420252967e+02
-4.896348829723927452e+02
-4.884025063689595072e+02
-4.871417077731140353e+02
-4.888997501621614674e+02
-4.908317416637524389e+02
-4.916003623807074518e+02
-4.827656162394065404e+02
-4.911052061600176444e+02
-4.903106226878191478e+02
-4.918819016102009414e+02
-4.885561347695369818e+02
-4.910916142110331180e+02
-4.897841731679486088e+02
-4.914043074162817675e+02
-4.911960530536790657e+02
-4.919412249283781193e+02
-4.921142839915746663e+02
-4.896370634886585549e+02
-4.860623225876139486e+02
-4.842123750972543803e+02
-4.920342391637901187e+02
-4.923456965174909215e+02
-4.908796989156876407e+02
-4.893308546432598405e+02
-4.903700885100914775e+02
-4.924471703860176035e+02
-4.840032879879163374e+02
-4.908897252113500826e+02
-4.805190659013117056e+02
-4.901786314305451810e+02
-4.888000227683414209e+02
-4.845973160516239204e+02
-4.896348829723927452e+02
-4.935085179662922883e+02
-4.890121102281247545e+02
-4.905087498230610663e+02
-4.829785902263016624e+02
-4.939042909187864439e+02
-4.844552718705720054e+02
-4.862769484907728952e+02
-4.929337518104750870e+02
-4.905380958681568018e+02
-4.908213536027815849e+02
-4.820818738219199986e+02
-4.900503999305043408e+02
-4.896478187137985287e+02
-4.889723391511960244e+02
-4.919412249283781193e+02
-4.920402324236268328e+02
-4.859121614308239714e+02
-4.874764083551638691e+02
-4.856137950736914490e+02
-4.906662402703942121e+02
-4.922443626487264510e+02
-4.908796989156876407e+02
-4.903514741019778853e+02
-4.938323736208321861e+02
-4.940437155884217191e+02
-4.876323871114930739e+02
-4.913506916888500200e+02
-4.825848872691005909e+02
-4.851993467730284237e+02
-4.888000227683414209e+02
-4.860990371371159995e+02
-4.907400042334518275e+02
-4.916649796217300263e+02
-4.880979985249591095e+02
-4.890897230261180653e+02
-4.886125092225885851e+02
-4.942727537826000912e+02
-4.926439980247014887e+02
-4.860910093897477964e+02
-4.926519326115536046e+02
-4.898640811118415854e+02
-4.912808947211578925e+02
-4.898469569207475729e+02
-4.867425244793433308e+02
-4.910444374802626157e+02
-4.908074027338754490e+02
-4.903578207509741560e+02
-4.893888010341931931e+02
-4.932389148116934052e+02
-4.885664841658048658e+02
-4.905373799777037220e+02
-4.888873570088128986e+02
-4.910755450297822335e+02
-4.903882104990997846e+02
-4.905809664371776080e+02
-4.938323736208321861e+02
-4.939737271149317621e+02
-4.893789568042504357e+02
-4.880644370268718717e+02
-4.775181851879944475e+02
-4.874091780125053788e+02
-4.883484372085995346e+02
-4.840406087179546830e+02
-4.917893129050213474e+02
-4.893084846785031345e+02
-4.921377671677362855e+02
-4.890897230261180653e+02
-4.891693810666096169e+02
-4.934136694420452045e+02
-4.926439980247014887e+02
-4.792543929005776135e+02
-4.926915304384174874e+02
-4.898640811118415854e+02
-4.853000565063851468e+02
-4.854039440378015797e+02
-4.886100022208569840e+02
-4.924054952180056262e+02
-4.909367979115655771e+02
-4.925575954510442216e+02
-4.934490775230354984e+02
-4.938065598189525076e+02
-4.869639217568025629e+02
-4.882472905778959671e+02
-4.932377322132016388e+02
-4.907302109745346002e+02
-4.903366737248151139e+02
-4.919293322189654418e+02
-4.923489153837476806e+02
-4.940079358584104057e+02
-4.848520266805476808e+02
-4.928614697810299390e+02
-4.851155457642418014e+02
-4.847253935243378464e+02
-4.897338711986297994e+02
-4.926539794495122351e+02
-4.902770560470115129e+02
-4.927005354137983204e+02
-4.920715301848414924e+02
-4.924395311411138323e+02
-4.903141915155663355e+02
-4.935105413018605987e+02
-4.906781027373144184e+02
-4.921757955308606824e+02
-4.872515147556973147e+02
-4.915640794333742747e+02
-4.847136304815420544e+02
-4.882306886295114623e+02
-4.886100022208569840e+02
-4.897746510112327769e+02
-4.909367979115655771e+02
-4.887974123504980639e+02
-4.926945465573077740e+02
-4.883539773106100483e+02
-4.916351833325118719e+02
-4.846545032356705747e+02
-4.926971324419571943e+02
-4.907302109745346002e+02
-4.903366737248151139e+02
-4.918739532503489613e+02
-4.925403803327640162e+02
-4.936583956084816691e+02
-4.883407022506802946e+02
-4.818306140027705169e+02
-4.808240383180310573e+02
-4.847253935243378464e+02
-4.911674282989579865e+02
-4.917306894236778589e+02
-4.897188838207792401e+02
-4.907596300270898837e+02
-4.921741702473869964e+02
-4.924395311411138323e+02
-4.916131159348032611e+02
-4.912503211999017481e+02
-4.936643800821241825e+02
-4.901639183620524136e+02
-4.874621064547336005e+02
-4.915387049490238951e+02
-4.938359690782877465e+02
-4.891587398984507331e+02
-4.907557611212906181e+02
-4.887255161375039734e+02
-4.904858652845223901e+02
-4.918153033994851739e+02
-4.926945465573077740e+02
-4.915356633352341760e+02
-4.915122644050119902e+02
-4.843374540795061307e+02
-4.889760773807427086e+02
-4.905311296127451897e+02
-4.904504478669506966e+02
-4.920318949942077893e+02
-4.838307266890179790e+02
-4.886365296991522200e+02
-4.907836287424155444e+02
-4.884367843623583099e+02
-4.817538258282133938e+02
-4.916943896822863280e+02
-4.907039055198063124e+02
-4.880160877602575056e+02
-4.923762858379668614e+02
-4.907189505440425705e+02
-4.919188990521939786e+02
-4.912215948352481405e+02
-4.856223340367164951e+02
-4.909936074524917444e+02
-4.907116625802617023e+02
-4.921487281084577035e+02
-4.898962833746072647e+02
-4.877510306826512192e+02
-4.929657398617651438e+02
-4.868713847742420171e+02
-4.905016903408406961e+02
-4.932481087304694256e+02
-4.890557251169626056e+02
-4.918153033994851739e+02
-4.907886849617323151e+02
-4.910631217918208904e+02
-4.865804247456239864e+02
-4.905015822556137550e+02
-4.864235906732520220e+02
-4.936408474104988500e+02
-4.929381401672533229e+02
-4.877083678135634841e+02
-4.887188521474175218e+02
-4.871651532238821574e+02
-4.908998698763921880e+02
-4.881001599021047923e+02
-4.779392070333160518e+02
-4.924600868029957041e+02
-4.910973795825670436e+02
-4.808524881107661599e+02
-4.891808101571060661e+02
-4.930068561545253374e+02
-4.898049408667023386e+02
-4.891534355476788392e+02
-4.859026038586712275e+02
-4.909105306514477434e+02
-4.931979155421930727e+02
-4.932048282041548077e+02
-4.915129656407182210e+02
-4.906123642354938852e+02
-4.927950169788650783e+02
-4.900675943298249422e+02
-4.859900262198638643e+02
-4.922394565107590552e+02
-4.929851305712572298e+02
-4.918153033994851739e+02
-4.911391788293967124e+02
-4.908353599021468767e+02
-4.901815794653296052e+02
-4.905015822556137550e+02
-4.911548194214570344e+02
-4.902663813859751372e+02
-4.911421470726714347e+02
-4.880619346852448075e+02
-4.905106252738123658e+02
-4.933494884670286069e+02
-4.944704114136848716e+02
-4.908134234830538389e+02
-4.779392070333160518e+02
-4.922386056523149591e+02
-4.913803414197990378e+02
-4.917836666024859369e+02
-4.890084620380877141e+02
-4.930068561545253374e+02
-4.891278294729962681e+02
-4.884771413592938529e+02
-4.890333128168470580e+02
-4.933520786270192957e+02
-4.900863244912092114e+02
-4.886731779081977720e+02
-4.915129656407182210e+02
-4.906123642354938852e+02
-4.912880173331958531e+02
-4.928131817795609209e+02
-4.840657657354958587e+02
-4.925914065209943828e+02
-4.880153808236743771e+02
-4.918153033994851739e+02
-4.924540498645557705e+02
-4.908353599021468767e+02
-4.902579174116826266e+02
-4.924935134282262084e+02
-4.841927612131364072e+02
-4.923127969881397803e+02
-4.917406379291164171e+02
-4.922202388957758785e+02
-4.905272253857994542e+02
-4.933494884670286069e+02
-4.909948569237313336e+02
-4.812221102791046974e+02
-4.851442031839238780e+02
-4.932507366440748342e+02
-4.916955105224387239e+02
-4.887302899302899277e+02
-4.890084620380877141e+02
-4.885339460390977138e+02
-4.837281503744914062e+02
-4.913159626189036544e+02
-4.868892367070732803e+02
-4.865382946980842007e+02
-4.904644572082430045e+02
-4.886006691288194475e+02
-4.909699636105906393e+02
-4.904837569197217135e+02
-4.874402821765479530e+02
-4.943152386792879724e+02
-4.905915441054576149e+02
-4.925914065209943828e+02
-4.915310514834525293e+02
-4.915947211884775925e+02
-4.917196427970704917e+02
-4.902795121463437908e+02
-4.912709499127822141e+02
-4.905770958394918466e+02
-4.866113514875637520e+02
-4.903536513407644293e+02
-4.917406379291164171e+02
-4.900357348362503558e+02
-4.874751786326280580e+02
-4.911527390641535931e+02
-4.915382471209883306e+02
-4.812221102791046974e+02
-4.851155251016785428e+02
-4.929034063742910803e+02
-4.916955105224387239e+02
-4.933856257215805385e+02
-4.908713605551603223e+02
-4.926336174316487586e+02
-4.877877868988541650e+02
-4.889616661995873983e+02
-4.849614559165982541e+02
-4.923044186547274990e+02
-4.900273151530061568e+02
-4.839098876271597760e+02
-4.909699636105906393e+02
-4.901158594155545529e+02
-4.867587230083125860e+02
-4.926265278756258681e+02
-4.896443629747213322e+02
-4.923661256626735963e+02
-4.904726892593636194e+02
-4.902030736231280343e+02
-4.889925029522333944e+02
-4.940320337829585924e+02
-4.944503225030907174e+02
-4.905770958394918466e+02
-4.862115639961946840e+02
-4.928036065031558337e+02
-4.904103880657569334e+02
-4.914349175546859669e+02
-4.909854745196682870e+02
-4.911527390641535931e+02
-4.898118961155552142e+02
-4.883994801412201241e+02
-4.873894855339570995e+02
-4.888559704373254249e+02
-4.918153619205776295e+02
-4.906561314417858171e+02
-4.896372014800451211e+02
-4.840745476098184668e+02
-4.895209263336297454e+02
-4.920735236600600615e+02
-4.907143212433545045e+02
-4.917315595253088532e+02
-4.912029627546206711e+02
-4.831731553330440647e+02
-4.896819416870879422e+02
-4.884537787927907289e+02
-4.900880507342051260e+02
-4.926265278756258681e+02
-4.905481067554378569e+02
-4.923661256626735963e+02
-4.902646042974644729e+02
-4.906570941544036941e+02
-4.893699330925518893e+02
-4.919760994958127185e+02
-4.942392380101846356e+02
-4.900323618720398713e+02
-4.862249903707910335e+02
-4.932656992443893955e+02
-4.910549284435280128e+02
-4.900373063004643086e+02
-4.870504312182185913e+02
-4.911527390641535931e+02
-4.879474576281674558e+02
-4.887684926364872240e+02
-4.835478635598975075e+02
-4.888559704373254249e+02
-4.925647619179592311e+02
-4.906561314417858171e+02
-4.913863524571330004e+02
-4.840745476098184668e+02
-4.868077668527649280e+02
-4.846112447112165000e+02
-4.906787017128220896e+02
-4.895729050022476372e+02
-4.851625428864051059e+02
-4.872776294728762991e+02
-4.910701082813043286e+02
-4.860491446971909681e+02
-4.906568197016836166e+02
-4.901116268868215684e+02
-4.907180110120644940e+02
-4.945364548107057772e+02
-4.931729515531807237e+02
-4.908553998663747961e+02
-4.911298160876688144e+02
-4.917399048708489318e+02
-4.942412705552097236e+02
-4.900323618720398713e+02
-4.862249903707910335e+02
-4.912267759201044441e+02
-4.886450048528752177e+02
-4.904542788967080469e+02
-4.904938013577594234e+02
-4.924108174816624341e+02
-4.897883172228009130e+02
-4.856278630106351102e+02
-4.854243380260470531e+02
-4.888559704373254249e+02
-4.923152433790291411e+02
-4.906561314417858171e+02
-4.913526104160854970e+02
-4.840306516971520523e+02
-4.868077668527649280e+02
-4.897821491011958983e+02
-4.935488620128592743e+02
-4.898245468560157292e+02
-4.853200594939092980e+02
-4.852536495777025038e+02
-4.924668978720442851e+02
-4.891720020541555982e+02
-4.875532651548342074e+02
-4.937325763317491578e+02
-4.860308878503140022e+02
-4.944112270975265915e+02
-4.908282322852298876e+02
-4.908469505826662385e+02
-4.906743978630095171e+02
-4.916966592805468395e+02
-4.900220430955347410e+02
-4.910787040664754954e+02
-4.896289405011756912e+02
-4.884437054376134597e+02
-4.925344461618474270e+02
-4.924375949894903783e+02
-4.887988712546417105e+02
-4.921312452406353941e+02
-4.910177241674466586e+02
-4.889928961293311431e+02
-4.878562220253344321e+02
-4.844989855866131734e+02
-4.922806215641109588e+02
-4.868942789082818763e+02
-4.917193168993206882e+02
-4.896705281140946795e+02
-4.848574773308106387e+02
-4.892355958549633215e+02
-4.940581138764878801e+02
-4.910195535426807965e+02
-4.906653683705646927e+02
-4.880743970687541946e+02
-4.904088384373434337e+02
-4.887064003427587977e+02
-4.911408602869069568e+02
-4.933670616673707059e+02
-4.847300332900861690e+02
-4.910276261888081422e+02
-4.922283524408735502e+02
-4.912482770157576510e+02
-4.897868893899899945e+02
-4.916966592805468395e+02
-4.894088873340323289e+02
-4.911788528758535790e+02
-4.896997968690571383e+02
-4.910232852058524031e+02
-4.922260087261819308e+02
-4.924375949894903783e+02
-4.887988712546417105e+02
-4.928889154459856172e+02
-4.925192801783603613e+02
-4.874184736371349800e+02
-4.892429781892320193e+02
-4.890955281593009545e+02
-4.922806215641109588e+02
-4.936900413880118776e+02
-4.907123077182667998e+02
-4.893237865050535902e+02
-4.910001870164654747e+02
-4.831878304854005250e+02
-4.856426298142935138e+02
-4.886183236860292709e+02
-4.911919521038967673e+02
-4.825903238078656727e+02
-4.904088384373434337e+02
-4.887064003427587977e+02
-4.814764392765726484e+02
-4.883398129186542178e+02
-4.818317644906455257e+02
-4.932942550114210007e+02
-4.925189431792658752e+02
-4.912245835773699696e+02
-4.920251756303953243e+02
-4.916966592805468395e+02
-4.940714907042532786e+02
-4.819055397563848828e+02
-4.896997968690571383e+02
-4.938987642607683597e+02
-4.938923650872093276e+02
-4.921517391335678440e+02
-4.906891417233735524e+02
-4.898204336692399465e+02
-4.924999650022440392e+02
-4.874184736371349800e+02
-4.893823291655764933e+02
-4.891603977538795789e+02
-4.909716710473592229e+02
-4.916193244497536057e+02
-4.934238675025088128e+02
-4.900160576597951376e+02
-4.906118713923821133e+02
-4.893435552294501463e+02
-4.914216172620574525e+02
-4.886183236860292709e+02
-4.885484012691949260e+02
-4.918989101376286612e+02
-4.921434861081457939e+02
-4.887064003427587977e+02
-4.873986222119402214e+02
-4.883398129186542178e+02
-4.898839569890429289e+02
-4.905616210211400698e+02
-4.921295646367622112e+02
-4.913527767964719715e+02
-4.878787947859713086e+02
-4.935458058033644875e+02
-4.909500846401058425e+02
-4.927020714998307085e+02
-4.892856641344828859e+02
-4.922964624900812396e+02
-4.915319054040430160e+02
-4.880829588799585963e+02
-4.877986311240373425e+02
-4.925634988051061214e+02
-4.924999650022440392e+02
-4.898318865092712144e+02
-4.893610243086149580e+02
-4.910966352575928227e+02
-4.909716710473592229e+02
-4.932554474180172406e+02
-4.908363578464724810e+02
-4.878000373030170067e+02
-4.884764497653916351e+02
-4.861133887321387306e+02
-4.914216172620574525e+02
-4.911815992813887988e+02
-4.825546436645481094e+02
-4.918989101376286612e+02
-4.903210128317119825e+02
-4.874323715907638643e+02
-4.860068136720204279e+02
-4.908855618464339727e+02
-4.898839569890429289e+02
-4.864626688040533509e+02
-4.923309405504510892e+02
-4.893236284872735382e+02
-4.878787947859713086e+02
-4.935877880851133455e+02
-4.909962162336086067e+02
-4.922706075872001179e+02
-4.894477531250299762e+02
-4.933197371314871589e+02
-4.915319054040430160e+02
-4.922610576917963385e+02
-4.852036835217217572e+02
-4.905013394199017398e+02
-4.871881712227761909e+02
-4.889542837631816496e+02
-4.884483016747461761e+02
-4.884242689077846649e+02
-4.926539338832591284e+02
-4.931006816467966587e+02
-4.904312421800642028e+02
-4.926286663955490894e+02
-4.884446351767730903e+02
-4.868204237320976517e+02
-4.912881769574565851e+02
-4.871797457961616828e+02
-4.916770554763845098e+02
-4.902118809440877953e+02
-4.905965739616124210e+02
-4.902039274424032556e+02
-4.844975385368766752e+02
-4.881875869234234528e+02
-4.894375522734517290e+02
-4.773137049502179821e+02
-4.922454868180110452e+02
-4.893236284872735382e+02
-4.892540761510106790e+02
-4.929601631507853199e+02
-4.909962162336086067e+02
-4.875450298161972569e+02
-4.903134459363710675e+02
-4.926382354340047982e+02
-4.929938451790968656e+02
-4.932162747410344537e+02
-4.873545837760614177e+02
-4.905592564587798279e+02
-4.882788928462441618e+02
-4.920835767365231845e+02
-4.884483016747461761e+02
-4.871902479787098628e+02
-4.913870835829246175e+02
-4.923721373585735250e+02
-4.906436137320211515e+02
-4.926286663955490894e+02
-4.936274876635305873e+02
-4.855942142123828944e+02
-4.932950141066874039e+02
-4.880143968099585550e+02
-4.862710705816884911e+02
-4.887969236500744046e+02
-4.903560229244803281e+02
-4.916017495330618772e+02
-4.867131046816646744e+02
-4.908473008286393906e+02
-4.911563300279536293e+02
-4.829929480699515238e+02
-4.909540464141952611e+02
-4.916276230850133402e+02
-4.891674786127760512e+02
-4.929601631507853199e+02
-4.903125872711328839e+02
-4.900479630431730698e+02
-4.903134459363710675e+02
-4.910688636776062026e+02
-4.917711595557379951e+02
-4.906082969648360859e+02
-4.928818108918445660e+02
-4.921088857440492461e+02
-4.876472470885163375e+02
-4.932779875726474756e+02
-4.902474432965942128e+02
-4.903449933755167649e+02
-4.917795011072077500e+02
-4.927691811320324859e+02
-4.903755484330077934e+02
-4.926405439457518582e+02
-4.894963726999646383e+02
-4.890710366988756164e+02
-4.930976068771593077e+02
-4.880143968099585550e+02
-4.892971200825185178e+02
-4.881221944045918235e+02
-4.862017119864592587e+02
-4.912571969841708892e+02
-4.909657456533811342e+02
-4.896543635330393727e+02
-4.906383652502079258e+02
-4.869962488137090304e+02
-4.909086002380130367e+02
-4.916276230850133402e+02
-4.922579417285558634e+02
-4.934362054561777882e+02
-4.895258992946547210e+02
-4.895296050654076794e+02
-4.882733883323953137e+02
-4.907885082248660638e+02
-4.915439931716331330e+02
-4.920577342774878389e+02
-4.920532033535129131e+02
-4.921088857440492461e+02
-4.908268625865292165e+02
-4.871789752124151960e+02
-4.878793201308932908e+02
-4.903449933755167649e+02
-4.902636536149050812e+02
-4.927674988617540066e+02
-4.903755484330077934e+02
-4.917859318775434758e+02
-4.892370477583174306e+02
-4.888993159268915747e+02
-4.933634293405433482e+02
-4.861393087699776743e+02
-4.876190522657888664e+02
-4.881221944045918235e+02
-4.881840601031337883e+02
-4.904877098093657537e+02
-4.865378339981156159e+02
-4.911441460593445640e+02
-4.913602540275708748e+02
-4.915190069474541019e+02
-4.938217114543124922e+02
-4.922096439868377047e+02
-4.912488305337740258e+02
-4.934362054561777882e+02
-4.933278390260779815e+02
-4.895296050654076794e+02
-4.882733883323953137e+02
-4.912437639856680107e+02
-4.887561228113951870e+02
-4.932068938322443614e+02
-4.850613446187824707e+02
-4.922021689581434885e+02
-4.917101633565480938e+02
-4.932952159283437936e+02
-4.878793201308932908e+02
-4.887407834638522104e+02
-4.888072012189555835e+02
-4.890752106456118895e+02
-4.898472802935770574e+02
-4.917859318775434758e+02
-4.915613996712690437e+02
-4.840061131112707926e+02
-4.933634293405433482e+02
-4.858314673301073867e+02
-4.886107597782584548e+02
-4.920029491419726355e+02
-4.882815003344518914e+02
-4.904877098093657537e+02
-4.872544830868059762e+02
-4.930550428151213964e+02
-4.913602540275708748e+02
-4.900399383998005192e+02
-4.896620762498630484e+02
-4.930709984159830128e+02
-4.889590530332388312e+02
-4.924035551271074382e+02
-4.891385684716167361e+02
-4.920865096727915784e+02
-4.899596988207836716e+02
-4.883611040325263275e+02
-4.889346369150252940e+02
-4.919006448046189348e+02
-4.928419367350542757e+02
-4.910835060097691667e+02
-4.934201122712406686e+02
-4.902235690204908565e+02
-4.911790519839789226e+02
-4.836659484580006847e+02
-4.914414747328092403e+02
-4.915893326045894582e+02
-4.892910442517653564e+02
-4.850934071615936318e+02
-4.857654495147520493e+02
-4.840061131112707926e+02
-4.930877868223328733e+02
-4.856146159889787555e+02
-4.884780080564655691e+02
-4.932654517598253960e+02
-4.905612969411906192e+02
-4.919663065733750500e+02
-4.860065720781356617e+02
-4.915995081453094713e+02
-4.875606767570718603e+02
-4.937416402046814596e+02
-4.841617749035050338e+02
-4.936932434999125121e+02
-4.918826912198405807e+02
-4.899685065832419468e+02
-4.904657135940342414e+02
-4.930235503053779098e+02
-4.899596988207836716e+02
-4.913630776814032970e+02
-4.896735425895261642e+02
-4.896546884053266240e+02
-4.914817488863711219e+02
-4.928299875038292157e+02
-4.934479146662012568e+02
-4.867654521611821679e+02
-4.911101147128832736e+02
-4.870292313980836525e+02
-4.911184097694652451e+02
-4.925437986937703272e+02
-4.900971748509803092e+02
-4.862371931607962665e+02
-4.933077807771240941e+02
-4.849737206839667465e+02
-4.930877868223328733e+02
-4.874424714061922828e+02
-4.909082378806280076e+02
-4.920149533263070225e+02
-4.862754900221326579e+02
-4.924598369779977816e+02
-4.846176719345633614e+02
-4.923050906718353872e+02
-4.875606767570718603e+02
-4.932740438876534199e+02
-4.937677508333181322e+02
-4.933197666572241928e+02
-4.811298671691735649e+02
-4.900142299848545235e+02
-4.904657135940342414e+02
-4.912186643265866905e+02
-4.881150528466951641e+02
-4.924852648835771447e+02
-4.884966514837724958e+02
-4.887487815056365434e+02
-4.907858424985655574e+02
-4.868300811425905295e+02
-4.894299639213293176e+02
-4.855818689921036935e+02
-4.905954997999012903e+02
-4.854917154628208209e+02
-4.888326393105098191e+02
-4.855928243367206960e+02
-4.920086947215560258e+02
-4.894764274343144166e+02
-4.933920244755136082e+02
-4.849737206839667465e+02
-4.933866936299939994e+02
-4.896626008489128026e+02
-4.926146890587618259e+02
-4.904896367154516952e+02
-4.913698863854213528e+02
-4.932122826554172548e+02
-4.850632073080862483e+02
-4.917379177340178558e+02
-4.905260658472456043e+02
-4.935142780356017624e+02
-4.900357179574229463e+02
-4.933216069890199833e+02
-4.905048002579005697e+02
-4.902487884801113864e+02
-4.941044998203787486e+02
-4.927185371488499186e+02
-4.907867585575195335e+02
-4.922100576799440432e+02
-4.906765880734756138e+02
-4.861929797667635285e+02
-4.907858424985655574e+02
-4.855853560202029371e+02
-4.898616672041057427e+02
-4.899336987880665220e+02
-4.860214071027314162e+02
-4.908027101959897891e+02
-4.934695653341429988e+02
-4.824692076673367183e+02
-4.897131150234873758e+02
-4.894764274343144166e+02
-4.913485161179174838e+02
-4.846519309712383006e+02
-4.923255246939248764e+02
-4.896992709088123661e+02
-4.899401373777139383e+02
-4.939910755333150405e+02
-4.918156658948676636e+02
-4.932562171129189323e+02
-4.850632073080862483e+02
-4.901382834944718638e+02
-4.895239902475551617e+02
-4.907113965199093286e+02
-4.922751431393250527e+02
-4.930010587542456619e+02
-4.918629725960248038e+02
-4.903865532349707905e+02
-4.896115761119974650e+02
-4.926950120648379539e+02
-4.907867585575195335e+02
-4.925052073907494332e+02
-4.906765880734756138e+02
-4.890557285295264478e+02
-4.913556411150838699e+02
-4.855853560202029371e+02
-4.906718655174586843e+02
-4.894877601264010423e+02
-4.922728747136635548e+02
-4.842894862601173713e+02
-4.910898167244087062e+02
-4.924612408365480292e+02
-4.872763854470493925e+02
-4.875480351330696180e+02
-4.916344957483989901e+02
-4.898885043649352156e+02
-4.874661609176683896e+02
-4.897904629895799644e+02
-4.899401373777139383e+02
-4.940601557134027644e+02
-4.900521629378106354e+02
-4.930658091419400080e+02
-4.810373318723502507e+02
-4.931461630810183578e+02
-4.891166093132387687e+02
-4.937957347652546218e+02
-4.878357228510945447e+02
-4.930010587542456619e+02
-4.912399216641638873e+02
-4.928788850766417227e+02
-4.938021323414399149e+02
-4.868993716705805355e+02
-4.905096459388906283e+02
-4.913716122772141830e+02
-4.899119406885254193e+02
-4.861398131554442443e+02
-4.938230135653162165e+02
-4.801944851303273367e+02
-4.898116402895253714e+02
-4.838167069394446003e+02
-4.921694584552965921e+02
-4.899324022955085525e+02
-4.935010386205376562e+02
-4.932839286616156755e+02
-4.880214003429381364e+02
-4.875480351330696180e+02
-4.916445177333461061e+02
-4.834614498767548412e+02
-4.859867327887080819e+02
-4.897904629895799644e+02
-4.899595772235807658e+02
-4.938621403315302132e+02
-4.918461923845547403e+02
-4.928703620179563245e+02
-4.860487593066546310e+02
-4.880497119523354286e+02
-4.929933013261799601e+02
-4.936624257174937043e+02
-4.885407402418049401e+02
-4.928221938579339394e+02
-4.918080001775363144e+02
-4.928870672395426027e+02
-4.874602050037143499e+02
-4.923581991124267461e+02
-4.901152938836111730e+02
-4.891472528847709214e+02
-4.894579749906369557e+02
-4.850729976171418798e+02
-4.925707110133201354e+02
-4.840208733217627355e+02
-4.890887171315119986e+02
-4.911207921142976716e+02
-4.921694584552965921e+02
-4.872680454618790691e+02
-4.891773483724765015e+02
-4.926479082337268096e+02
-4.916829307273479799e+02
-4.938141167524713069e+02
-4.894602032320523222e+02
-4.844121464737668248e+02
-4.856831907544273577e+02
-4.834275246694143675e+02
-4.916045732423283425e+02
-4.900748600780664788e+02
-4.868477007578939038e+02
-4.939046448674487237e+02
-4.851134355669411207e+02
-4.927211715856519163e+02
-4.924846707717338177e+02
-4.922624502592796034e+02
-4.920963631332186310e+02
-4.930293211567690150e+02
-4.937760357135122149e+02
-4.928870672395426027e+02
-4.905874326079331809e+02
-4.903441801737829451e+02
-4.898208960523013502e+02
-4.928468928969981562e+02
-4.894579749906369557e+02
-4.886070260081262404e+02
-4.933086230918211754e+02
-4.885304572577137492e+02
-4.925667058364205673e+02
-4.888272348564772187e+02
-4.921694584552965921e+02
-4.855152911580543105e+02
-4.902807592539433017e+02
-4.904175849870317165e+02
-4.901749132364684556e+02
-4.938141167524713069e+02
-4.831803950293109438e+02
-4.814394276262412973e+02
-4.878692136246126552e+02
-4.856346653274082428e+02
-4.914540033666457362e+02
-4.939061414625793418e+02
-4.938704101635179313e+02
-4.943408623472555519e+02
-4.838694091984882562e+02
-4.919568339986565206e+02
-4.894425922957197486e+02
-4.899282708613216073e+02
-4.920963631332186310e+02
-4.922523681110772600e+02
-4.905203423863164289e+02
-4.928894434013217847e+02
-4.868145500354106616e+02
-4.857333947092391782e+02
-4.891780002924418795e+02
-4.928468928969981562e+02
-4.934332904479660442e+02
-4.876659588713731068e+02
-4.934766250798364808e+02
-4.921432628191926710e+02
-4.926744521110379083e+02
-4.935619468892492705e+02
-4.939143374968717808e+02
-4.922436494062467887e+02
-4.902807592539433017e+02
-4.875638365386147939e+02
-4.883833056279273137e+02
-4.938141167524713069e+02
-4.926697352590217633e+02
-4.834667603010963148e+02
-4.923232739737437669e+02
-4.840190497190014298e+02
-4.869455196872428928e+02
-4.923603760088043373e+02
-4.916151843691081922e+02
-4.883970910485947456e+02
-4.788841688101233558e+02
-4.867006996951262749e+02
-4.812359972272249706e+02
-4.903008051456591829e+02
-4.919709917759445830e+02
-4.922523681110772600e+02
-4.887364793942564347e+02
-4.923776610895278054e+02
-4.913310042272463534e+02
-4.839394352872363356e+02
-4.880850773979038877e+02
-4.912601804595759631e+02
-4.909066374913190884e+02
-4.884541273907616983e+02
-4.932298451509507800e+02
-4.912941617889105714e+02
-4.893352410014430234e+02
-4.933903186087037511e+02
-4.934447610626182268e+02
-4.900394446351363058e+02
-4.907015465037542299e+02
-4.848924539715528113e+02
-4.913246425258806198e+02
-4.900936674174123482e+02
-4.931613884123862590e+02
-4.931268999470477183e+02
-4.875211639080054624e+02
-4.814034174624322873e+02
-4.878710743772290925e+02
-4.883192646139089561e+02
-4.935236644921197353e+02
-4.905375838700235818e+02
-4.807034668440797986e+02
-4.868454476140101974e+02
-4.933713426345348125e+02
-4.906270666640718900e+02
-4.911095403665835306e+02
-4.930857784283377327e+02
-4.887364793942564347e+02
-4.923776610895278054e+02
-4.904450844794355362e+02
-4.902081534723600953e+02
-4.904931493359598562e+02
-4.890878002766709187e+02
-4.839069975668041934e+02
-4.871199099398342582e+02
-4.934945175261264012e+02
-4.886290316542293795e+02
-4.899654517401302201e+02
-4.905416620963516152e+02
-4.847751491665568437e+02
-4.909752488116033078e+02
-4.919468566661378759e+02
-4.905691924030704740e+02
-4.876867377227022189e+02
-4.915143974446441462e+02
-4.939765981537105972e+02
-4.928321903381717561e+02
-4.886325876351603483e+02
-4.816241734033065427e+02
-4.897199133222054002e+02
-4.831692613554027389e+02
-4.901742329850044371e+02
-4.939968927635830482e+02
-4.741522450489499647e+02
-4.916598443912703260e+02
-4.899305914923245382e+02
-4.922724644592215668e+02
-4.888014142520810879e+02
-4.936580075506660705e+02
-4.906546626077423525e+02
-4.920629226609898410e+02
-4.883411593316959056e+02
-4.902081534723600953e+02
-4.917682125384313849e+02
-4.914362016361418455e+02
-4.908709021093349634e+02
-4.879402630732491275e+02
-4.934945175261264012e+02
-4.886290316542293795e+02
-4.896138782798780085e+02
-4.926931815976117264e+02
-4.903060477021764996e+02
-4.901505771110153660e+02
-4.902804015795917394e+02
-4.919881901103158270e+02
-4.909790247141967257e+02
-4.915143974446441462e+02
-4.940520993336249944e+02
-4.884940556352214571e+02
-4.885375698537938547e+02
-4.874664894395186820e+02
-4.897199133222054002e+02
-4.831692613554027389e+02
-4.928938316569002041e+02
-4.928730395105019966e+02
-4.784031144068905519e+02
-4.936311122939096094e+02
-4.901704177051638567e+02
-4.939288798543086614e+02
-4.904640503069305737e+02
-4.942228475139424404e+02
-4.906546626077423525e+02
-4.920629226609898410e+02
-4.871350897271536837e+02
-4.860024421329872553e+02
-4.902817984048244284e+02
-4.937299999637284600e+02
-4.941685742843283151e+02
-4.903880269152055575e+02
-4.896038556346035193e+02
-4.886290316542293795e+02
-4.896138782798780085e+02
-4.923725620888565118e+02
-4.937753027959759606e+02
-4.919238768821851409e+02
-4.893554112733141892e+02
-4.918562194354094004e+02
-4.921700549451649067e+02
-4.897146787843861944e+02
-4.932069383753259331e+02
-4.911038705057874267e+02
-4.876100714901152742e+02
-4.870791760793439948e+02
-4.916737284440733333e+02
-4.918226477283617442e+02
-4.904474581858731881e+02
-4.872680023521258477e+02
-4.831343695733194750e+02
-4.897004504375441343e+02
-4.920548495388023866e+02
-4.940523724720185896e+02
-4.881060915739350889e+02
-4.942228475139424404e+02
-4.910858789050918176e+02
-4.924407815743466585e+02
-4.889411627184101121e+02
-4.914665811865465912e+02
-4.892648099099098999e+02
-4.940559569075226705e+02
-4.919593231270820297e+02
-4.871475643405350979e+02
-4.896038556346035193e+02
-4.877803745531145410e+02
-4.933210589137974580e+02
-4.925074627484940493e+02
-4.903955303281701958e+02
-4.892668182350029724e+02
-4.893554112733141892e+02
-4.915461303871695122e+02
-4.926623373842544993e+02
-4.939390078808975773e+02
-4.930348422121118688e+02
-4.895429787006183346e+02
-4.864744960222898271e+02
-4.872360907705384534e+02
-4.884277797185879990e+02
-4.916496373286872767e+02
-4.906493426390777017e+02
-4.902935313984319805e+02
-4.865344163439482941e+02
-4.892968243692516808e+02
-4.858477239911229617e+02
-4.886373698996985127e+02
-4.882174800318765620e+02
-4.942228475139424404e+02
-4.890973572355804890e+02
-4.925670510025739190e+02
-4.807817659290183769e+02
-4.862808912881906735e+02
-4.892648099099098999e+02
-4.943599504239290354e+02
-4.921499198319641550e+02
-4.887061487287210753e+02
-4.907976844645303345e+02
-4.768625637923249769e+02
-4.890095905104635108e+02
-4.928977666468954908e+02
-4.877219134762903536e+02
-4.903584645379020230e+02
-4.894451100592671082e+02
-4.903625697919602544e+02
-4.897928353751959207e+02
-4.902146606626390621e+02
-4.930348422121118688e+02
-4.901254966580111159e+02
-4.934310493355503127e+02
-4.935015036222722529e+02
-4.873584482812152601e+02
-4.924617324115360475e+02
-4.873974194205983395e+02
-4.900539760166612382e+02
-4.873169770182709613e+02
-4.877998316906879381e+02
-4.905991200559690242e+02
-4.906634012325740741e+02
-4.875673269068430500e+02
-4.923504397513993922e+02
-4.881714254645958704e+02
-4.934521232435485558e+02
-4.798735534858531651e+02
-4.881932117682754892e+02
-4.941139111949643734e+02
-4.938739464367299661e+02
-4.927526279913585086e+02
-4.862063370765521881e+02
-4.906882728588811915e+02
-4.881598554897131521e+02
-4.846183395439168180e+02
-4.878719642413969950e+02
-4.919707792890868063e+02
-4.897972706204988071e+02
-4.919496659515639294e+02
-4.909861989199662844e+02
-4.895573294713987025e+02
-4.919327795535667747e+02
-4.914325176614171937e+02
-4.930989244017351325e+02
-4.871462036814008911e+02
-4.859840993185229649e+02
-4.834665569822602720e+02
-4.925320978241014700e+02
-4.893105864505844806e+02
-4.861014916480126544e+02
-4.895522593287645918e+02
-4.897560269377818827e+02
-4.909290347889323129e+02
-4.929033559615937179e+02
-4.883379530544416411e+02
-4.923504397513993922e+02
-4.885778271616243273e+02
-4.934521232435485558e+02
-4.897545536263557437e+02
-4.882077592832407618e+02
-4.943649078087668158e+02
-4.916276097347503082e+02
-4.937382082315840535e+02
-4.906392388448097108e+02
-4.906882728588811915e+02
-4.911745994793460568e+02
-4.904875905534518097e+02
-4.934578737393563870e+02
-4.911615716945258328e+02
-4.900746615461513329e+02
-4.898371674292441185e+02
-4.844122493376985403e+02
-4.909889141940080890e+02
-4.920124756471932983e+02
-4.908326368311816736e+02
-4.937075540365697748e+02
-4.850780324613902508e+02
-4.923002378955830523e+02
-4.921677777613501235e+02
-4.850986435722733745e+02
-4.917604618778823351e+02
-4.887297378620598920e+02
-4.927116986504863121e+02
-4.925200067419958145e+02
-4.932823138858985317e+02
-4.901773411891667820e+02
-4.907034091759616103e+02
-4.906940802764385694e+02
-4.917017547555335568e+02
-4.935466308669351747e+02
-4.884646648570854381e+02
-4.842235970792960984e+02
-4.930345862986515613e+02
-4.891519524097633393e+02
-4.927363691739004707e+02
-4.877591800118094625e+02
-4.900741323569567385e+02
-4.866505172402780204e+02
-4.921990205092469068e+02
-4.907740407803412381e+02
-4.890035895296899184e+02
-4.870151080610953045e+02
-4.920815232965936730e+02
-4.864705496862593463e+02
-4.909251984772106425e+02
-4.923760579370310211e+02
-4.931810336592854469e+02
-4.937075540365697748e+02
-4.855824912866508498e+02
-4.920886447515835016e+02
-4.923605621191027808e+02
-4.909162637587530753e+02
-4.897594400918396218e+02
-4.934296770107008570e+02
-4.907686689868043004e+02
-4.844686211211972022e+02
-4.906404659289921710e+02
-4.932374754940054231e+02
-4.926697179829370157e+02
-4.906940802764385694e+02
-4.923106766310441458e+02
-4.937993066297002542e+02
-4.828437233688988499e+02
-4.842235970792960984e+02
-4.931646024468225846e+02
-4.913193925035703842e+02
-4.917112488403038242e+02
-4.918044757314423236e+02
-4.898153461491172038e+02
-4.920826802294856748e+02
-4.922132413138160700e+02
-4.929656860460061125e+02
-4.886356217532078290e+02
-4.917759846026023069e+02
-4.924091010419122085e+02
-4.900670824776372001e+02
-4.909251984772106425e+02
-4.923760579370310211e+02
-4.915124153271686396e+02
-4.935872437037641021e+02
-4.876565149393530874e+02
-4.848936091418707974e+02
-4.923605621191027808e+02
-4.923475723671002697e+02
-4.923579987717325253e+02
-4.935299503717376410e+02
-4.879629463811772894e+02
-4.881560432357611603e+02
-4.926121144069342677e+02
-4.936700601929996992e+02
-4.927780619013474279e+02
-4.906940802764385694e+02
-4.927425903344014841e+02
-4.937993066297002542e+02
-4.837759759123009076e+02
-4.916275305203029689e+02
-4.914168892582986814e+02
-4.914583417532509202e+02
-4.943356950694533225e+02
-4.885065124720914582e+02
-4.893973031845923742e+02
-4.863610242725703188e+02
-4.911183162321889313e+02
-4.886491679060998763e+02
-4.920772044265542604e+02
-4.917707747609927651e+02
-4.924091010419122085e+02
-4.898620715839722948e+02
-4.926794516397291090e+02
-4.912553158842072776e+02
-4.899250961850476642e+02
-4.917498605986340294e+02
-4.819057060950592586e+02
-4.895399291656875107e+02
-4.921597254354772986e+02
-4.918231376223406528e+02
-4.921949829165782830e+02
-4.937106934604170760e+02
-4.847331720370190737e+02
-4.926809428365722283e+02
-4.918265516004550477e+02
-4.936071080280921706e+02
-4.927696592302042404e+02
-4.927535412209016954e+02
-4.867849216988972216e+02
-4.937993066297002542e+02
-4.835698064856288738e+02
-4.910820807309214615e+02
-4.889356703169157754e+02
-4.910527766454172252e+02
-4.889907570432284274e+02
-4.887877401604828265e+02
-4.900442312302585606e+02
-4.905722116669954289e+02
-4.886895025488936426e+02
-4.906018245743819648e+02
-4.876310117761152014e+02
-4.912492773349097774e+02
-4.929800711255152805e+02
-4.914125671091421736e+02
-4.905623917483060268e+02
-4.906419787650788749e+02
-4.896597499576770360e+02
-4.918287384993674891e+02
-4.917616911929683852e+02
-4.816579503904443982e+02
-4.944706405356732830e+02
-4.896326208662811155e+02
-4.907068501443571336e+02
-4.888763498118801181e+02
-4.809893838259006884e+02
-4.919568197502943576e+02
-4.905704094733040392e+02
-4.831979860267500158e+02
-4.927696592302042404e+02
-4.932511038175907174e+02
-4.902244306835526686e+02
-4.939329266358382711e+02
-4.828273479213135602e+02
-4.924206806365700118e+02
-4.935403610460983828e+02
-4.935881826931919250e+02
-4.931597222373131899e+02
-4.898643303589171296e+02
-4.837658574892979004e+02
-4.890223182721997546e+02
-4.890643536606422117e+02
-4.923348395652743648e+02
-4.890424443456544736e+02
-4.914928563912476420e+02
-4.929907890556727352e+02
-4.894567895002681439e+02
-4.905623917483060268e+02
-4.906419787650788749e+02
-4.913853815854078562e+02
-4.927000442601436703e+02
-4.882065885427198282e+02
-4.910845413834086344e+02
-4.941261914815147520e+02
-4.937700487029445640e+02
-4.937323536375374147e+02
-4.892901005076516867e+02
-4.828080625401598809e+02
-4.939068915433903157e+02
-4.934840325434763599e+02
-4.891819638175954310e+02
-4.922379260473043132e+02
-4.897698280882602830e+02
-4.902244306835526686e+02
-4.931884659798528787e+02
-4.815152703986224765e+02
-4.924273446778560697e+02
-4.891258107341600407e+02
-4.933342678036004259e+02
-4.933613026057067259e+02
-4.894177203484975962e+02
-4.910114587685625338e+02
-4.890223182721997546e+02
-4.921241411031338657e+02
-4.901757615485292945e+02
-4.888906827493162837e+02
-4.914928029712837656e+02
-4.912192130606417209e+02
-4.889684420142389172e+02
-4.909933062923232114e+02
-4.905785607455147215e+02
-4.865472534023273283e+02
-4.886333166089946189e+02
-4.886275560106599301e+02
-4.910845413834086344e+02
-4.932352615551017720e+02
-4.892583232129543376e+02
-4.900278003221208110e+02
-4.915697241464095555e+02
-4.855768155506300445e+02
-4.939068915433903157e+02
-4.925481252496070397e+02
-4.918615555017775023e+02
-4.921114756271665556e+02
-4.938771123378616039e+02
-4.892714092415321261e+02
-4.936320328219606495e+02
-4.824396227734888498e+02
-4.936232003894321565e+02
-4.922541956935367580e+02
-4.923604019156592244e+02
-4.911465728826871100e+02
-4.885154728108375366e+02
-4.898988761191237131e+02
-4.907928930667228542e+02
-4.921241411031338657e+02
-4.912729587262911082e+02
-4.876032471102413410e+02
-4.930559893060083141e+02
-4.894529054123171932e+02
-4.878749769424650822e+02
-4.893577468636168533e+02
-4.911026957850398276e+02
-4.893893858878668084e+02
-4.897550346304133200e+02
-4.886275560106599301e+02
-4.910845413834086344e+02
-4.932352615551017720e+02
-4.887381021387773785e+02
-4.935052504426216160e+02
-4.909067552315874536e+02
-4.815846258891276079e+02
-4.909456620490385035e+02
-4.919517140879028716e+02
-4.887782884568479176e+02
-4.924530327198652344e+02
-4.938689304342719311e+02
-4.899404645800885874e+02
-4.934762259736027090e+02
-4.823574294263522120e+02
-4.830681044015554448e+02
-4.887442959176528348e+02
-4.899293066320602748e+02
-4.925401229650927917e+02
-4.889359734830561024e+02
-4.887128721181181277e+02
-4.918766605065068234e+02
-4.913686659284401799e+02
-4.912729587262911082e+02
-4.828500936719325409e+02
-4.924915198798117899e+02
-4.896319023496425871e+02
-4.881887756828125475e+02
-4.890776491128720522e+02
-4.915115935506787537e+02
-4.912625444261742587e+02
-4.896999580736801931e+02
-4.899914619554039632e+02
-4.890362675678026108e+02
-4.903136679853701594e+02
-4.878616427746842987e+02
-4.943562319617445837e+02
-4.891447137484714744e+02
-4.815846258891276079e+02
-4.915490884743899187e+02
-4.919517140879028716e+02
-4.834669225525897787e+02
-4.925357166904670407e+02
-4.919895263160838113e+02
-4.934455695802543573e+02
-4.934762259736027090e+02
-4.816328212779790761e+02
-4.921868598318451973e+02
-4.915789380406909004e+02
-4.906687988298240271e+02
-4.933092669697255133e+02
-4.870009397779170968e+02
-4.884738735494600519e+02
-4.907789211148590311e+02
-4.891217837386302563e+02
-4.912121541644231684e+02
-4.823917671115749499e+02
-4.904459643640799413e+02
-4.912595708119362143e+02
-4.891521453274550026e+02
-4.890776491128720522e+02
-4.894417537695778151e+02
-4.915198510008378889e+02
-4.914186225138399777e+02
-4.894766186078635997e+02
-4.920246918642706078e+02
-4.903136679853701594e+02
-4.886948677073370391e+02
-4.913451952291895850e+02
-4.928610635556069610e+02
-4.847417412792790401e+02
-4.920157447582886903e+02
-4.932838684875543436e+02
-4.863157523081629847e+02
-4.925890527516197608e+02
-4.906586880824631294e+02
-4.928627114133379337e+02
-4.934762259736027090e+02
-4.815388621144150534e+02
-4.930176898888048527e+02
-4.900496832919836834e+02
-4.918237991063048185e+02
-4.904339675698518590e+02
-4.894749462290204178e+02
-4.844535340998152151e+02
-4.904956430750056597e+02
-4.938878220213791792e+02
-4.880998967340051991e+02
-4.887820981916873393e+02
-4.918915330264632644e+02
-4.912683874872337810e+02
-4.891521453274550026e+02
-4.899763755882509599e+02
-4.904099412338636057e+02
-4.893449141106904676e+02
-4.942782755269705035e+02
-4.907780903631219758e+02
-4.920246918642706078e+02
-4.886893165038691222e+02
-4.896385457975836175e+02
-4.942630195628300385e+02
-4.931063349524577006e+02
-4.863963219427890863e+02
-4.920157447582886903e+02
-4.932838684875543436e+02
-4.939684867017289207e+02
-4.920644320801713434e+02
-4.895401573909826993e+02
-4.921000027342259386e+02
-4.930986323035627379e+02
-4.808957278020360491e+02
-4.921253040706807269e+02
-4.919826533502986194e+02
-4.918237991063048185e+02
-4.922115030851844608e+02
-4.876416807656964920e+02
-4.934625898934820611e+02
-4.927117018623924878e+02
-4.937521074567299593e+02
-4.863120702645751408e+02
-4.915559180177594385e+02
-4.879484815984171178e+02
-4.886809053146292854e+02
