3.890232228580771112e-01 6.362145865076004880e-02 -1.984735278431644989e+00 -2.048884273935018374e+00 5.237541832086363058e+01 -3.276017925286331511e+00
3.139038119042824038e-01 5.607641804335967289e-02 -3.311798079516136362e+00 -2.945549764099188117e+00 5.373645777522128242e+01 -2.752708194141687770e+00
2.990482933266356280e-01 5.127399093516323697e-02 -2.449154808632771907e+00 -3.904061043751653415e+00 5.362841805719477861e+01 -2.871344593507516141e+00
3.647465948702355298e-01 6.293588275980083191e-02 -2.197674421062832284e+00 -2.125111231450508065e+00 5.254983316148118888e+01 -3.301995312141140282e+00
3.387630535163339562e-01 5.807940111975713748e-02 -2.699930299302733427e+00 -2.739429856593567969e+00 5.321525000607745426e+01 -2.965987130091262358e+00
3.993877987481059266e-01 6.726452592357347327e-02 -1.119918096321479206e+00 -1.241732187730843151e+00 5.143020825712228117e+01 -4.111657529308884840e+00
2.700342939241889284e-01 4.616511928429843648e-02 -1.530880957415523991e+00 -1.841064107970818764e+00 5.225547258667145911e+01 -4.623744023628081123e+00
4.195939091181511982e-01 6.939460202793551469e-02 -1.441737388566782574e+00 -1.504386601855382422e+00 5.170841405867657414e+01 -3.635802214920379249e+00
3.289492610913940518e-01 5.440910198898379901e-02 -1.735877466365288058e+00 -1.344265998968950271e+00 5.206443582329130493e+01 -4.183063975178412441e+00
3.213915357529159023e-01 5.259830678466813347e-02 -2.874626783679180786e+00 -2.656892569904262924e+00 5.332141395765083303e+01 -2.924963137998472629e+00
4.207994192967190461e-01 6.697651834405550508e-02 -2.028523141228940396e+00 -1.685462559093033441e+00 5.219647043278072829e+01 -3.136860128018535754e+00
4.000136513049279419e-01 6.380251041290628533e-02 -2.224369915307557122e+00 -2.031962429083078003e+00 5.247325042411915064e+01 -3.021233211916444894e+00
4.728271592771313703e-01 7.554592349178476662e-02 -1.194996936842335433e+00 -1.381914852980239417e+00 5.142026711114079518e+01 -3.528583080610262712e+00
2.937384377093978927e-01 5.051450229883261422e-02 -2.068918879259482146e+00 -2.004914358357290372e+00 5.261459883361359857e+01 -4.011104143376772235e+00
3.035918225242006940e-01 5.041151975543082392e-02 -2.572285813364976637e+00 -1.980724501229293555e+00 5.290078936771006823e+01 -3.598975532587090242e+00
4.069219337497174127e-01 6.811135452863328887e-02 -2.809000172520176974e+00 -2.902912418441186304e+00 5.317746906783186489e+01 -2.324023661055508061e+00
3.655988365687466435e-01 6.230480644549501318e-02 -3.147314617028613259e+00 -3.022235720591869956e+00 5.352762121204177248e+01 -2.343457334357010868e+00
4.221586569377293596e-01 6.705331046691727359e-02 -1.373440836566794054e+00 -1.368051919833421559e+00 5.163226651235621745e+01 -3.759805305955200794e+00
3.451880671775094944e-01 5.767245845699933704e-02 -2.700701466214039392e+00 -2.480885265266032924e+00 5.310673648750911724e+01 -2.969916355497317362e+00
3.226554723111776379e-01 5.180144758599994348e-02 -1.970164586639069570e+00 -3.312755713648489753e+00 5.303240356355431118e+01 -3.167445393342285698e+00
3.417985528090288772e-01 5.762509308029415550e-02 -3.964070443601800164e+00 -3.897167946858220766e+00 5.448531814627141046e+01 -1.592374159809083478e+00
3.914366714715891149e-01 6.446178178244188484e-02 -2.684751741131305547e+00 -3.433060909435199370e+00 5.337013184669557830e+01 -2.225423927754953901e+00
4.246720690604363635e-01 7.149554468214375236e-02 -2.918455923097805105e+00 -3.146444977600109993e+00 5.332610895619390590e+01 -2.013074702517981596e+00
4.019771316431507424e-01 6.235773672936370526e-02 -3.766819062522451134e+00 -3.972727111968322067e+00 5.428426408935284542e+01 -1.180074104552596426e+00
4.242431376975652757e-01 7.238979965700156893e-02 -3.236490426799998321e+00 -3.076740028741783650e+00 5.347107890526719842e+01 -1.873054884358082095e+00
3.649137454526165669e-01 6.071372996927974774e-02 -3.511064208725719116e+00 -3.402146118384409945e+00 5.395785398169896752e+01 -1.911998422600782455e+00
4.066530722665636643e-01 6.468373990982501098e-02 -1.651338155722055001e+00 -1.858980308462778508e+00 5.203825119169521685e+01 -3.407340067392951699e+00
4.668970432268165216e-01 7.663359399140429185e-02 -1.447996910602473930e+00 -1.718134012847905900e+00 5.169055066362369644e+01 -3.216514022155086305e+00
4.539423900453570804e-01 7.188982512584114748e-02 -3.244144084993422439e+00 -3.380891546117953617e+00 5.362204034344762249e+01 -1.454232274252243329e+00
2.985472700202190244e-01 5.068885998803909776e-02 -2.620030460146181461e+00 -2.205872487526706394e+00 5.301875472736571737e+01 -3.523310109660199085e+00
4.156269513986941000e-01 6.506590598237256551e-02 -2.889657081918902470e+00 -2.884880849509151357e+00 5.325218500481385320e+01 -2.132238386304825095e+00
3.263259478757595256e-01 5.229260724549001510e-02 -2.968424638239984148e+00 -2.772468327750490236e+00 5.342729602028834535e+01 -2.754662102309552996e+00
3.844818546575108908e-01 6.313818753800154449e-02 -2.396454984215917072e+00 -2.433716329360480213e+00 5.281000426877033505e+01 -2.896349411855648093e+00
3.189403392410293248e-01 5.783336354791183270e-02 -3.974667402741888012e+00 -3.390652203623938377e+00 5.433010149820508161e+01 -2.122049060719237268e+00
3.226597435149674564e-01 5.525638228943371977e-02 -2.597644435528075224e+00 -3.748030266016196155e+00 5.359874426697538752e+01 -2.683069526274960204e+00
3.746610463663403445e-01 6.415251705806161719e-02 -2.341383035437293536e+00 -2.307954389251035909e+00 5.269737591788936015e+01 -3.072096685198011379e+00
3.714447390449466258e-01 6.392759691626509477e-02 -2.948952731447004982e+00 -3.253330050589108069e+00 5.350803181240928552e+01 -2.344736907078544874e+00
3.996184180854178702e-01 6.598881375441990882e-02 -1.526895656469035689e+00 -1.532922776629136230e+00 5.181455707973104552e+01 -3.709848939210909968e+00
2.642207032174549441e-01 4.554241742091759415e-02 -1.482348877694826594e+00 -1.678471537750809928e+00 5.216963720925436121e+01 -4.784635977073052437e+00
4.287503414890687647e-01 7.054832354149438711e-02 -1.283432461682392889e+00 -1.366766216655804556e+00 5.153339659654841398e+01 -3.724865441605249572e+00
3.244299197482753416e-01 5.343546496540059476e-02 -1.561829986002299053e+00 -1.137351789550129277e+00 5.188400715163825083e+01 -4.409909995593500831e+00
3.397750741081152492e-01 5.471140332303642967e-02 -2.472834734894262088e+00 -2.333786443681469258e+00 5.290040385081449159e+01 -3.187435218075179488e+00
4.207994192967190461e-01 6.697651834405550508e-02 -2.028523141228940396e+00 -1.685462559093033441e+00 5.219647043278072829e+01 -3.136860128018535754e+00
3.888183534055319468e-01 6.348258840448271767e-02 -2.161957675592818262e+00 -1.827313117887637617e+00 5.236356973255532665e+01 -3.248394887423489585e+00
4.692544045088552496e-01 7.513126057037537719e-02 -1.236719648260711235e+00 -1.415618053307936552e+00 5.146674747430913754e+01 -3.511969262486034804e+00
2.716823740465053039e-01 4.770290339625454790e-02 -2.159195195234531184e+00 -1.365236325607783296e+00 5.245495581110979089e+01 -4.434789863072173155e+00
2.973959279711664849e-01 4.936945306603393591e-02 -2.547600952751611914e+00 -1.910940474395994793e+00 5.287022110260177499e+01 -3.692967490305161249e+00
4.716935926486955921e-01 7.751589747065419644e-02 -2.522645945359904829e+00 -2.816049585682132594e+00 5.281228538401583705e+01 -2.130600686494439788e+00
3.666754290352017831e-01 6.167899681789960897e-02 -3.190371806250587028e+00 -3.182991260195429106e+00 5.363261482563795113e+01 -2.198730726143543812e+00
4.394600701411207622e-01 7.107193807263795238e-02 -1.500831215180965739e+00 -1.799902997897747214e+00 5.183749579677138541e+01 -3.350104679597431634e+00
3.274797842182302632e-01 5.475276756947018708e-02 -2.564925285926721088e+00 -2.400119117403352043e+00 5.302833394098781383e+01 -3.229363126852314636e+00
3.385720313261227354e-01 5.571560115660075668e-02 -1.718216109987157569e+00 -3.219487238040001920e+00 5.278895364635579313e+01 -3.277198157797395872e+00
3.554204237865362104e-01 5.964504558999213224e-02 -3.542678798746531577e+00 -3.499471257862713625e+00 5.402156195339154721e+01 -1.927929827190773659e+00
4.012530994167018972e-01 6.577565466850748832e-02 -2.697184436431193433e+00 -3.388105804785192632e+00 5.333750233825853115e+01 -2.160104856727194544e+00
4.349974939282570396e-01 7.144436185302946440e-02 -2.570778958530643976e+00 -2.809192050269653684e+00 5.294237753480194186e+01 -2.269175058405734191e+00
4.019771316431507424e-01 6.235773672936370526e-02 -3.766819062522451134e+00 -3.972727111968322067e+00 5.428426408935284542e+01 -1.180074104552596426e+00
4.088308473086234018e-01 7.194279491834010276e-02 -2.746060065719597265e+00 -2.660269368521241518e+00 5.302268076463786883e+01 -2.544553079058438527e+00
3.709393951201331863e-01 6.176063216260908872e-02 -2.833585024629920568e+00 -2.749547385363234397e+00 5.323372079028436588e+01 -2.576815324596631651e+00
3.781583878550311417e-01 6.249359143409093792e-02 -2.645788161651548620e+00 -2.676138621006117546e+00 5.306141639722604708e+01 -2.668808212924078216e+00
4.577180721242568029e-01 7.516619737184317140e-02 -1.411075343279967198e+00 -1.636571509225320797e+00 5.165566408243664398e+01 -3.335865428212052564e+00
4.154793069642918613e-01 6.715323852074581157e-02 -2.768862511223390221e+00 -2.958292168494517593e+00 5.320483400317997535e+01 -2.242367720090970185e+00
3.303940437526490803e-01 5.514903984369162737e-02 -2.040383524754153299e+00 -1.760456089547216330e+00 5.239720981509883302e+01 -3.829853136345362508e+00
3.986271826762278758e-01 6.448418013247654568e-02 -3.006992321330443918e+00 -3.020407495244750606e+00 5.339635760404840426e+01 -2.141887842157198740e+00
3.180987114683333505e-01 5.033312677165002746e-02 -2.990598423304108078e+00 -2.783656601035973566e+00 5.346764350734875393e+01 -2.775613786603489341e+00
3.895302038950424484e-01 6.379120842426597160e-02 -2.248238551829568888e+00 -2.324768891462399623e+00 5.266613250788469713e+01 -3.007490100404996092e+00
3.666754620844623336e-01 6.290680146354665769e-02 -3.143722070889078957e+00 -2.918641819931792281e+00 5.350416017576707617e+01 -2.437415281721047489e+00
3.491827435164397975e-01 5.897075582716654329e-02 -2.204827751654723667e+00 -2.921914023468515254e+00 5.294178298636659719e+01 -3.076506850396063975e+00
3.708243663150682101e-01 6.214099617255173374e-02 -2.121440395065986806e+00 -2.082766878799065857e+00 5.247638847191986144e+01 -3.273870170058176043e+00
4.235355687200648700e-01 7.214353633922977738e-02 -3.114431690530609309e+00 -3.409113282759368424e+00 5.355749278356984178e+01 -1.758853078323838304e+00
3.953018530442739542e-01 6.542943697200231945e-02 -1.521784518728206193e+00 -1.485434535074884099e+00 5.179943599491537043e+01 -3.760629274046174420e+00
2.895293582887157324e-01 4.988196836842692661e-02 -1.828519125572018345e+00 -2.050193704146303642e+00 5.248554555106478858e+01 -4.208733722558692492e+00
4.287503414890687647e-01 7.054832354149438711e-02 -1.283432461682392889e+00 -1.366766216655804556e+00 5.153339659654841398e+01 -3.724865441605249572e+00
3.217999026364269932e-01 5.300583352340181020e-02 -1.953201825771238687e+00 -1.572307045719401719e+00 5.231216385291112658e+01 -4.004115067052156363e+00
2.871532914852557017e-01 4.860621909510456917e-02 -3.404796163549928423e+00 -3.238175011350401089e+00 5.397519063587758126e+01 -2.658680039647667748e+00
4.207994192967190461e-01 6.697651834405550508e-02 -2.028523141228940396e+00 -1.685462559093033441e+00 5.219647043278072829e+01 -3.136860128018535754e+00
3.574700599229666542e-01 5.757197603783511392e-02 -2.919399357586852872e+00 -2.579475812362173048e+00 5.327223843919368562e+01 -2.653237235460966126e+00
4.876406472227683975e-01 7.773561078765407750e-02 -1.071207208490125184e+00 -1.373419580828326492e+00 5.130903543488859953e+01 -3.538825830268449213e+00
2.716823740465053039e-01 4.770290339625454790e-02 -2.159195195234531184e+00 -1.365236325607783296e+00 5.245495581110979089e+01 -4.434789863072173155e+00
2.726324058335758971e-01 4.568552999192342784e-02 -2.306448883775684244e+00 -1.487925925420851225e+00 5.258715329131370453e+01 -4.205181976118742782e+00
4.612199570407435889e-01 7.531692376371849906e-02 -2.318642608911412495e+00 -2.617905308851683266e+00 5.263253753679170899e+01 -2.383697183810304487e+00
3.599358893362678558e-01 6.020344516581581373e-02 -3.262921326533862132e+00 -3.233703519622280975e+00 5.371652602031835499e+01 -2.161715893548220802e+00
4.368462464005132273e-01 7.036477153909370674e-02 -1.922229756914773047e+00 -2.224785035743070960e+00 5.229002377174849414e+01 -2.901004642265249789e+00
3.554594445807114367e-01 5.882653002221386457e-02 -3.043751720638788960e+00 -2.719305767930842777e+00 5.340813779725913690e+01 -2.541461794241571148e+00
3.433334082498414319e-01 5.635413759736174200e-02 -1.514101558398997183e+00 -3.230357763558586726e+00 5.265337828812953092e+01 -3.358419789007880851e+00
3.593484248779384438e-01 6.067732370280734533e-02 -3.603058242804181965e+00 -3.681452030086781235e+00 5.411947571990966566e+01 -1.806974702971762436e+00
3.893463684803016300e-01 6.419358375491739099e-02 -2.871029883865228616e+00 -3.808269528460539455e+00 5.364583083009723197e+01 -1.953595981176954766e+00
4.161761255269962323e-01 6.766484236481377923e-02 -2.751578468620983653e+00 -2.963828803625431441e+00 5.316881189088778115e+01 -2.194053133276857359e+00
4.019771316431507424e-01 6.235773672936370526e-02 -3.766819062522451134e+00 -3.972727111968322067e+00 5.428426408935284542e+01 -1.180074104552596426e+00
4.028713521216019111e-01 6.970542745264374229e-02 -2.758768194195111878e+00 -2.857461747620550163e+00 5.313290815786380961e+01 -2.453356835528411217e+00
3.621706616669571055e-01 6.166761722015288300e-02 -3.195101966940938176e+00 -2.996944728810777114e+00 5.358349962371951136e+01 -2.345014012227313316e+00
4.103248405307680646e-01 6.743414868813765728e-02 -2.831298151980746969e+00 -3.038357704529406345e+00 5.325763850069832017e+01 -2.145499669488799555e+00
4.524737332063570872e-01 7.420715197873407887e-02 -1.607911993837284115e+00 -1.823862667727557785e+00 5.187573135338011099e+01 -3.172425089376523122e+00
4.006481246755739245e-01 6.472967314210155421e-02 -3.553091234918717589e+00 -3.674711442715017817e+00 5.405048024221080993e+01 -1.557274895761475042e+00
2.657946031343646487e-01 4.533834843646941670e-02 -2.081869820700574802e+00 -1.468792002913612782e+00 5.244278843721632910e+01 -4.427595197303946684e+00
3.936823441082071828e-01 6.217662952882069272e-02 -2.870925761563233092e+00 -2.762174210211799430e+00 5.322311639124250604e+01 -2.329641427534089981e+00
3.180987114683333505e-01 5.033312677165002746e-02 -2.990598423304108078e+00 -2.783656601035973566e+00 5.346764350734875393e+01 -2.775613786603489341e+00
3.726674898969839500e-01 6.157748118476388810e-02 -2.458510640858595053e+00 -2.467156598180481275e+00 5.288348386457251848e+01 -2.913467218262757896e+00
3.649353229435557955e-01 6.319073001148677038e-02 -3.167907144971831457e+00 -2.875672516026761993e+00 5.349806330180953751e+01 -2.470968538568904638e+00
4.067138921979467359e-01 6.774903444190145951e-02 -2.761439755264206042e+00 -3.931121417971270571e+00 5.358983949117320122e+01 -1.848763474112368410e+00
3.758481380164627739e-01 6.268283316504788538e-02 -2.274034250699934923e+00 -2.266406208823837254e+00 5.264965417034945006e+01 -3.072282105926144702e+00
4.066266691347254492e-01 6.773101222947261468e-02 -3.296337910135154203e+00 -3.477202586471364931e+00 5.374821806555422654e+01 -1.720128115392220769e+00
3.953018530442739542e-01 6.542943697200231945e-02 -1.521784518728206193e+00 -1.485434535074884099e+00 5.179943599491537043e+01 -3.760629274046174420e+00
3.214309105014131474e-01 5.493249238106037019e-02 -1.983221397339557601e+00 -2.472332819664238457e+00 5.269809232578338509e+01 -3.690229178690697331e+00
4.055717146907124038e-01 6.660439549250656011e-02 -1.866062716137139699e+00 -1.914610991967772957e+00 5.219789329521746879e+01 -3.308778048644272829e+00
3.127151441955655642e-01 5.158717969652282936e-02 -1.798877685152151962e+00 -1.282711561385589949e+00 5.211638652661488891e+01 -4.297091767004857843e+00
3.168703273224605654e-01 5.275094516283291429e-02 -2.849592910516938193e+00 -2.524354065447768747e+00 5.326492488080855736e+01 -3.078367778512840935e+00
4.096026285537220923e-01 6.612319389390129698e-02 -2.224891681653565989e+00 -1.789402832541141519e+00 5.238293559786195885e+01 -3.081827701494033178e+00
3.502044278131187793e-01 5.637820849146835123e-02 -2.852548440677038499e+00 -2.454438946243093778e+00 5.319674790889067850e+01 -2.796194985991641513e+00
4.424358765154846607e-01 7.165832363335533639e-02 -1.976822582631113434e+00 -2.206831618842240772e+00 5.231593781259777387e+01 -2.909211681045316134e+00
2.716823740465053039e-01 4.770290339625454790e-02 -2.159195195234531184e+00 -1.365236325607783296e+00 5.245495581110979089e+01 -4.434789863072173155e+00
3.579694801476623889e-01 5.855812873859114059e-02 -2.007955258434444445e+00 -1.445350842513499989e+00 5.219552963132028367e+01 -3.747743879750496721e+00
4.711046763883083299e-01 7.695858780706105184e-02 -2.368550361043181063e+00 -2.721396631592661208e+00 5.268052917157392301e+01 -2.251183018084042864e+00
3.662294010703111002e-01 6.101428531178194198e-02 -3.045440696292676552e+00 -2.969319637276820689e+00 5.345649310065112303e+01 -2.365697993488017126e+00
4.349085521490267392e-01 6.941114933776665330e-02 -1.833114554713560107e+00 -2.121000305545893472e+00 5.219992757565228203e+01 -2.992892039660922876e+00
3.751342240005481332e-01 6.189920159213285755e-02 -2.943621209160340868e+00 -2.733889585412986989e+00 5.329965692904653451e+01 -2.476738218628412813e+00
3.536076501465587052e-01 5.807972364736217058e-02 -1.740036226295360589e+00 -3.297320440615924664e+00 5.280209000726561896e+01 -3.115998203035037051e+00
3.618526593863428120e-01 6.082479118426602216e-02 -3.591196446010396226e+00 -3.692493909935218532e+00 5.411086856130554423e+01 -1.786844884342316808e+00
4.148069422508302018e-01 6.713075369642594603e-02 -2.401910854500959758e+00 -2.919290205806551075e+00 5.293476704538034738e+01 -2.455425409017382599e+00
4.136864305904242034e-01 6.736923425182501923e-02 -3.196840287837606098e+00 -3.413081688886950182e+00 5.364520800595180106e+01 -1.736722678705656442e+00
3.774120707554289300e-01 6.122933329275421360e-02 -3.605916032810295047e+00 -3.641108268756411803e+00 5.408665359735403655e+01 -1.650963940481194658e+00
4.095948363701006345e-01 7.102677778093145766e-02 -3.010961097451778645e+00 -3.118338304160883201e+00 5.339062522566939606e+01 -2.120397267021250531e+00
3.361441813890472252e-01 5.931088963484099086e-02 -3.712969682845049135e+00 -3.579137942600831401e+00 5.419922967399313762e+01 -1.993497654914669903e+00
4.189536792184903602e-01 6.812807237045505337e-02 -2.480937499557871018e+00 -2.716366902744287160e+00 5.288638386298587335e+01 -2.442932871641691595e+00
4.624036572919605348e-01 7.573171341374029808e-02 -1.622871083639704892e+00 -1.882642712325467427e+00 5.188898274751812068e+01 -3.070262577245645108e+00
3.773476063959751436e-01 6.124716968211892099e-02 -3.088258988137903671e+00 -3.040878304619740735e+00 5.353798327317033312e+01 -2.283272726639884453e+00
2.720566015450862629e-01 4.624219282652726470e-02 -2.109811326448871149e+00 -1.533477194447374181e+00 5.247444080213831086e+01 -4.333037933050523094e+00
4.315689863100714563e-01 6.865883577819391348e-02 -3.288730291214442492e+00 -3.736598821412995708e+00 5.381016746208955226e+01 -1.372437826443778874e+00
3.001663150150928328e-01 4.882590336039106110e-02 -2.947691503358822462e+00 -2.662084496704152148e+00 5.342565109429497738e+01 -3.040655622348999554e+00
3.795170068542536579e-01 6.450670555959800434e-02 -2.668734813271961492e+00 -2.717300345152054319e+00 5.309511004730613593e+01 -2.670888504883203396e+00
3.716455461801552729e-01 6.338814070785148136e-02 -3.141755547016358285e+00 -2.957011473010024094e+00 5.350504163244351474e+01 -2.375100295692427643e+00
4.065410483735270031e-01 6.770039854279334690e-02 -2.755692711492823577e+00 -3.948243156163617762e+00 5.359367390974499301e+01 -1.846195980314096374e+00
3.519689486521104804e-01 5.979331875047487477e-02 -2.318788468573429018e+00 -2.148600853147788481e+00 5.267402222318710159e+01 -3.276143555538991947e+00
4.066266691347254492e-01 6.773101222947261468e-02 -3.296337910135154203e+00 -3.477202586471364931e+00 5.374821806555422654e+01 -1.720128115392220769e+00
3.819909631589132326e-01 6.417699393276000974e-02 -1.635005301381155851e+00 -1.487102888987048788e+00 5.188677255961165002e+01 -3.795352144765296032e+00
3.130811732508373413e-01 5.388960134321259254e-02 -2.182152422493849109e+00 -2.317492022080132941e+00 5.277069840741902595e+01 -3.691084219148898171e+00
4.240174761911997270e-01 6.813133614160078733e-02 -1.277532980697096532e+00 -1.481835390116881923e+00 5.161102455883823126e+01 -3.685721519663327950e+00
3.127151441955655642e-01 5.158717969652282936e-02 -1.798877685152151962e+00 -1.282711561385589949e+00 5.211638652661488891e+01 -4.297091767004857843e+00
2.954365839547624661e-01 5.168577342729675089e-02 -2.602531666984752690e+00 -1.990283848019351209e+00 5.292412892294451154e+01 -3.692891082917627799e+00
3.593711197090347920e-01 5.782052639477541084e-02 -2.992157840421518777e+00 -2.690284969076503163e+00 5.334397506262319411e+01 -2.554736537227949356e+00
3.418745958872393964e-01 5.493455904097057502e-02 -2.526613044423859922e+00 -2.482009414690840465e+00 5.301751794591488931e+01 -3.042995631943504975e+00
4.415283271576940227e-01 7.156769801244944329e-02 -2.017022288379575201e+00 -2.246525401702248015e+00 5.235957048079424681e+01 -2.871015592778073611e+00
2.960423591626590301e-01 5.104347472673798763e-02 -2.219510337424365432e+00 -1.619817659127564813e+00 5.254655154695040409e+01 -4.080457828498428086e+00
3.261137837507263604e-01 5.376214368915895048e-02 -2.250440158459908080e+00 -1.778285428328284734e+00 5.257307759201860620e+01 -3.721286860904879035e+00
4.357520432865008009e-01 7.160003902770967210e-02 -2.791241004335211162e+00 -3.071094874354682869e+00 5.317557441057473966e+01 -2.067687031450139212e+00
3.450074734326749604e-01 5.815093128416636004e-02 -3.272657576505839216e+00 -3.071135059251962396e+00 5.368596645547405188e+01 -2.334610360753200275e+00
3.980823602078431001e-01 6.510229424348534799e-02 -2.416456884865726629e+00 -2.820052569661796849e+00 5.292881409237106283e+01 -2.632191357668557163e+00
3.820841224610544984e-01 6.301406039921376989e-02 -2.917719673563298421e+00 -2.729061052498000350e+00 5.326314286215976068e+01 -2.447915469616600781e+00
3.536076501465587052e-01 5.807972364736217058e-02 -1.740036226295360589e+00 -3.297320440615924664e+00 5.280209000726561896e+01 -3.115998203035037051e+00
3.569196869999449184e-01 5.964699477939554989e-02 -3.718326315004143900e+00 -3.832558391931026431e+00 5.426202028804230793e+01 -1.676590288704884468e+00
4.134777024059804740e-01 6.694118523490519279e-02 -2.431044785093315674e+00 -2.933082095114551535e+00 5.296182736628331611e+01 -2.440534994643045685e+00
4.174112379337352463e-01 6.719923569320010448e-02 -3.175208194340164436e+00 -3.421930411009066475e+00 5.363047476322779517e+01 -1.700728162387032949e+00
3.671413508328457698e-01 5.860162034443475165e-02 -3.667785919231355329e+00 -3.615733930057729140e+00 5.414431658112961543e+01 -1.678155266778062149e+00
4.122059989549319292e-01 7.465348617959877142e-02 -3.663971831782262711e+00 -3.883234318339292113e+00 5.410062121274150115e+01 -1.430668455594676702e+00
3.563058592506408440e-01 6.024815692959081814e-02 -3.660667972264551651e+00 -3.609413921627385058e+00 5.414422994837187275e+01 -1.826150729419401930e+00
4.351714170477823385e-01 6.934436570928087518e-02 -2.122672155370406877e+00 -2.433518604644540950e+00 5.250469606626026575e+01 -2.644101240068865710e+00
4.365711086377426220e-01 7.179263835275383199e-02 -2.136038620537533017e+00 -2.360168269294816046e+00 5.247012894019718487e+01 -2.728958518419471790e+00
3.712248629385545007e-01 6.003044490329589866e-02 -3.061067510242556633e+00 -3.007027605318996599e+00 5.352114074853162151e+01 -2.347610574011373519e+00
2.938168025901622959e-01 4.944344228391728269e-02 -2.024064428598506105e+00 -1.557904116527314642e+00 5.238434941154029190e+01 -4.207777018588906515e+00
4.165541550869185095e-01 6.678677841250066360e-02 -3.213045470039561202e+00 -3.543987627205653634e+00 5.371244113909593665e+01 -1.628374057674269348e+00
3.104943609604565169e-01 5.052620619518261025e-02 -2.914298648684737536e+00 -2.667733329383740859e+00 5.338406871640824392e+01 -2.984066045026272818e+00
3.727881269081533833e-01 6.241803704326324975e-02 -2.463869811780170060e+00 -2.477298154001784880e+00 5.288813015952496244e+01 -2.926182146018009966e+00
3.732195117098328074e-01 6.532916173535367743e-02 -2.814992078041393508e+00 -2.610446168075937656e+00 5.314199482971881849e+01 -2.758722682260678738e+00
4.068070762945054653e-01 6.774874926703491895e-02 -2.760797106680656476e+00 -3.951514505114091413e+00 5.359765218106159779e+01 -1.839814322293278348e+00
3.283915317554140789e-01 5.724896453308973843e-02 -1.652587925768043142e+00 -1.335389324137369327e+00 5.195986904734492384e+01 -4.261670851813860850e+00
3.988812802151107118e-01 6.668043741514989575e-02 -3.596459382109300496e+00 -3.766133198187003206e+00 5.407880689987931078e+01 -1.459185384285484055e+00
3.825709962168885592e-01 6.428773916976052161e-02 -1.624626732197905543e+00 -1.477524745919756910e+00 5.187462539118942573e+01 -3.801933894706619466e+00
3.072859116956034309e-01 5.376536367362239055e-02 -2.177837366690029697e+00 -2.401752085900536571e+00 5.281321488188463320e+01 -3.723944659104208466e+00
4.205264457267076650e-01 6.780759057550589386e-02 -1.306768632585391998e+00 -1.481472305236740672e+00 5.163322761532876370e+01 -3.695510069665127073e+00
3.122869456925305709e-01 5.175897103504725760e-02 -1.828765881751996503e+00 -1.370969243744215582e+00 5.217134472901290820e+01 -4.251888189220410119e+00
3.149862185156248606e-01 5.342353238358873990e-02 -2.988938947400759716e+00 -2.536683544437199789e+00 5.336258801104133198e+01 -3.034733079800174149e+00
3.054332449837683372e-01 4.930791320790345322e-02 -2.755373450134020796e+00 -1.959032833438898669e+00 5.301133556608824193e+01 -3.423061312317501770e+00
3.198378992916331431e-01 5.161668405988163039e-02 -2.259933720899227616e+00 -2.060795016951597169e+00 5.272584743130948226e+01 -3.562081747398804232e+00
4.387746117204673890e-01 6.984577736310836060e-02 -2.706549575980146116e+00 -2.989313590418963607e+00 5.312059922070835682e+01 -2.086236368156387577e+00
2.960022181548114806e-01 5.117348099799685912e-02 -2.197658374332997600e+00 -1.608864298059133002e+00 5.252795001778973472e+01 -4.103799455283599684e+00
2.852480922072392344e-01 4.691373353090468046e-02 -2.119732135422574881e+00 -1.315211698908896887e+00 5.240627702968823343e+01 -4.308507344976883147e+00
4.357520432865008009e-01 7.160003902770967210e-02 -2.791241004335211162e+00 -3.071094874354682869e+00 5.317557441057473966e+01 -2.067687031450139212e+00
3.450074734326749604e-01 5.815093128416636004e-02 -3.272657576505839216e+00 -3.071135059251962396e+00 5.368596645547405188e+01 -2.334610360753200275e+00
4.002502131075336700e-01 6.545305608828685950e-02 -2.541605026442037119e+00 -2.799357957031131328e+00 5.300198260304815534e+01 -2.532830192656736479e+00
4.144290359108493416e-01 6.864895525227178441e-02 -3.308787608212873987e+00 -3.134402970448976422e+00 5.360036255821339779e+01 -1.802539940530718310e+00
3.405736190417975040e-01 5.609143705046530648e-02 -1.642511208781795462e+00 -2.891821970504500072e+00 5.260452647631420575e+01 -3.456978497105626325e+00
3.537933707390693572e-01 5.923165841937207132e-02 -3.817351805306600454e+00 -3.924665389934181903e+00 5.436904748228094064e+01 -1.598138942952192387e+00
4.298507898190483956e-01 6.778110789713777395e-02 -1.525407342313413128e+00 -1.897525395960963257e+00 5.192260327826363664e+01 -3.340718895283572021e+00
4.246253609529948014e-01 6.823562926223941671e-02 -3.242399671980956910e+00 -3.530732356356722779e+00 5.370321025135476134e+01 -1.554393428030606650e+00
3.610287466599532147e-01 5.751623372816072610e-02 -3.898990131648703894e+00 -3.823542555640193186e+00 5.439522955945417948e+01 -1.484665313182365942e+00
4.037279975931193921e-01 7.281681912800841427e-02 -3.610762735713597404e+00 -3.787473356629401877e+00 5.404708863573970490e+01 -1.553581584192633036e+00
3.589561554858522463e-01 6.077474052256583159e-02 -3.773863999961110327e+00 -3.750876398166601344e+00 5.426752193336203334e+01 -1.675918604961981639e+00
4.111094189494965412e-01 6.658218127198144154e-02 -1.943715222825619815e+00 -2.062650803942273736e+00 5.227638172032982311e+01 -3.135810845417141834e+00
4.424841135518251534e-01 7.266171129521345473e-02 -2.105647011486933007e+00 -2.349309736735230025e+00 5.243137811361375356e+01 -2.710674890913510549e+00
3.718499738289330336e-01 6.113686715500813579e-02 -2.728443756351764282e+00 -2.663763244162609567e+00 5.313695632475453579e+01 -2.692340819818863196e+00
2.998844566114174381e-01 5.070196753719502514e-02 -2.003801360438887347e+00 -1.556968005557848311e+00 5.235675385104663349e+01 -4.172668717591237808e+00
3.610498504390192709e-01 5.852953287138858152e-02 -3.084833048512233056e+00 -3.072085353121952966e+00 5.355919235492186914e+01 -2.306674165176031188e+00
2.983230442693133311e-01 4.949501147746239449e-02 -2.661222542536331392e+00 -2.233137420804388817e+00 5.306749094092442931e+01 -3.450362490999630438e+00
3.638824817000698708e-01 6.078631221667679663e-02 -2.275902610083597732e+00 -2.162320117570279976e+00 5.266306476455017105e+01 -3.235711877014908033e+00
3.694349854725119120e-01 6.449111194858765661e-02 -2.807301638799165833e+00 -2.614904635839324865e+00 5.314664592369561547e+01 -2.776799156632073551e+00
3.609985987263431007e-01 5.894676822507092379e-02 -1.879180647284174110e+00 -3.346709130956245559e+00 5.290825514217270609e+01 -2.996526793935277766e+00
3.283915317554140789e-01 5.724896453308973843e-02 -1.652587925768043142e+00 -1.335389324137369327e+00 5.195986904734492384e+01 -4.261670851813860850e+00
3.988812802151107118e-01 6.668043741514989575e-02 -3.596459382109300496e+00 -3.766133198187003206e+00 5.407880689987931078e+01 -1.459185384285484055e+00
3.489768162424804476e-01 5.735726860548089057e-02 -1.751836347453489040e+00 -1.181228878727413001e+00 5.193860273001611461e+01 -4.077608904127147049e+00
2.652125189116911197e-01 5.016650127998969338e-02 -1.498724734695881633e+00 -1.970349810101041488e+00 5.229692259024119494e+01 -4.799565112271263700e+00
4.218361065109381691e-01 6.849330145763118938e-02 -1.839493239377369971e+00 -1.850640599609421955e+00 5.212051106437689185e+01 -3.199807349654428812e+00
3.157483558883110719e-01 5.232140137517930778e-02 -1.609459898727150007e+00 -1.142335133738771047e+00 5.193512251992846984e+01 -4.465291440006966539e+00
3.271006619911551172e-01 5.565628823008008513e-02 -3.883605348916775668e+00 -3.413978885827829934e+00 5.427452315348351419e+01 -2.018946786389633985e+00
2.915797480543587117e-01 4.752164200068088873e-02 -2.922808161043140895e+00 -1.993523028001015218e+00 5.316221560249125133e+01 -3.407653391009413113e+00
3.442704296440395328e-01 5.605178770708567348e-02 -2.884557154791848710e+00 -2.739873898383690332e+00 5.333939609947050542e+01 -2.721754804849912723e+00
4.534602674561335478e-01 7.232095712570714430e-02 -2.616808540262754335e+00 -2.910772153297972231e+00 5.299908462526548902e+01 -2.075576791163904034e+00
2.740817485170267132e-01 4.766661038120038885e-02 -2.000359885320228237e+00 -1.229334926407725792e+00 5.229914993038961057e+01 -4.558324432344445398e+00
2.852480922072392344e-01 4.691373353090468046e-02 -2.119732135422574881e+00 -1.315211698908896887e+00 5.240627702968823343e+01 -4.308507344976883147e+00
4.131292889295713477e-01 6.760060657065944389e-02 -2.725538532175930229e+00 -2.915964468214427008e+00 5.313078155251528045e+01 -2.310625997539762277e+00
3.473223823210904726e-01 6.057254981368255520e-02 -3.335834542948450387e+00 -3.056482647059743485e+00 5.369882049490130527e+01 -2.339681427048909690e+00
3.978873984554069376e-01 6.259018505951556566e-02 -2.396170040019987901e+00 -2.710601082972311282e+00 5.288933919841387166e+01 -2.608923516678312460e+00
3.963152856472298424e-01 6.590097063601557670e-02 -3.292559533122410897e+00 -3.103042822700469383e+00 5.361213800768580029e+01 -1.952005158630361947e+00
3.243829409143504927e-01 5.403836185568350325e-02 -1.699196888574117770e+00 -2.835470469298973839e+00 5.265233567156715111e+01 -3.583599060700932704e+00
3.533145621124002544e-01 5.934517845613787590e-02 -3.811949303025191860e+00 -3.931357300063334392e+00 5.436731485573164235e+01 -1.605648179988021340e+00
4.291245888329557889e-01 6.749422250375919363e-02 -1.510646825565659546e+00 -1.869646759935648106e+00 5.190438292317144686e+01 -3.363538263374054260e+00
3.705172434297896999e-01 6.061677273234593322e-02 -2.693057886792986189e+00 -2.638653665264746095e+00 5.309914200589346933e+01 -2.712334346595060453e+00
3.645118435605164686e-01 5.769710342756238786e-02 -3.900943313074742402e+00 -3.864689872203038057e+00 5.440762352246982658e+01 -1.429817570651118919e+00
4.019206043392044014e-01 7.241205720414842228e-02 -3.617198218490207395e+00 -3.778663819124302936e+00 5.405245308707875296e+01 -1.564558057802869051e+00
3.588237489187380280e-01 6.136826345857137460e-02 -3.201731877965545259e+00 -3.161839846981237656e+00 5.365195086701370286e+01 -2.303647907894472269e+00
4.138975641457383614e-01 6.791531168702738541e-02 -2.273189481211025154e+00 -2.560104190221022868e+00 5.268478385006389431e+01 -2.702384514284954076e+00
4.424841135518251534e-01 7.266171129521345473e-02 -2.105647011486933007e+00 -2.349309736735230025e+00 5.243137811361375356e+01 -2.710674890913510549e+00
3.697083137808580000e-01 6.101697749309293456e-02 -2.875536478136843321e+00 -2.802566429944765236e+00 5.329004461844640161e+01 -2.561465034058254542e+00
3.037125322744884115e-01 5.159553437268199483e-02 -1.948388303353048023e+00 -1.518529912305584872e+00 5.229446834653062126e+01 -4.193928666385872361e+00
3.412840859901930535e-01 5.371658885192966137e-02 -2.809371911177108938e+00 -2.673955008476081030e+00 5.327258304309348347e+01 -2.758106485679867159e+00
2.991634547374458775e-01 4.962658883700968304e-02 -2.660236271517097961e+00 -2.237806025567382839e+00 5.306695081120701474e+01 -3.442797248511624275e+00
3.715422416245547366e-01 6.202657019481727652e-02 -2.253881931227374125e+00 -2.183413642765496654e+00 5.263708230028344559e+01 -3.193707159541658847e+00
3.289714170163786644e-01 5.877630862183738647e-02 -2.965487875224763314e+00 -2.765306644731611474e+00 5.340562351499553273e+01 -2.897604729763894049e+00
3.763956427900779222e-01 5.946092041079047846e-02 -1.958075746639885928e+00 -3.093197915336323156e+00 5.282245817912872354e+01 -2.876646506159634242e+00
3.346120446511329227e-01 5.742460792148483539e-02 -1.719142820294388585e+00 -1.652813464146210443e+00 5.212841303764296441e+01 -4.030456569766490027e+00
3.986814979411491544e-01 6.664578191614779767e-02 -3.590666636949645163e+00 -3.759636089090085065e+00 5.407289977615042886e+01 -1.467342022713292060e+00
3.489768162424804476e-01 5.735726860548089057e-02 -1.751836347453489040e+00 -1.181228878727413001e+00 5.193860273001611461e+01 -4.077608904127147049e+00
2.966639445821135368e-01 5.286645688467735832e-02 -1.593761896453824267e+00 -1.674054382228461924e+00 5.216238232894585281e+01 -4.528488379805217789e+00
4.314703350942600268e-01 6.977451374208923363e-02 -1.766944410084832828e+00 -1.798826899766244214e+00 5.203031676879564316e+01 -3.193838569877566425e+00
3.579156275940507115e-01 5.866367690253351808e-02 -1.665525826771305784e+00 -1.322520156129657121e+00 5.194527407576804023e+01 -4.029340629335409041e+00
3.182017764337291554e-01 5.504244499383897232e-02 -3.767588108382341705e+00 -3.192061881014672142e+00 5.412420410047757713e+01 -2.275037569897490286e+00
2.824717409079064989e-01 4.769715678563333366e-02 -3.557221653247108151e+00 -2.348376417952243944e+00 5.373211688960609678e+01 -2.977901005623017294e+00
3.344892467701034433e-01 5.322666185649879700e-02 -2.718433148481386397e+00 -2.510955725879520095e+00 5.317142075092041864e+01 -2.965872397513098058e+00
4.592115461876012383e-01 7.220445798181665542e-02 -2.812789637348137362e+00 -3.103127829063033083e+00 5.320650116175994526e+01 -1.806827618947144165e+00
3.115429983918668322e-01 5.180679008433333732e-02 -2.743847738365869926e+00 -2.289334010008783338e+00 5.313181040356598572e+01 -3.302066423951409035e+00
2.784458517331717120e-01 4.588630466367477762e-02 -2.099631133609211275e+00 -1.250689699323505266e+00 5.238230480642910436e+01 -4.398803606626520590e+00
4.376111239948594078e-01 7.264200079805317734e-02 -2.076731686326050763e+00 -2.380686090156881818e+00 5.242749444564949357e+01 -2.816184990564306379e+00
3.658424743357920894e-01 6.403821788606503529e-02 -2.201311248992638525e+00 -2.231588759373208219e+00 5.258920114208573438e+01 -3.305856657850677394e+00
3.938866014346759092e-01 6.365043080683019383e-02 -2.693490893937972253e+00 -2.820552407835763997e+00 5.312620492116140980e+01 -2.440089403501676912e+00
4.294261175814587106e-01 7.322176336581495693e-02 -3.276155020073778346e+00 -3.468265261753358697e+00 5.366673919397045012e+01 -1.610078715223619339e+00
3.448191293404717084e-01 5.673628011303619156e-02 -1.670979988564848417e+00 -3.043479336419727233e+00 5.267843125292584716e+01 -3.350683716355628672e+00
3.533145621124002544e-01 5.934517845613787590e-02 -3.811949303025191860e+00 -3.931357300063334392e+00 5.436731485573164235e+01 -1.605648179988021340e+00
4.309668577016576019e-01 6.785961781774196844e-02 -1.594385903579098374e+00 -1.948462433429115181e+00 5.198725445091926645e+01 -3.266036510450664565e+00
3.519672987873676551e-01 5.493943423990121228e-02 -2.088332983536497878e+00 -1.861313705554226372e+00 5.244694606639042433e+01 -3.499770098310410305e+00
3.645118435605164686e-01 5.769710342756238786e-02 -3.900943313074742402e+00 -3.864689872203038057e+00 5.440762352246982658e+01 -1.429817570651118919e+00
4.016343827500238883e-01 7.241256312148759700e-02 -3.622753806287753786e+00 -3.783483589313056061e+00 5.405830288851127108e+01 -1.561720154232723701e+00
3.783744753020389928e-01 6.606557610901332700e-02 -3.405022638203726082e+00 -3.660663433426095015e+00 5.393498599865184673e+01 -1.820100347030061405e+00
3.937556647490884632e-01 6.493797016144188528e-02 -2.396819492012339126e+00 -2.773178504354341989e+00 5.290303412818411744e+01 -2.691030348196131072e+00
4.390731515896610371e-01 7.210343538125886520e-02 -2.092740695599804024e+00 -2.306700448582930107e+00 5.241340263856839954e+01 -2.760537950354049919e+00
3.559453913807297254e-01 5.938865191256313680e-02 -2.399323434382024445e+00 -2.477338316351945124e+00 5.288537363611001751e+01 -3.150292863807276245e+00
3.009815246198385696e-01 5.103336096784148734e-02 -1.861501366188598183e+00 -1.422217710208697916e+00 5.220652269978049986e+01 -4.310048382432388969e+00
3.424811323973218635e-01 5.379345617379649447e-02 -2.812009187819547229e+00 -2.689435585062240897e+00 5.327824898862460401e+01 -2.736212690183074336e+00
2.796170947596164358e-01 4.774636133302839758e-02 -2.591751343026101218e+00 -2.034015923618036847e+00 5.297160612835276794e+01 -3.761631426103244635e+00
3.722251582917195933e-01 6.219389276713438441e-02 -1.886343209180787017e+00 -1.869953011483524774e+00 5.226756525740783133e+01 -3.551540617545172029e+00
3.920484727934281932e-01 6.941658620576027228e-02 -3.661625516582630802e+00 -3.957993133311914491e+00 5.418721903402506257e+01 -1.461186115892419313e+00
3.698803916098684641e-01 5.817394729508301721e-02 -1.969431995859839635e+00 -3.035414502187410157e+00 5.282470273590936216e+01 -2.940675436348262117e+00
3.418812320085548029e-01 5.740034043069990044e-02 -2.001852365524626531e+00 -1.868515095424670314e+00 5.239277922723258740e+01 -3.697633643117808511e+00
3.984299859462724358e-01 6.647998944291677592e-02 -3.753938494180309782e+00 -3.865310600357226178e+00 5.422573334779722387e+01 -1.313489927693152648e+00
3.564025723388337119e-01 5.862981959646850622e-02 -2.368923583618515849e+00 -1.959482077807344069e+00 5.263521171697247070e+01 -3.304235781133494587e+00
2.871984838612770541e-01 5.092042032416521646e-02 -1.876135784213386337e+00 -1.865698070313880574e+00 5.244592257277636094e+01 -4.313872883493632848e+00
3.923170837339690631e-01 6.426017198100635042e-02 -1.970443443877671008e+00 -1.839087390215632833e+00 5.225084578164655369e+01 -3.360130116249588017e+00
3.226359303510811793e-01 5.378892246919994569e-02 -2.116289739047255036e+00 -1.696094350431303743e+00 5.244953915652874343e+01 -3.865942731143794386e+00
3.182017764337291554e-01 5.504244499383897232e-02 -3.767588108382341705e+00 -3.192061881014672142e+00 5.412420410047757713e+01 -2.275037569897490286e+00
3.205390160384755660e-01 5.362151519697881674e-02 -3.420010984081453653e+00 -3.060604147612786541e+00 5.383953658371981277e+01 -2.463288363605711240e+00
3.152029221439023310e-01 4.838678296982392574e-02 -2.924445398870346935e+00 -2.635160134646216790e+00 5.341412770367277574e+01 -2.864173131729283561e+00
4.557202191850947548e-01 7.196960764858487125e-02 -2.783131073628679175e+00 -3.120984457784045318e+00 5.319691634333951669e+01 -1.842496226209502819e+00
3.310198151940834665e-01 5.428390797075492713e-02 -2.836636141865206628e+00 -2.445094161771621977e+00 5.322954512566505514e+01 -3.021702758799587052e+00
2.680001889953553817e-01 4.423822822923161036e-02 -2.134962242421585721e+00 -1.258418560761335181e+00 5.243525662445949109e+01 -4.457958467348819731e+00
4.386455426383650269e-01 7.281928115242608524e-02 -2.067298271335884507e+00 -2.364758564689569464e+00 5.241251538453722247e+01 -2.823300581983923863e+00
4.027587351075047617e-01 6.944730789881682631e-02 -1.793039355263977619e+00 -2.087205313165018339e+00 5.218378001617929840e+01 -3.351187588752062574e+00
3.539524319573078004e-01 5.847165831799969182e-02 -2.525333058066739245e+00 -2.582530454811417631e+00 5.298931102799684822e+01 -2.911676705846009128e+00
4.232671326573412829e-01 7.425963836372914684e-02 -3.188631401401885945e+00 -3.295296273403937715e+00 5.353518857564191080e+01 -1.847139108321933509e+00
3.397577043865389612e-01 5.597529122293590925e-02 -1.656420796835442300e+00 -3.220980528005073396e+00 5.275401102532647712e+01 -3.308621760404385714e+00
3.352583824484945962e-01 5.569179665600049872e-02 -3.438899548511124671e+00 -3.407314838811320357e+00 5.395797634759970407e+01 -2.182994978624974713e+00
4.420412737113024182e-01 6.920957489366641457e-02 -1.460518826441961071e+00 -1.857285579491265270e+00 5.184316207741257898e+01 -3.316992261342260662e+00
3.647803189773700105e-01 5.915140907785542551e-02 -2.481033041129481198e+00 -2.330461405975325029e+00 5.285152210598856470e+01 -3.009084222921323715e+00
3.511979422969330189e-01 5.689910229983311668e-02 -3.566924905218428421e+00 -3.515544108971699444e+00 5.407712553697970037e+01 -1.918365577469782313e+00
4.055705441853020288e-01 7.153598496071576773e-02 -3.298034569603556232e+00 -3.494504674351426754e+00 5.372932914016642769e+01 -1.828980634288005058e+00
3.783744753020389928e-01 6.606557610901332700e-02 -3.405022638203726082e+00 -3.660663433426095015e+00 5.393498599865184673e+01 -1.820100347030061405e+00
3.999658121708606906e-01 6.749238023705103617e-02 -2.756939523236650036e+00 -3.220022546584011991e+00 5.329247444916027376e+01 -2.252968310644972050e+00
4.615463948014133511e-01 7.443670246982542205e-02 -1.265112812887030591e+00 -1.499972470184772089e+00 5.149995070937137598e+01 -3.451426797250680689e+00
3.635586135881920811e-01 6.004264341882286499e-02 -2.099291970762167114e+00 -2.000268528730352990e+00 5.247666708304515737e+01 -3.452183514699417088e+00
3.202912971526433172e-01 5.231694363010895577e-02 -1.926729322548459855e+00 -1.435223074997577397e+00 5.220579923382994281e+01 -4.044090295327039009e+00
3.218664752603785928e-01 5.104048667354958713e-02 -2.975602379982259293e+00 -2.667704481590243759e+00 5.341453441745868957e+01 -2.796687573500392432e+00
2.796170947596164358e-01 4.774636133302839758e-02 -2.591751343026101218e+00 -2.034015923618036847e+00 5.297160612835276794e+01 -3.761631426103244635e+00
3.876650617495017159e-01 6.432435671980744896e-02 -1.285789580456160541e+00 -1.410227961385517093e+00 5.167153497306661336e+01 -4.015837218734659153e+00
3.980104500960889857e-01 7.080398198131168663e-02 -3.413965592048752384e+00 -3.698390832474631296e+00 5.390894556701680074e+01 -1.699910391306744817e+00
3.938253608432468189e-01 5.983375585715407230e-02 -1.057388053353433666e+00 -2.802127657990430176e+00 5.212697569145131382e+01 -3.413768001623385118e+00
3.315351763088767445e-01 5.653497231523851863e-02 -1.746793488043387299e+00 -1.579220325246534440e+00 5.212911871660542573e+01 -4.069911221770686538e+00
3.984299859462724358e-01 6.647998944291677592e-02 -3.753938494180309782e+00 -3.865310600357226178e+00 5.422573334779722387e+01 -1.313489927693152648e+00
3.707688769521950145e-01 6.047835997373148670e-02 -1.872568518509619917e+00 -1.465374121384306116e+00 5.208154417371518718e+01 -3.675120953073910179e+00
2.866022579531941616e-01 5.071289689160984882e-02 -1.884173948079438388e+00 -1.846838282006023402e+00 5.244559132905054355e+01 -4.318347632875058295e+00
4.082278662165237382e-01 6.609353327404839107e-02 -1.588024563285878488e+00 -1.278968611145634204e+00 5.173432784708441545e+01 -3.720438731776617214e+00
2.906356023206979056e-01 4.875410730348849614e-02 -2.228643687572894549e+00 -1.607037625373572975e+00 5.256330253587578483e+01 -4.072160604052385224e+00
3.122677206466997757e-01 5.377225946760708086e-02 -3.412968764775609287e+00 -2.871835933037133248e+00 5.377655234494577741e+01 -2.666799506239615258e+00
2.951808624202899578e-01 5.130918206022768574e-02 -3.065472559756480031e+00 -2.428237559708162685e+00 5.338499292186783407e+01 -3.176529098933030149e+00
3.190756129158693888e-01 5.102109354222041093e-02 -3.079276282888376848e+00 -2.759146279799622015e+00 5.353749417668400667e+01 -2.745324067946500080e+00
4.555283280908232202e-01 7.210049268777994624e-02 -2.795612719753298947e+00 -3.124811229269307766e+00 5.320569076386065177e+01 -1.836908676747399216e+00
3.329049785478411794e-01 5.440305142197243704e-02 -2.731705510362567590e+00 -2.334383437145356677e+00 5.311982700915913824e+01 -3.122143797541085508e+00
2.680001889953553817e-01 4.423822822923161036e-02 -2.134962242421585721e+00 -1.258418560761335181e+00 5.243525662445949109e+01 -4.457958467348819731e+00
4.113983218280047316e-01 6.923883699977666228e-02 -2.073180703274866143e+00 -2.618156661434863253e+00 5.258095593376757648e+01 -2.902131475296133356e+00
4.044833503584587264e-01 6.961501232848608944e-02 -1.328358583454787301e+00 -1.704858459156935568e+00 5.171895952408414843e+01 -3.780273949173957870e+00
3.588692640660700595e-01 6.037304634499901512e-02 -2.440275174082315868e+00 -2.754958689102224412e+00 5.298590802934698019e+01 -2.885694692259471505e+00
4.456064515757165445e-01 8.064562223301104116e-02 -3.579160082301189760e+00 -3.354170514051339147e+00 5.374783521542811826e+01 -1.476359017887301395e+00
3.392493000680879556e-01 5.574858829124069298e-02 -1.489655830172770479e+00 -2.818700555546625797e+00 5.248489945758499431e+01 -3.608616946170070339e+00
3.334691366323010442e-01 5.502995014320827966e-02 -3.723685502971797678e+00 -3.704292078747239536e+00 5.427143918787057686e+01 -1.887925644295681771e+00
4.420412737113024182e-01 6.920957489366641457e-02 -1.460518826441961071e+00 -1.857285579491265270e+00 5.184316207741257898e+01 -3.316992261342260662e+00
3.647803189773700105e-01 5.915140907785542551e-02 -2.481033041129481198e+00 -2.330461405975325029e+00 5.285152210598856470e+01 -3.009084222921323715e+00
3.481977314200776497e-01 5.614362958510920459e-02 -3.806714113887153417e+00 -3.750340779665743085e+00 5.433531770252567838e+01 -1.685340458012323239e+00
4.060344930610415015e-01 7.152045232640399930e-02 -3.306185615382910559e+00 -3.501899114250074607e+00 5.373743471594737287e+01 -1.816499421271704939e+00
3.732717708671410284e-01 6.537758112084549045e-02 -3.373601034253644659e+00 -3.536445585821382132e+00 5.387610979859378801e+01 -1.922832011374495886e+00
3.854568980316008253e-01 6.586265152265828593e-02 -3.060066147116284441e+00 -3.485071577167621726e+00 5.362575354281602813e+01 -2.071304558893501291e+00
4.118323081640730687e-01 6.572666053948347797e-02 -1.458189964264597904e+00 -1.438353567275346911e+00 5.173255502009662621e+01 -3.701345774045631920e+00
3.948097460432290484e-01 6.521754786259409409e-02 -2.711713646578850057e+00 -2.968333760777838393e+00 5.321738704741324000e+01 -2.439144730696582108e+00
3.301085328075594738e-01 5.397233293723014552e-02 -1.894103065280895670e+00 -1.382654458376797457e+00 5.214037034635310874e+01 -4.025003166563851487e+00
3.192616548343815697e-01 5.034217135832738665e-02 -2.958916001942405671e+00 -2.624237886184769053e+00 5.339354781033483732e+01 -2.838592599685768825e+00
2.966903736307509587e-01 5.049292639396153054e-02 -2.466690263538485528e+00 -2.045038396825587412e+00 5.285626907396054008e+01 -3.698434518566110718e+00
4.104757099647625695e-01 6.695875397514571004e-02 -1.640544936230100115e+00 -1.832923836144326302e+00 5.202540802272095988e+01 -3.440340521940945528e+00
3.242533701075495101e-01 5.428354274168990801e-02 -2.694108133893528212e+00 -2.866827430594505621e+00 5.328825710888158085e+01 -2.946993462326476187e+00
3.403838518114739586e-01 5.593869002328874518e-02 -2.316341966463470570e+00 -2.751758885421184520e+00 5.298975369564143989e+01 -3.164283863716260026e+00
3.292731205694839902e-01 5.629943460059877447e-02 -1.585524411094277664e+00 -1.402608091177727889e+00 5.195648558704796471e+01 -4.264603041811644957e+00
3.740968688734253589e-01 6.298765150248981926e-02 -3.859066110805884353e+00 -3.823186609275203818e+00 5.432020775827318460e+01 -1.461433663915433945e+00
3.707688769521950145e-01 6.047835997373148670e-02 -1.872568518509619917e+00 -1.465374121384306116e+00 5.208154417371518718e+01 -3.675120953073910179e+00
2.759872348306775525e-01 4.925942632928973636e-02 -1.695807341580324312e+00 -1.654815156422292155e+00 5.227003824298594736e+01 -4.612751323103448264e+00
4.132121111451356188e-01 6.637657464876033087e-02 -1.479118451375663001e+00 -1.638532924075927877e+00 5.180197806471537092e+01 -3.570910606253526076e+00
3.042322673738112049e-01 5.057118642644604922e-02 -2.390462094088378731e+00 -1.841000798317090181e+00 5.274231811482428611e+01 -3.766571511761314994e+00
3.143252023388674044e-01 5.331381381132961617e-02 -3.591695548409045813e+00 -3.140166078677663286e+00 5.400276334025247138e+01 -2.397641171890048106e+00
3.164748981041816678e-01 5.406028782656075587e-02 -2.839664620810094853e+00 -2.273044316525146158e+00 5.313472930083658952e+01 -3.220098041618884022e+00
3.537330167904218503e-01 5.733249596894932076e-02 -2.697375875362591380e+00 -2.624684105586652549e+00 5.314222629621065863e+01 -2.790990965079478414e+00
4.772909513594385533e-01 7.455617037967249283e-02 -3.333048473236812193e+00 -3.730588444309131724e+00 5.375489412795441524e+01 -1.083114399055574051e+00
3.283410675330222794e-01 5.376114150806052261e-02 -2.739227937462340723e+00 -2.270771761245900855e+00 5.311491880072837546e+01 -3.194707139419832753e+00
2.789552342261309992e-01 4.675645754871027293e-02 -2.282388145521172973e+00 -1.531944379134472900e+00 5.260781543787341974e+01 -4.168924610813512288e+00
3.843012437628414157e-01 6.405963034949216373e-02 -2.304900311703888427e+00 -2.533391077621529153e+00 5.277398818307097628e+01 -2.965562311230717008e+00
3.488392140222884019e-01 5.850451518900831593e-02 -1.627189937432441891e+00 -1.328990438814955377e+00 5.191836431568421517e+01 -4.114087666413299260e+00
3.567489819642611915e-01 6.065536042723097127e-02 -2.581406921168805102e+00 -3.048942336320114244e+00 5.320592602787351666e+01 -2.702407073056479980e+00
4.456064515757165445e-01 8.064562223301104116e-02 -3.579160082301189760e+00 -3.354170514051339147e+00 5.374783521542811826e+01 -1.476359017887301395e+00
3.449846909328491140e-01 5.697215541477559930e-02 -1.522391088132569514e+00 -2.711422760506871477e+00 5.244672597882303222e+01 -3.610454032824733872e+00
3.662786396904827990e-01 5.990494488778793508e-02 -2.842117220220572449e+00 -2.898249403131514246e+00 5.330105729162701778e+01 -2.545639610392925967e+00
4.296649736379387630e-01 6.831384586546959681e-02 -1.730138103344416312e+00 -2.071609277085854295e+00 5.212592562328696744e+01 -3.149818003973983593e+00
3.946997042948955925e-01 6.307721797186567614e-02 -1.979719207973811734e+00 -1.979176154074913541e+00 5.233027126929555806e+01 -3.281397907255139579e+00
3.685557348359574381e-01 6.157151740119203021e-02 -3.640010051999149177e+00 -3.683750478752467750e+00 5.414286266396964464e+01 -1.708090165841861685e+00
4.060344930610415015e-01 7.152045232640399930e-02 -3.306185615382910559e+00 -3.501899114250074607e+00 5.373743471594737287e+01 -1.816499421271704939e+00
3.667611399041427744e-01 6.376120981703593815e-02 -3.100506150754634760e+00 -3.160931785330295618e+00 5.356310078631829441e+01 -2.300137434843529505e+00
3.961053596045450709e-01 6.715570483039498551e-02 -3.062519426984918081e+00 -3.771408068848836947e+00 5.372465032601046886e+01 -1.858302975317386752e+00
4.400910435159690048e-01 6.961526612546325987e-02 -1.745604034165172180e+00 -1.884907781818592420e+00 5.204261610184067166e+01 -3.121943509039131204e+00
4.070186383818524267e-01 6.629084524373973775e-02 -2.788202997791449533e+00 -3.083832634514022342e+00 5.329058094633674614e+01 -2.242501387839825000e+00
2.921442344363687216e-01 4.830473003027682677e-02 -2.022303676879506629e+00 -1.197785290081891052e+00 5.222354272181176071e+01 -4.296419645227685713e+00
3.192616548343815697e-01 5.034217135832738665e-02 -2.958916001942405671e+00 -2.624237886184769053e+00 5.339354781033483732e+01 -2.838592599685768825e+00
3.063029089782843273e-01 5.209784740530813696e-02 -2.162389983636582969e+00 -1.812863613645764316e+00 5.252920161796865273e+01 -3.916892264417322966e+00
4.104757099647625695e-01 6.695875397514571004e-02 -1.640544936230100115e+00 -1.832923836144326302e+00 5.202540802272095988e+01 -3.440340521940945528e+00
3.432163818121584109e-01 5.759503010505773180e-02 -3.137317625573327717e+00 -3.230675289355741775e+00 5.368086382244538157e+01 -2.381810669330984176e+00
3.428700804413787329e-01 5.643267041602498951e-02 -2.330603356419617800e+00 -2.753568053121227877e+00 5.299312236718887448e+01 -3.138504382198152420e+00
3.319818038958595730e-01 5.637566971403481370e-02 -1.616980238399389869e+00 -1.338198250241404041e+00 5.194624692289991685e+01 -4.248497121560279588e+00
3.740968688734253589e-01 6.298765150248981926e-02 -3.859066110805884353e+00 -3.823186609275203818e+00 5.432020775827318460e+01 -1.461433663915433945e+00
3.700692663072461253e-01 6.038504435298188561e-02 -1.872955807360024982e+00 -1.462952679991261107e+00 5.208223328490988990e+01 -3.680429106109443183e+00
2.651465251783838850e-01 4.829003550634496794e-02 -1.103989626759178444e+00 -1.222687777562102340e+00 5.173815459371327563e+01 -5.285072592684176840e+00
3.818735429936628289e-01 6.120753515212909446e-02 -1.896856779155593475e+00 -1.908882740712656068e+00 5.226523680741026112e+01 -3.403177928309252920e+00
3.023097586395889214e-01 5.016848522836264701e-02 -2.373974949758809849e+00 -1.776287404207182563e+00 5.271151464663586239e+01 -3.820795976138624095e+00
2.989680177490430246e-01 5.134422732610819523e-02 -3.640837090136125109e+00 -3.111013100048444002e+00 5.405235817547968935e+01 -2.494938808830331478e+00
3.164748981041816678e-01 5.406028782656075587e-02 -2.839664620810094853e+00 -2.273044316525146158e+00 5.313472930083658952e+01 -3.220098041618884022e+00
3.664692523808676383e-01 5.908867016398743066e-02 -2.911059313699196682e+00 -3.036950912810775005e+00 5.342581946135829440e+01 -2.374862545510921130e+00
4.467911184158978033e-01 7.030280528510970961e-02 -3.167817115207923528e+00 -3.391629880385978790e+00 5.357497494957210193e+01 -1.558384436123200434e+00
3.283410675330222794e-01 5.376114150806052261e-02 -2.739227937462340723e+00 -2.270771761245900855e+00 5.311491880072837546e+01 -3.194707139419832753e+00
2.660149179585221679e-01 4.431031181542612052e-02 -2.460853019306437517e+00 -1.568283467547925802e+00 5.277587761889127194e+01 -4.143206803038296471e+00
3.603024457915874890e-01 6.077495583747214575e-02 -2.509056274775502970e+00 -2.627412349712018091e+00 5.299279297673109568e+01 -2.951431536235304520e+00
3.562897017458540039e-01 6.056058215922923565e-02 -1.291732618870451210e+00 -1.002721961274250173e+00 5.154677055275482900e+01 -4.435380585675122056e+00
3.783149606576732271e-01 6.297063923715466582e-02 -2.581646471703865409e+00 -2.988613296720727508e+00 5.315425807904793487e+01 -2.583121751413378409e+00
3.961497023781649363e-01 6.790641907028280300e-02 -2.534023965604109918e+00 -2.300110722516280681e+00 5.278061297440837762e+01 -2.842920898370991711e+00
3.888346353677232803e-01 6.371105629768246403e-02 -2.231868611844782802e+00 -3.879115238207237581e+00 5.330249315596743287e+01 -2.317984880239477796e+00
3.504422755474124185e-01 5.804738466027878352e-02 -2.729952881160281564e+00 -2.528406862017410717e+00 5.310638592849166173e+01 -2.896622459684318862e+00
4.109850467282430975e-01 6.627849976174904345e-02 -2.398271690636442521e+00 -2.245341109404415114e+00 5.265381259801682745e+01 -2.806868028781456914e+00
4.638899556272643721e-01 7.231230757154619160e-02 -1.554940030430804310e+00 -1.613884975372680275e+00 5.174995224957490336e+01 -3.181727493392772388e+00
3.646418671821626822e-01 6.112976620319792581e-02 -3.783947691731869067e+00 -3.824362706729377059e+00 5.430132215118196370e+01 -1.588018279713126146e+00
3.998734705726816330e-01 6.969822489171030588e-02 -3.382015271132377876e+00 -3.699148039476218841e+00 5.388884088170898679e+01 -1.714829133984854703e+00
3.657502313207077194e-01 6.340295234125148394e-02 -2.743380304338433273e+00 -2.842159327287602899e+00 5.320625156451865934e+01 -2.673803778437675582e+00
4.015272298687158070e-01 6.813580957362140589e-02 -3.054851550885440581e+00 -3.826840847101889764e+00 5.372913906358039071e+01 -1.804636012602037987e+00
4.753057808143796859e-01 7.340111830510996638e-02 -1.392450073834765156e+00 -1.393065244210958342e+00 5.155107974337821730e+01 -3.299211326815326029e+00
4.431589200994242583e-01 6.993215243260728076e-02 -2.582366745307048905e+00 -2.807217689660359561e+00 5.299890438860271047e+01 -2.224458104908693556e+00
3.170697576924679240e-01 5.227707208984617299e-02 -2.082254459851588191e+00 -1.437909201541775595e+00 5.232585872681548267e+01 -3.988882128156661100e+00
3.712133242913513986e-01 6.110723186897945580e-02 -2.990509547849637517e+00 -3.068940014383897186e+00 5.346549306636029542e+01 -2.306657132346836114e+00
3.197721386352786466e-01 5.363682507337756700e-02 -2.291929943881243048e+00 -2.037901544083580596e+00 5.268277033133264098e+01 -3.610731739114127592e+00
4.248986365146670829e-01 6.819324670751836237e-02 -1.385963592553993262e+00 -1.523020234754003610e+00 5.172093612297322096e+01 -3.614170590174615061e+00
3.660372924957119856e-01 6.035386283852348099e-02 -3.057851471891770867e+00 -3.168593002143533788e+00 5.356995960229108533e+01 -2.295071148325208643e+00
4.195781595507357409e-01 6.853182956794472147e-02 -2.200602961886356734e+00 -3.936584272461590928e+00 5.320995135824360034e+01 -2.135724734229034638e+00
3.315176983108111819e-01 5.637847932503437659e-02 -1.595710947443187422e+00 -1.310494394603496149e+00 5.192155725606499317e+01 -4.279399491475091466e+00
3.794526369608811622e-01 6.318925644527467744e-02 -3.378656401134567666e+00 -3.436566931357881938e+00 5.384611330338233870e+01 -1.880388888141494075e+00
3.645839046450275456e-01 6.044155908325027360e-02 -1.741445231859833243e+00 -1.351269213099412170e+00 5.197053433436341408e+01 -3.885933150626629029e+00
2.906723884978457129e-01 5.002171832834444859e-02 -2.062608857060958645e+00 -1.699187755056221105e+00 5.250081723084986862e+01 -4.199813481960716466e+00
3.900263146095612754e-01 6.137102801135280866e-02 -1.665476677142184281e+00 -1.637315293468061039e+00 5.199025778197431436e+01 -3.573914962609515023e+00
2.976110221875780670e-01 4.894982009481273211e-02 -1.955220306127356977e+00 -1.290489411081743309e+00 5.226368022061350871e+01 -4.322389724870848937e+00
3.008529715356014766e-01 5.163576113547562602e-02 -3.522403723045369528e+00 -3.006744963064509335e+00 5.392896337737003876e+01 -2.598277024833185678e+00
3.112159076126814750e-01 5.279920089323394961e-02 -2.688569138626028199e+00 -2.072824455076260453e+00 5.297456180678639015e+01 -3.434578175987786253e+00
3.599653151225009062e-01 5.662030092332098752e-02 -2.697188795411035844e+00 -2.763471858809491977e+00 5.319921565182424672e+01 -2.632269515558207651e+00
4.385646458478002496e-01 6.957273710624144181e-02 -3.321649924383772934e+00 -3.507784699205258150e+00 5.372457886242649039e+01 -1.472482399007925213e+00
3.678282988423124955e-01 5.964979723479347379e-02 -2.711158109449216536e+00 -2.441485259394467811e+00 5.307655243414838964e+01 -2.832133025475060073e+00
2.658556462367195894e-01 4.427682151369038976e-02 -2.455999848965242371e+00 -1.561707146094410525e+00 5.277060597092928873e+01 -4.150269873461976289e+00
3.453823270448169169e-01 5.924692968538447513e-02 -2.419945372369292524e+00 -2.527041541115070622e+00 5.291411947573784147e+01 -3.166811134550278073e+00
3.667282600697211459e-01 6.172134561675166053e-02 -1.584656237941074686e+00 -1.371195692051808246e+00 5.186529140573719587e+01 -4.017760322105290882e+00
3.962171548046288239e-01 6.381086392105111971e-02 -2.159610149566833392e+00 -2.237403122906608921e+00 5.254146932058417008e+01 -3.017771558003842447e+00
4.456970952230001060e-01 7.667054498121084194e-02 -3.245914861261531836e+00 -3.057161072447557526e+00 5.343380576180483388e+01 -1.747728026040236360e+00
3.636977665681964678e-01 6.026107482441627611e-02 -2.600581936399894545e+00 -3.629874019119678330e+00 5.348147931144927725e+01 -2.398065962561743092e+00
3.115774565154939557e-01 5.319382898061004311e-02 -3.204672979434324276e+00 -2.769475988285031942e+00 5.358202926652995757e+01 -2.797094142239855863e+00
3.959466862816719002e-01 6.491794044252907625e-02 -2.569570707982990587e+00 -2.555019121044311614e+00 5.292228404669892683e+01 -2.683659070485217235e+00
4.508472123566923950e-01 7.034128865304002665e-02 -1.559702287072791460e+00 -2.047043349648943078e+00 5.196848246760583834e+01 -3.074894587386784117e+00
4.160012931525507995e-01 6.908385415803408591e-02 -3.475219049934326954e+00 -3.994087765339330964e+00 5.406197921943817164e+01 -1.300767189563511117e+00
3.893908954549801238e-01 6.858027287468085320e-02 -3.605613610809124125e+00 -3.890469186878732888e+00 5.412668749193658613e+01 -1.570927169058232264e+00
3.744904998956458120e-01 6.507985038071038841e-02 -3.172077689072874573e+00 -3.304851909617127159e+00 5.364783449369853940e+01 -2.152608713961006615e+00
4.018430470998117232e-01 6.783743623672529310e-02 -2.992373328999581084e+00 -3.851226251333273787e+00 5.369864092148479529e+01 -1.821786368041466764e+00
4.426528011940352170e-01 6.918131653127310154e-02 -1.648717184495622989e+00 -1.543403781979951983e+00 5.184521006943337795e+01 -3.318940266972408626e+00
4.199416038655128247e-01 6.688282902347969516e-02 -2.865253117770766522e+00 -3.028617636447200834e+00 5.330726911741069074e+01 -2.090509573895994233e+00
3.170697576924679240e-01 5.227707208984617299e-02 -2.082254459851588191e+00 -1.437909201541775595e+00 5.232585872681548267e+01 -3.988882128156661100e+00
3.367834100355845406e-01 5.457363313064829413e-02 -2.733755284812833253e+00 -2.378854038616947442e+00 5.310787978680559718e+01 -3.003336227867126063e+00
3.223732712543795342e-01 5.465930736695041176e-02 -2.679962866499499885e+00 -2.485197878541836491e+00 5.310842959605665214e+01 -3.157956978735886544e+00
4.099145111378458828e-01 6.619760232107313458e-02 -1.811570211252975016e+00 -1.941927907934333009e+00 5.219163552850943688e+01 -3.278372083521397862e+00
3.512192729102817101e-01 5.661186983451516747e-02 -2.351748040393683681e+00 -2.345506396406075833e+00 5.280902106514284355e+01 -3.167404852723155084e+00
4.195781595507357409e-01 6.853182956794472147e-02 -2.200602961886356734e+00 -3.936584272461590928e+00 5.320995135824360034e+01 -2.135724734229034638e+00
3.300724486757244391e-01 5.616665213992733108e-02 -1.409780041330675360e+00 -1.137357442991881351e+00 5.173750705923042403e+01 -4.476668585431670344e+00
3.783717300769620651e-01 6.348221300909449860e-02 -3.528216606240808240e+00 -3.610618887425532719e+00 5.401772287217021074e+01 -1.726008840923665577e+00
3.619322778571548715e-01 6.028291936236945814e-02 -1.630107713012480142e+00 -1.198402164073691711e+00 5.184317126225197114e+01 -4.041707186237141869e+00
2.945229304451056351e-01 5.044082585236588784e-02 -2.080996963481682283e+00 -1.740291059775604499e+00 5.252041777353291252e+01 -4.134156383793402334e+00
4.069092952995283508e-01 6.558235695594791248e-02 -2.017967196163901633e+00 -2.155756815109438396e+00 5.238504648204685310e+01 -3.055511302983235922e+00
2.977583543002569888e-01 4.907188411419450419e-02 -2.026441790173878044e+00 -1.368485557605343406e+00 5.233935989952124146e+01 -4.244036506074277071e+00
2.996995370643649736e-01 5.143758261422111400e-02 -3.574508022245162842e+00 -3.029967914167044363e+00 5.397489225469266216e+01 -2.564495111020815177e+00
3.112159076126814750e-01 5.279920089323394961e-02 -2.688569138626028199e+00 -2.072824455076260453e+00 5.297456180678639015e+01 -3.434578175987786253e+00
3.288159124503940989e-01 5.186462135395838308e-02 -3.007193764139017400e+00 -2.933845916604991277e+00 5.354624527729823313e+01 -2.607805685308491661e+00
4.300954315253335825e-01 6.857501963816715895e-02 -2.875258001134975316e+00 -3.044904615121196478e+00 5.327142826573386003e+01 -2.006318171010849305e+00
4.134828732725162048e-01 6.708115171777682961e-02 -3.470038904935373480e+00 -3.352855109573989356e+00 5.384559669657250680e+01 -1.629137308137514673e+00
3.020251480438472802e-01 5.008043466409028976e-02 -2.725208597216415729e+00 -2.181485840937461340e+00 5.310889923879007313e+01 -3.424452972966849362e+00
3.302770591096954034e-01 5.606136131416757790e-02 -2.287416728337127836e+00 -2.402292921928062874e+00 5.281964393336613028e+01 -3.396339833611468961e+00
3.691938679513679933e-01 6.184857872964370090e-02 -1.573077182314248645e+00 -1.375958966438223685e+00 5.185534740885749727e+01 -3.998645438952213471e+00
3.850688024010449073e-01 6.166711558959928757e-02 -2.601572946826262722e+00 -2.532229476390567946e+00 5.295446598041090880e+01 -2.682515231061997962e+00
3.983745452708529200e-01 6.846824956377110805e-02 -2.986503843900134125e+00 -2.558046341766671894e+00 5.316094124554101796e+01 -2.440724300135929781e+00
3.636977665681964678e-01 6.026107482441627611e-02 -2.600581936399894545e+00 -3.629874019119678330e+00 5.348147931144927725e+01 -2.398065962561743092e+00
3.416399667415638275e-01 5.786207881991021346e-02 -2.897937563214607160e+00 -2.523114454798000228e+00 5.321061172241019221e+01 -2.897762247885697473e+00
4.395221103091628834e-01 7.201053677392067753e-02 -2.087874241959973620e+00 -2.183400972313224830e+00 5.235633827045829491e+01 -2.829981548008345893e+00
4.072084422912318757e-01 6.218113902644069324e-02 -1.662694789004577789e+00 -1.785865028770887264e+00 5.204144903275401646e+01 -3.390682137108282923e+00
3.683442437991388818e-01 6.149837845550555626e-02 -3.132108227318755489e+00 -3.158757469540887541e+00 5.359929964918870127e+01 -2.243854798990424726e+00
4.047039452128865511e-01 6.946210757787553425e-02 -3.406988796774832906e+00 -3.721477008257554342e+00 5.390945868481833259e+01 -1.646145736044692942e+00
3.794729089683293033e-01 6.364319455274615456e-02 -2.605638005186221129e+00 -2.672392963740883420e+00 5.302359002073934846e+01 -2.704279272883601148e+00
3.970122218167233541e-01 6.760915273055896624e-02 -2.949056105448731646e+00 -3.896406913119520254e+00 5.369522871544899090e+01 -1.867738246571340799e+00
4.289229647462908801e-01 6.777922801249575135e-02 -1.501080245826053039e+00 -1.515384999388942333e+00 5.176219654353208455e+01 -3.519638760515656717e+00
4.199416038655128247e-01 6.688282902347969516e-02 -2.865253117770766522e+00 -3.028617636447200834e+00 5.330726911741069074e+01 -2.090509573895994233e+00
3.141407794791682417e-01 5.212411975479321058e-02 -2.051766435017542189e+00 -1.500724787765458368e+00 5.233774711026559601e+01 -4.010040269137414626e+00
3.386994952776962164e-01 5.485000291282678131e-02 -2.739075627261865709e+00 -2.397561618354305146e+00 5.311424738369943555e+01 -2.975132743269759406e+00
3.377354696139537871e-01 5.699310989858372839e-02 -2.860377723534926364e+00 -2.726124260362785101e+00 5.329384932721195867e+01 -2.827993901495299056e+00
4.151731557445491050e-01 6.662342644464692987e-02 -1.738218075637779636e+00 -1.934349999719171986e+00 5.213393676056010406e+01 -3.284114416828277427e+00
3.631149377055745697e-01 5.996061073064593711e-02 -2.638536661676995188e+00 -2.804292446485473711e+00 5.314496499746027780e+01 -2.727670592026163021e+00
3.171196942441540934e-01 5.375647608934473742e-02 -2.271063125712413644e+00 -3.119961403710837189e+00 5.316412468373345490e+01 -3.237555044565772810e+00
3.300724486757244391e-01 5.616665213992733108e-02 -1.409780041330675360e+00 -1.137357442991881351e+00 5.173750705923042403e+01 -4.476668585431670344e+00
3.762205260545996022e-01 6.256597766907170954e-02 -3.487579308971323844e+00 -3.530434745202799540e+00 5.396984999503870029e+01 -1.786588125202228428e+00
3.544719532524708283e-01 5.889096826959464015e-02 -1.727703109015582772e+00 -1.222677670922067028e+00 5.193615109097378024e+01 -4.012195196534627861e+00
2.839620857040614510e-01 4.906480678430377024e-02 -2.147402959274418599e+00 -1.784011120940548256e+00 5.260169258992694807e+01 -4.160806184526045115e+00
4.158999420398527547e-01 6.663801839765606805e-02 -1.875146108476873463e+00 -2.022882739767840832e+00 5.222194619976359320e+01 -3.131822561445509301e+00
2.798700107900936596e-01 4.654895974002315473e-02 -1.917592370799257706e+00 -1.041568534189697415e+00 5.218220846100391697e+01 -4.604283904543942540e+00
3.079839226092118687e-01 5.286741387200739190e-02 -3.525141385201692401e+00 -2.990347139628937612e+00 5.390655596471416544e+01 -2.554103775512404972e+00
3.220569317266835374e-01 5.465157439527632693e-02 -2.788194469137792453e+00 -2.370068863473719034e+00 5.313502899781754252e+01 -3.157294576144062503e+00
3.295470978239276039e-01 5.300747163395030936e-02 -2.729978497600786369e+00 -2.571173036935300971e+00 5.320399630666335611e+01 -2.987483500982384577e+00
4.477211422851312128e-01 7.082079130778816400e-02 -3.619530392798529839e+00 -3.802169343291784909e+00 5.404091659490124044e+01 -1.117874184287367179e+00
3.948885032033258025e-01 6.359208182599315751e-02 -2.964450679058339144e+00 -2.917069551541108474e+00 5.336304780669377124e+01 -2.234201969105142016e+00
2.815508243640265640e-01 4.776687262347280999e-02 -2.768871088094741140e+00 -2.027427330047114840e+00 5.313005371801307319e+01 -3.667909997291716628e+00
3.695030605596974493e-01 6.314308962329666375e-02 -1.932009829638207110e+00 -2.169023667913978493e+00 5.239650299346112661e+01 -3.447286180518711163e+00
4.015560078077293760e-01 6.767593469710261878e-02 -1.111753107742580848e+00 -1.069468615100579445e+00 5.134933113875246136e+01 -4.198453061549637155e+00
3.849389958930808375e-01 6.201413329485787329e-02 -2.943554716024070927e+00 -2.872140753609129682e+00 5.331565474185087794e+01 -2.346392236640479911e+00
3.961524871735389586e-01 6.794972748849273381e-02 -2.939231376898077563e+00 -2.560464376203860581e+00 5.313907497801243096e+01 -2.483581157753977031e+00
3.654013588698774018e-01 6.047620014668675381e-02 -2.663722563319186776e+00 -3.757150170490903385e+00 5.357194391594457272e+01 -2.290687730376034459e+00
3.253671263914257317e-01 5.603493475532861368e-02 -3.153940821372721359e+00 -2.670288595440412305e+00 5.346285774753082620e+01 -2.812913065817865377e+00
4.500755218065360941e-01 7.414872937908165151e-02 -1.727203894719046673e+00 -1.839752155298226999e+00 5.194487635467375952e+01 -3.121491128621061151e+00
4.177914527879365014e-01 6.285769603981088138e-02 -1.983757682771128739e+00 -2.087216860746925917e+00 5.235712734699243498e+01 -2.964877970629266279e+00
3.833836593793945036e-01 6.400374535215003213e-02 -3.099853746207279492e+00 -3.259928093546078376e+00 5.358631334286305048e+01 -2.113819489223653036e+00
4.105202893764771099e-01 7.054506461443871279e-02 -3.454463046370019885e+00 -3.807925357188223892e+00 5.396292557147123148e+01 -1.543499892341504198e+00
3.526946351676484848e-01 6.143797428389144444e-02 -3.131032451894958157e+00 -3.140189523872725985e+00 5.360109668961272433e+01 -2.401072537164945064e+00
4.243056109737092796e-01 6.899201215546306443e-02 -2.740502053593830478e+00 -3.663806857285948126e+00 5.344485525948074667e+01 -1.870796521400044821e+00
4.261325069597233228e-01 6.754788225737866358e-02 -1.599046385782585400e+00 -1.622283289160225017e+00 5.187397077647859334e+01 -3.433496047084302560e+00
4.193776516404686960e-01 6.739731237946872122e-02 -2.910887675078456915e+00 -3.093216213128375358e+00 5.335605933702594683e+01 -2.048555324675517042e+00
3.317432953128480189e-01 5.528610262828227706e-02 -2.354205062130432236e+00 -1.993327978539643608e+00 5.268388996663589552e+01 -3.461263802394293876e+00
3.436203371265199036e-01 5.656227220623019636e-02 -2.727270985570977579e+00 -2.195412453157376653e+00 5.300889873620565140e+01 -3.055340977301054473e+00
3.507321736433452464e-01 5.899309689376011634e-02 -2.945301220092904515e+00 -3.020933249395410858e+00 5.344136533387144539e+01 -2.543226649393185657e+00
4.151590189849653778e-01 6.662314261577882701e-02 -1.735554681056697301e+00 -1.932627944598646730e+00 5.213222488419265233e+01 -3.287076653953571626e+00
3.363565000435278507e-01 5.480805589719053850e-02 -2.141179969563507868e+00 -2.264530116708478147e+00 5.268013633440287435e+01 -3.454155816644199017e+00
3.168974692646473468e-01 5.401024241319630353e-02 -2.788595869789043391e+00 -3.080483476470172288e+00 5.346549588360532823e+01 -2.920832758897225823e+00
3.248310236574970533e-01 5.552261050574456430e-02 -1.389551263107217771e+00 -1.088269992722014301e+00 5.171309061633485982e+01 -4.550119012228407200e+00
3.759774476046083280e-01 6.074605805770372929e-02 -3.543721445772276546e+00 -3.527008582682258808e+00 5.402605876921527539e+01 -1.703074137961834822e+00
3.756019897441262856e-01 6.194730862003429428e-02 -2.034152453872682731e+00 -1.961306442088762259e+00 5.239264979340347850e+01 -3.364257889149178560e+00
2.848284628014962072e-01 4.916120984307317809e-02 -2.147841706723106370e+00 -1.787590302587703572e+00 5.260172442275754889e+01 -4.151610457883534444e+00
3.987529006425085676e-01 6.439774779150732320e-02 -2.107437119823540428e+00 -2.152819546223473601e+00 5.245721880229285716e+01 -3.069230704275788035e+00
2.798700107900936596e-01 4.654895974002315473e-02 -1.917592370799257706e+00 -1.041568534189697415e+00 5.218220846100391697e+01 -4.604283904543942540e+00
3.059655481107488306e-01 5.285430406734260844e-02 -3.599570891917504678e+00 -3.029583027241425697e+00 5.397231754589775932e+01 -2.513538201225248070e+00
3.198616852874905381e-01 5.390218994583251960e-02 -3.120342774180983714e+00 -2.602051851719303865e+00 5.343647176536574506e+01 -2.857333107884247436e+00
3.295470978239276039e-01 5.300747163395030936e-02 -2.729978497600786369e+00 -2.571173036935300971e+00 5.320399630666335611e+01 -2.987483500982384577e+00
4.269373955246379415e-01 6.920806442432028693e-02 -3.349486711093362157e+00 -3.452891783387128655e+00 5.374989629267115987e+01 -1.593196235294522589e+00
3.773884608439852517e-01 6.272308062185182054e-02 -3.389616031384951267e+00 -3.300621340636126888e+00 5.382120683144091089e+01 -1.952863714824509156e+00
2.820495744982100539e-01 4.762655359900327956e-02 -2.899959605842433508e+00 -2.067537149229486282e+00 5.323477006478474038e+01 -3.558616575594632625e+00
4.029869088360124585e-01 6.914308476499857192e-02 -1.715284370358882482e+00 -1.561176996246439019e+00 5.190583333974205260e+01 -3.581347926240914248e+00
4.015560078077293760e-01 6.767593469710261878e-02 -1.111753107742580848e+00 -1.069468615100579445e+00 5.134933113875246136e+01 -4.198453061549637155e+00
3.584597405068191134e-01 5.836535533715901669e-02 -3.070524665143934406e+00 -2.770580093876377603e+00 5.341672164729162375e+01 -2.509119059591570888e+00
3.942404706768850020e-01 6.810314456889887680e-02 -3.098593653797294678e+00 -2.650469186167629054e+00 5.328312884639451141e+01 -2.372149646661487310e+00
3.676121879567317285e-01 6.060593973451355865e-02 -2.667419130550078954e+00 -3.626439567799371488e+00 5.351237516516386705e+01 -2.329141001649984055e+00
3.188116123331657947e-01 5.395573150126506401e-02 -3.185222915871070981e+00 -2.753704341040416281e+00 5.354878731765292343e+01 -2.782694639031294770e+00
4.167043141531219796e-01 6.825151828713826863e-02 -2.355249389549097128e+00 -2.404032550578261596e+00 5.267450707617403083e+01 -2.706799064776407082e+00
4.184222343549495737e-01 6.419182190533198606e-02 -2.238473152587181492e+00 -2.396602678882082671e+00 5.264369744835369858e+01 -2.697893974218407376e+00
3.413826901236889921e-01 5.806126574390473721e-02 -3.569404029082631880e+00 -3.834464552550477467e+00 5.420896456712011968e+01 -1.856025341894044667e+00
4.002081252393738242e-01 7.022833723268571970e-02 -3.135251422582012726e+00 -3.488512357968307054e+00 5.363704763039304879e+01 -1.961160794154375164e+00
3.494469575597497490e-01 6.090582174527627707e-02 -2.958504372109106662e+00 -2.913220415065926439e+00 5.340089244133994839e+01 -2.627887980986871597e+00
4.109416493043540064e-01 6.718040113961859516e-02 -2.910045139133399239e+00 -3.764457466202518088e+00 5.362276524557159973e+01 -1.821970442568330517e+00
4.223079221575317677e-01 6.840526731465475241e-02 -2.167486885573418842e+00 -2.300457031289709242e+00 5.251824083478179261e+01 -2.842948850819465800e+00
4.338243935071898760e-01 6.958725037006772973e-02 -3.092891614174024806e+00 -3.360136454744765633e+00 5.355792488943477991e+01 -1.721681017828003757e+00
3.156701294028089189e-01 5.287163753620967993e-02 -2.237866207743791414e+00 -1.841755779588680308e+00 5.258903469883316006e+01 -3.735358781049166410e+00
3.365099620078116915e-01 5.605172015481213466e-02 -2.774457551226491958e+00 -2.298729056308792096e+00 5.308333015710118019e+01 -3.054806019149699736e+00
3.689531402621153422e-01 6.409538307162587767e-02 -3.112992656489244947e+00 -3.382229903967271412e+00 5.362444136389918725e+01 -2.182337667273440029e+00
4.103736109276265309e-01 6.606778732498290452e-02 -1.854504994543969110e+00 -2.055988165524624822e+00 5.226692997138075469e+01 -3.194253324507730696e+00
3.389447286023073436e-01 5.516368972811128840e-02 -2.634144774950629930e+00 -2.613242514799607452e+00 5.312852263089523319e+01 -2.963613809982960312e+00
2.756729605789088877e-01 4.751809682906226601e-02 -2.133657194636076060e+00 -3.691278228487794966e+00 5.344720102681597496e+01 -3.414979774286381442e+00
3.225341218270812993e-01 5.485793471134914334e-02 -1.602248418530403340e+00 -1.277190728507235251e+00 5.193271519778907219e+01 -4.345834996463479705e+00
3.770699009387398215e-01 6.108569311167916238e-02 -3.469766539298153152e+00 -3.447496471998401368e+00 5.394030188129760006e+01 -1.779044793016272941e+00
4.147738128076752240e-01 6.832212649969447715e-02 -1.730169011027090420e+00 -1.778890670998610979e+00 5.204301608342565544e+01 -3.347246248286612769e+00
2.804311845470331965e-01 4.867945906815711321e-02 -2.207922027270824206e+00 -1.808875334900301723e+00 5.265672599270324383e+01 -4.146192110603220016e+00
4.210665372625770897e-01 6.675956454557947783e-02 -2.178071377500408357e+00 -2.337406400382283422e+00 5.251945261277226251e+01 -2.784873452623688905e+00
2.798700107900936596e-01 4.654895974002315473e-02 -1.917592370799257706e+00 -1.041568534189697415e+00 5.218220846100391697e+01 -4.604283904543942540e+00
3.059655481107488306e-01 5.285430406734260844e-02 -3.599570891917504678e+00 -3.029583027241425697e+00 5.397231754589775932e+01 -2.513538201225248070e+00
3.484389846075877650e-01 5.818914998889817419e-02 -2.918394817784448314e+00 -2.577300238591587078e+00 5.323724393798891441e+01 -2.785685991037150977e+00
3.404732655943695230e-01 5.528592715579802586e-02 -2.543000423180045377e+00 -2.219195823541677104e+00 5.290916852115390867e+01 -3.207472766891726224e+00
4.358737956712896433e-01 7.041784923781045646e-02 -3.351442620253083149e+00 -3.493748641159107216e+00 5.375005757742399481e+01 -1.513556954209693162e+00
3.921983736285771793e-01 6.476191651168224095e-02 -3.367495444375923963e+00 -3.351806688596177253e+00 5.379291245535243604e+01 -1.850460129981656099e+00
2.785637567850611784e-01 4.641625658663819931e-02 -2.920607118059596718e+00 -1.929167812434742446e+00 5.321781382698727469e+01 -3.627111069307415558e+00
4.029869088360124585e-01 6.914308476499857192e-02 -1.715284370358882482e+00 -1.561176996246439019e+00 5.190583333974205260e+01 -3.581347926240914248e+00
4.100409091095854053e-01 6.832413278815929747e-02 -1.436088496232909906e+00 -1.436189776031491228e+00 5.170379473506687873e+01 -3.772149217820132350e+00
3.533312792303945904e-01 5.694940105929040264e-02 -3.368433944235385002e+00 -3.147560240974667245e+00 5.377995375097592756e+01 -2.168877406331196411e+00
3.818884653377651595e-01 6.358554683545469821e-02 -3.132506427920504155e+00 -2.870039463667671154e+00 5.343489035232936857e+01 -2.262365061867566585e+00
3.668977650001984392e-01 6.052369589677147887e-02 -2.673959314333934856e+00 -3.643667630594907170e+00 5.352564567868989087e+01 -2.323050089886192549e+00
3.188116123331657947e-01 5.395573150126506401e-02 -3.185222915871070981e+00 -2.753704341040416281e+00 5.354878731765292343e+01 -2.782694639031294770e+00
4.024209933024809338e-01 6.553267901314090149e-02 -2.808233021322141809e+00 -2.806273394247512432e+00 5.316148859074238686e+01 -2.335764893359345784e+00
4.184222343549495737e-01 6.419182190533198606e-02 -2.238473152587181492e+00 -2.396602678882082671e+00 5.264369744835369858e+01 -2.697893974218407376e+00
3.435424785334329489e-01 5.786028867141623788e-02 -3.533077325060753004e+00 -3.710301945777767507e+00 5.413141795637902476e+01 -1.912575471511994474e+00
4.031806999988142293e-01 7.139160572077279943e-02 -3.085141074896923019e+00 -3.483789712252685078e+00 5.358932446268662630e+01 -1.992822388250513610e+00
3.642122596703903925e-01 6.336350947867011585e-02 -3.034794752864212519e+00 -3.096365935609339370e+00 5.349491257894899832e+01 -2.404857764759459116e+00
4.274207467969786123e-01 6.954586877040151716e-02 -2.860824694208560004e+00 -3.945248659152219783e+00 5.363599751516089498e+01 -1.650127814284270578e+00
4.478313609352414515e-01 7.244298518627888261e-02 -2.175298774471763341e+00 -2.311125597117157593e+00 5.247016565729974502e+01 -2.661449776237015286e+00
4.048453919589333205e-01 6.596357691207849205e-02 -3.099391989905227351e+00 -3.311448665741670627e+00 5.358957612993810926e+01 -1.933381762154997352e+00
3.116364981212494389e-01 5.226911935219547001e-02 -2.203528515287337619e+00 -1.699874392246223387e+00 5.251528654897330739e+01 -3.846563064625033945e+00
3.532364564240447202e-01 5.872734592107523022e-02 -2.941340736397931366e+00 -2.526463261732206256e+00 5.323854190702741107e+01 -2.712563303351754218e+00
3.785115727827387810e-01 6.502901466891636284e-02 -3.183584065344679637e+00 -3.257316357558376119e+00 5.360559248463516013e+01 -2.116203239656067492e+00
4.250308814765924592e-01 6.856241126361263538e-02 -1.980032054281172904e+00 -2.155823803310124465e+00 5.234645638268719381e+01 -2.985766542603710771e+00
3.414183968212729514e-01 5.578789124620668616e-02 -2.653012956622947449e+00 -2.647362323401584394e+00 5.314733523232358436e+01 -2.924851454723431665e+00
2.756729605789088877e-01 4.751809682906226601e-02 -2.133657194636076060e+00 -3.691278228487794966e+00 5.344720102681597496e+01 -3.414979774286381442e+00
3.272065917475928121e-01 5.552220735992664802e-02 -1.720645780408888825e+00 -1.416337858052959753e+00 5.205748099240278037e+01 -4.178467032227532130e+00
3.770562434420223763e-01 6.108386564626417520e-02 -3.469586574213170405e+00 -3.447529307787402519e+00 5.394023546387634838e+01 -1.779265142629952834e+00
4.147738128076752240e-01 6.832212649969447715e-02 -1.730169011027090420e+00 -1.778890670998610979e+00 5.204301608342565544e+01 -3.347246248286612769e+00
2.818331148076028692e-01 4.828376782299583642e-02 -2.077648179153334773e+00 -1.761036685020585191e+00 5.254257273697882624e+01 -4.236397271999928549e+00
3.652789281396618959e-01 6.014930360737103660e-02 -2.185262282661257327e+00 -2.146209558382873972e+00 5.256017810536902601e+01 -3.274298593539932245e+00
2.798700107900936596e-01 4.654895974002315473e-02 -1.917592370799257706e+00 -1.041568534189697415e+00 5.218220846100391697e+01 -4.604283904543942540e+00
3.509493741033012926e-01 5.904085552723539743e-02 -3.220449153464154612e+00 -2.876448857231771239e+00 5.358040902765756641e+01 -2.473386891286472711e+00
3.473392845893891190e-01 5.803993741212176011e-02 -2.655351193765743467e+00 -2.341956173410133513e+00 5.298197923985789259e+01 -3.047291373058574226e+00
3.177034274215310705e-01 5.219212792078556373e-02 -2.898694113473948786e+00 -2.491388363638899150e+00 5.330446749125243144e+01 -3.026267818286858091e+00
4.525373306778285309e-01 7.156870828662101336e-02 -3.061086116937885127e+00 -3.283719950147842681e+00 5.344843417438107736e+01 -1.651560666626586737e+00
4.120024057668498774e-01 6.770573231023638283e-02 -3.623880036911559799e+00 -3.665319860233339888e+00 5.404535075897167928e+01 -1.396389278670155498e+00
2.722914791059951600e-01 4.552084334626731177e-02 -2.953289921411303975e+00 -1.911199140003675190e+00 5.324855228304524246e+01 -3.664182263187934829e+00
3.961920478816244318e-01 6.811203516749364528e-02 -1.725828341955506051e+00 -1.650517911842326768e+00 5.196930958081608054e+01 -3.590976679144992634e+00
4.100409091095854053e-01 6.832413278815929747e-02 -1.436088496232909906e+00 -1.436189776031491228e+00 5.170379473506687873e+01 -3.772149217820132350e+00
3.554758324770219136e-01 5.719268374669344429e-02 -3.402573537744638443e+00 -3.186941274346466457e+00 5.381299653022289675e+01 -2.110709351995070371e+00
3.875989422761054182e-01 6.418313157338872976e-02 -3.319412015865975008e+00 -2.972637462861050572e+00 5.357490736619143235e+01 -2.016593755886018968e+00
4.003776029112717794e-01 6.529679846997571424e-02 -2.872252174540627756e+00 -3.626194366492943466e+00 5.355443515372785157e+01 -1.922307889605013864e+00
3.186443365604189060e-01 5.389622641711545870e-02 -3.190814043817448376e+00 -2.768133474135705097e+00 5.354978745309870192e+01 -2.774406186327845081e+00
4.167804818062053052e-01 6.728343827667768173e-02 -2.871100896358393051e+00 -2.923917581796738219e+00 5.322497121548271082e+01 -2.126115377006001506e+00
4.184222343549495737e-01 6.419182190533198606e-02 -2.238473152587181492e+00 -2.396602678882082671e+00 5.264369744835369858e+01 -2.697893974218407376e+00
3.353306265131815178e-01 5.667046280060152041e-02 -3.452319113161715691e+00 -3.591282522973260782e+00 5.404740903410338859e+01 -2.081869878982546052e+00
4.020412882664036180e-01 7.110190996092422000e-02 -3.220283984930435217e+00 -3.614284565712767794e+00 5.373420651322309993e+01 -1.857952355331177197e+00
3.897027234573525178e-01 6.616187530555268925e-02 -3.094724089006623657e+00 -3.240343186035374856e+00 5.354654105564665656e+01 -2.116519834045933468e+00
4.273221293813372346e-01 6.953893634402723289e-02 -2.852740395359383285e+00 -3.931011650314969685e+00 5.362503372780595612e+01 -1.662168678561396273e+00
4.530661859191404961e-01 7.350691588293487011e-02 -2.276766276750278983e+00 -2.447691662262193368e+00 5.257411383342277134e+01 -2.519975941493968641e+00
4.225324646221571001e-01 6.912636844369109135e-02 -2.980702288809302214e+00 -3.346116916932333041e+00 5.349896487708457471e+01 -1.880840010776862359e+00
3.460375497275223200e-01 5.786331177803565734e-02 -2.343981683980858044e+00 -2.063375133935401173e+00 5.267981778576847773e+01 -3.356958409699257295e+00
3.402493857501646679e-01 5.731550555520058265e-02 -2.655131415730550337e+00 -2.100551341696067276e+00 5.290161360615879715e+01 -3.197464557519548833e+00
3.772793932773401138e-01 6.490428328967556837e-02 -3.193367817246290485e+00 -3.259185155030623449e+00 5.361209422540157021e+01 -2.116168381657094866e+00
4.171325179930470139e-01 6.787229758181818895e-02 -2.157766931747883810e+00 -2.341436859540041215e+00 5.255121131523297606e+01 -2.855865972726193913e+00
2.998490822735966344e-01 4.910381132165588663e-02 -2.494280167472819443e+00 -1.950562908917534699e+00 5.285439609918875448e+01 -3.637797679154337605e+00
2.756729605789088877e-01 4.751809682906226601e-02 -2.133657194636076060e+00 -3.691278228487794966e+00 5.344720102681597496e+01 -3.414979774286381442e+00
3.303826635895907304e-01 5.555959779438979923e-02 -1.981976593541496356e+00 -1.687408982224005927e+00 5.233189757160677402e+01 -3.867446264844677017e+00
3.715847468252372332e-01 6.043626130656468143e-02 -3.295195558951957704e+00 -3.241192180082528296e+00 5.375169163749698242e+01 -2.024060506121600156e+00
4.076455474947459634e-01 6.810351986619964104e-02 -1.539426549511075493e+00 -1.693453149674463143e+00 5.189844465562124043e+01 -3.610789790063469340e+00
2.649963824246671096e-01 4.604548968010713922e-02 -1.965871991006197916e+00 -1.576621750646777009e+00 5.243277374840965877e+01 -4.545133380576649174e+00
3.770710123068786723e-01 6.200283465528803190e-02 -2.244683195060041658e+00 -2.358854960335230899e+00 5.267207989593420336e+01 -3.072652965955088966e+00
2.798700107900936596e-01 4.654895974002315473e-02 -1.917592370799257706e+00 -1.041568534189697415e+00 5.218220846100391697e+01 -4.604283904543942540e+00
3.244071228116583994e-01 5.524477361448457136e-02 -3.031418529069836332e+00 -2.421454144926217023e+00 5.331416449531806734e+01 -2.982678251730772612e+00
3.528738981652301820e-01 5.825990723640007279e-02 -2.165864699364165702e+00 -1.887957617854050696e+00 5.246689395803781508e+01 -3.519617482353964988e+00
3.166927462008053973e-01 5.236843910838799576e-02 -2.784306856987361023e+00 -2.382293256183744656e+00 5.319133838994286378e+01 -3.161252869632669604e+00
4.709922100257352695e-01 7.391741251895860010e-02 -2.806060100143042302e+00 -3.208018948623490019e+00 5.322649681033828983e+01 -1.736459482099316443e+00
4.229157518521389214e-01 6.944314271084217616e-02 -3.906392482743572980e+00 -3.902690511689913322e+00 5.429286237162168050e+01 -1.028624700570574202e+00
2.997481015315096586e-01 5.057266755057199248e-02 -2.674951524284852056e+00 -1.839571179787094612e+00 5.295572704969343647e+01 -3.660130829793371898e+00
4.056850898572192388e-01 7.006432364216909348e-02 -1.601027315035393972e+00 -1.563206145965346572e+00 5.182590769878022741e+01 -3.644499021715501108e+00
4.111540813715948706e-01 6.787940997551412947e-02 -1.393936766011370398e+00 -1.403729498953949051e+00 5.167258757146301207e+01 -3.804771475382025425e+00
3.390946825594652880e-01 5.264881941941310789e-02 -3.673454730008975933e+00 -3.316547847957241224e+00 5.409786952863866105e+01 -1.976067965049035813e+00
3.635983696739292226e-01 6.058076386386076345e-02 -3.024281191576770667e+00 -2.571357777689235569e+00 5.327871554282383215e+01 -2.571510235783086795e+00
4.058177749793122624e-01 6.666439545289183644e-02 -2.339804098606143246e+00 -2.855853847070279006e+00 5.288201145787570567e+01 -2.573575426854559201e+00
3.056895066536087779e-01 5.155676861869103178e-02 -3.483281537263597905e+00 -2.870727779881685038e+00 5.380713853811492697e+01 -2.626914032606741944e+00
4.105019744996563080e-01 6.605642535550541872e-02 -2.811700757178423160e+00 -2.781701430789804252e+00 5.313972184859751735e+01 -2.261886799438288964e+00
3.978321799302045325e-01 6.226581838471452468e-02 -2.329392061473514630e+00 -2.461873039911462335e+00 5.276172426996294718e+01 -2.781000344836583871e+00
3.229464984226433910e-01 5.475346894996468289e-02 -3.418384829800360070e+00 -3.336486775221870094e+00 5.394822856132328326e+01 -2.318230878975155562e+00
3.920955316803281243e-01 6.747852985971339312e-02 -3.247680814115132542e+00 -3.500854433511435104e+00 5.375450673398976420e+01 -1.909652998475326768e+00
4.112821741775027906e-01 7.010773752330380637e-02 -3.430939276338828670e+00 -3.987729626630783120e+00 5.402775265476392264e+01 -1.455642814607018387e+00
4.257762910114848420e-01 6.943430818277619709e-02 -2.868479115131407298e+00 -3.911125760770660875e+00 5.362766301563947025e+01 -1.672978651174235942e+00
4.044957236738317419e-01 6.520294789675654124e-02 -2.894049432373601682e+00 -2.870238699978117314e+00 5.325175315880580484e+01 -2.257907072045280295e+00
3.920937064372206349e-01 6.479379327054722582e-02 -3.143758139527800921e+00 -3.295486205776474442e+00 5.364039339416011387e+01 -2.028515486233173792e+00
3.833730756898224290e-01 6.371358972556608047e-02 -1.806204818038735116e+00 -1.755906667611432548e+00 5.212605569128793803e+01 -3.550383598454281753e+00
3.398661930212544813e-01 5.576684767519884262e-02 -2.993065954107353654e+00 -2.504084494918975778e+00 5.329859577014882888e+01 -2.792139364759923303e+00
3.865663085771541829e-01 6.761791921419972595e-02 -3.328634842460993504e+00 -3.515922964077043744e+00 5.376674686294234817e+01 -1.877538359577583638e+00
4.563929151963094233e-01 7.435190440828218228e-02 -1.439497316429442675e+00 -1.853177469487109930e+00 5.180032726657379527e+01 -3.273712207846579680e+00
3.033449877656514970e-01 4.961355819016996516e-02 -2.479556369554921424e+00 -1.958680540892387745e+00 5.283981333575976436e+01 -3.618839505060399198e+00
2.756729605789088877e-01 4.751809682906226601e-02 -2.133657194636076060e+00 -3.691278228487794966e+00 5.344720102681597496e+01 -3.414979774286381442e+00
3.623384620392670064e-01 6.225277711052176755e-02 -1.568012988377028183e+00 -1.535109589484514370e+00 5.191847627160279899e+01 -3.979060457930313710e+00
3.223303347196154744e-01 5.190913187027348941e-02 -2.706186028609482985e+00 -2.220690728813992543e+00 5.308005944021090983e+01 -3.200217952234971186e+00
4.159856834715662810e-01 6.884183706438616601e-02 -2.021053598657013950e+00 -2.181772646347401867e+00 5.239296992088160465e+01 -3.035207739925722237e+00
2.964178742756014007e-01 5.061751098573555319e-02 -1.973611085940333298e+00 -1.629860748677741666e+00 5.238429752509654236e+01 -4.219469651043756819e+00
3.687721935037927001e-01 6.096588532572161379e-02 -2.443324115722576018e+00 -2.359085431261524590e+00 5.281707281848804314e+01 -3.003277165466662790e+00
2.783671920942150657e-01 4.629544802115688473e-02 -1.922040128805454051e+00 -1.033901461031784708e+00 5.218554591951077271e+01 -4.615968782322524611e+00
3.142294194667955010e-01 5.481340277321032628e-02 -2.794724323076881678e+00 -2.038671534803541796e+00 5.303973963956133275e+01 -3.399353510783568844e+00
4.194096232866767471e-01 6.918827042432537655e-02 -1.741581639630269907e+00 -1.723301278305943152e+00 5.193965642001694505e+01 -3.404730958483940029e+00
3.163247304934992954e-01 5.230929227637907963e-02 -2.786864386016988604e+00 -2.380772861986232503e+00 5.319334206194538694e+01 -3.163090707626300624e+00
4.472352437030382433e-01 7.180299728372138701e-02 -2.202755717557733472e+00 -2.285528730801612785e+00 5.248733695261113041e+01 -2.677460129511892273e+00
4.235777953418025654e-01 6.864036117637717371e-02 -3.336826444218178533e+00 -3.467976731345109975e+00 5.375161177193636775e+01 -1.592583762791108359e+00
2.959615039661157576e-01 4.971421357907571809e-02 -2.800753187034179525e+00 -2.012794416409398934e+00 5.311553148978845229e+01 -3.520640663918740643e+00
4.040321843679640645e-01 6.968814361196203067e-02 -1.645433391279621294e+00 -1.596720284051921901e+00 5.187325774548614987e+01 -3.612494128907759894e+00
4.192305870451397687e-01 6.921189128417722103e-02 -1.209856355563355690e+00 -1.297796456602492654e+00 5.149744052550112627e+01 -3.913090644244800576e+00
3.233146317534627556e-01 5.054303435773851300e-02 -3.323667814528525888e+00 -2.928415575407509852e+00 5.374994389144483620e+01 -2.487509713178522652e+00
3.494863702177402054e-01 5.831544921142797766e-02 -2.980264948908094347e+00 -2.516971684758178895e+00 5.326795985217282947e+01 -2.730942630592663622e+00
4.013738466018219597e-01 6.393494093963481006e-02 -1.668605375655271006e+00 -2.289787480918635598e+00 5.223761557963194235e+01 -3.222278938353696276e+00
3.311555725612487788e-01 5.551333721875525984e-02 -3.189503080945592650e+00 -2.677297215790035434e+00 5.349408983956484320e+01 -2.689473783313205413e+00
4.142470387640965757e-01 6.606910958276702994e-02 -2.745464545940124346e+00 -2.691614671069617604e+00 5.305489335332759993e+01 -2.300554769636959040e+00
4.239902185501487342e-01 6.393384151231459867e-02 -2.304623643288600476e+00 -2.730716127740995702e+00 5.282629474814026338e+01 -2.466111902330887506e+00
3.106320710639736138e-01 5.331914863087714590e-02 -2.938754430921122207e+00 -2.821816484490045518e+00 5.344451930953993468e+01 -2.969626996844114686e+00
4.080968619272152265e-01 6.954155104703117762e-02 -3.339067326607275898e+00 -3.578975634266172712e+00 5.380362201206853712e+01 -1.697821184624946023e+00
4.112821741775027906e-01 7.010773752330380637e-02 -3.430939276338828670e+00 -3.987729626630783120e+00 5.402775265476392264e+01 -1.455642814607018387e+00
4.247131058817434357e-01 6.890791263746987028e-02 -2.936539310605192021e+00 -3.754136841978267469e+00 5.360525826510008329e+01 -1.694819310864131623e+00
3.943159563538666257e-01 6.599296163394711978e-02 -3.104646218890032117e+00 -3.177519408707597748e+00 5.351324140642248750e+01 -2.087473455395624899e+00
3.812442617448331683e-01 6.390466724936740006e-02 -2.524738430238622655e+00 -2.606552438262531357e+00 5.296356802643234118e+01 -2.787639518300650820e+00
4.105406859708113920e-01 6.749467262051583871e-02 -1.704479079474706449e+00 -1.824280285841568539e+00 5.204502310739750470e+01 -3.413380762429280235e+00
3.293685898465184003e-01 5.537643636978285128e-02 -2.911850128287272188e+00 -2.313509789514156090e+00 5.319260080426582249e+01 -3.040778029586519438e+00
3.698664059262680159e-01 6.355439002665221049e-02 -3.204174296968739011e+00 -3.109570691306311474e+00 5.357834154355251144e+01 -2.224318535654865148e+00
4.648281766122688285e-01 7.541875055890362445e-02 -1.930105873125363747e+00 -2.435259923243436653e+00 5.233857557138689742e+01 -2.659432758328605040e+00
3.033449877656514970e-01 4.961355819016996516e-02 -2.479556369554921424e+00 -1.958680540892387745e+00 5.283981333575976436e+01 -3.618839505060399198e+00
2.784319560377208069e-01 4.809356422058583269e-02 -2.194958183312684774e+00 -3.612487106749195931e+00 5.343960386543704288e+01 -3.387558927595093028e+00
3.710189971283971988e-01 6.411256219163846692e-02 -1.433884859749113616e+00 -1.472783670360325203e+00 5.178290706140106181e+01 -4.032064805609929969e+00
3.305892000375514339e-01 5.234532168968260984e-02 -2.695642257135189457e+00 -2.362557983720958710e+00 5.310370464878548802e+01 -3.056220474847173740e+00
4.265419813957153639e-01 7.051141868809394919e-02 -2.202208844996801584e+00 -2.213838402675366801e+00 5.248858520402444583e+01 -2.823417588247439269e+00
2.919484068857557402e-01 4.979167011032124140e-02 -1.855721427665233403e+00 -1.559049101712849161e+00 5.228949800074457244e+01 -4.358471716197310108e+00
3.655776546050343301e-01 5.948126710720415961e-02 -2.171733966380663627e+00 -2.047111733562160030e+00 5.252425250953626090e+01 -3.311205730271744585e+00
2.783671920942150657e-01 4.629544802115688473e-02 -1.922040128805454051e+00 -1.033901461031784708e+00 5.218554591951077271e+01 -4.615968782322524611e+00
3.331531507871532405e-01 5.732331389349505646e-02 -2.816083707131864955e+00 -2.222101866810782145e+00 5.308185787292193680e+01 -3.150443926455540833e+00
4.287992451870037414e-01 6.993397575045355585e-02 -1.966809692939844867e+00 -1.958111027542762228e+00 5.218970300398460438e+01 -3.096156612373260675e+00
3.050391583401455553e-01 5.043354174684568092e-02 -2.836563341123219839e+00 -2.310507117279310130e+00 5.322425502875772452e+01 -3.242698889457583444e+00
4.452896179479530203e-01 7.124360876104907092e-02 -2.362362846700860164e+00 -2.370491880991751454e+00 5.262884330388155973e+01 -2.554227869571160880e+00
4.235777953418025654e-01 6.864036117637717371e-02 -3.336826444218178533e+00 -3.467976731345109975e+00 5.375161177193636775e+01 -1.592583762791108359e+00
2.959615039661157576e-01 4.971421357907571809e-02 -2.800753187034179525e+00 -2.012794416409398934e+00 5.311553148978845229e+01 -3.520640663918740643e+00
3.859870764705717328e-01 6.725324616528977062e-02 -1.900286594329980927e+00 -1.661738225891264298e+00 5.210478027116152333e+01 -3.572668901751662851e+00
4.013007338606083829e-01 6.646557563972153859e-02 -1.212140831271493413e+00 -1.152236192857891917e+00 5.147589458421627739e+01 -4.093377322418088937e+00
3.185327101769437341e-01 4.950982252346465551e-02 -3.465389597701375557e+00 -3.037350125314687066e+00 5.389986644984479369e+01 -2.383459632448627907e+00
3.033936966890730669e-01 5.166127418070939198e-02 -2.767538420472943628e+00 -2.218591698374052790e+00 5.311637681680376488e+01 -3.369730015564727843e+00
4.113525509476494979e-01 6.597495194217672942e-02 -1.952433952201523493e+00 -2.328628183491111336e+00 5.241169542197423681e+01 -2.992101415100822503e+00
3.258519971817049332e-01 5.464191104577256070e-02 -3.009323691554004032e+00 -2.501579296910920736e+00 5.332639488975889464e+01 -2.916678505134440602e+00
4.268105089581843425e-01 6.773121889479480351e-02 -2.783372656597741912e+00 -2.773982081368086217e+00 5.308493381816864343e+01 -2.140287847381759700e+00
4.168858467930191547e-01 6.296213646532979047e-02 -2.382821137145405999e+00 -2.751373186169011831e+00 5.289861821371894735e+01 -2.460543854489892102e+00
3.076339547570914879e-01 5.410218286561760404e-02 -2.836735447319141290e+00 -2.780993565374019649e+00 5.335787943295495950e+01 -3.099696601074423352e+00
4.201029130861115846e-01 7.233063783806008284e-02 -3.627943859354078260e+00 -3.973749138650566337e+00 5.412152717022751602e+01 -1.280094086753252869e+00
4.112821741775027906e-01 7.010773752330380637e-02 -3.430939276338828670e+00 -3.987729626630783120e+00 5.402775265476392264e+01 -1.455642814607018387e+00
4.247131058817434357e-01 6.890791263746987028e-02 -2.936539310605192021e+00 -3.754136841978267469e+00 5.360525826510008329e+01 -1.694819310864131623e+00
4.273814208030639050e-01 7.208619807279828540e-02 -3.073628426357126298e+00 -3.411975997190483945e+00 5.351938297346750772e+01 -1.783833991897786131e+00
4.185103220966360782e-01 7.024511356546792040e-02 -2.729130223592273641e+00 -3.162471745503840914e+00 5.323185241446742566e+01 -2.139969416106636046e+00
3.993189509691342232e-01 6.429544453279759098e-02 -1.542919821477774178e+00 -1.351650461179126239e+00 5.179220734943587701e+01 -3.764338987757962052e+00
3.122176717720172578e-01 5.296988911441922326e-02 -2.991464849041632235e+00 -2.166806701570457960e+00 5.321735771037852203e+01 -3.180714404892327707e+00
3.624713900961304969e-01 6.301196835425572351e-02 -3.258821479489943052e+00 -3.153151728688111888e+00 5.364241767691228802e+01 -2.235231136554885811e+00
4.691972230840576463e-01 7.433922285272037689e-02 -1.035871744433686015e+00 -1.444297571091850863e+00 5.137049850863381550e+01 -3.633525548553889983e+00
3.687105711303882427e-01 6.013020256446194312e-02 -1.458429155773258046e+00 -1.370207537310927925e+00 5.177923270939331246e+01 -4.023271955925763699e+00
2.784319560377208069e-01 4.809356422058583269e-02 -2.194958183312684774e+00 -3.612487106749195931e+00 5.343960386543704288e+01 -3.387558927595093028e+00
3.961763460067793674e-01 6.513520298847720602e-02 -2.685244702488854607e+00 -2.813594087573378477e+00 5.311612465397434590e+01 -2.479251270939179186e+00
3.305892000375514339e-01 5.234532168968260984e-02 -2.695642257135189457e+00 -2.362557983720958710e+00 5.310370464878548802e+01 -3.056220474847173740e+00
4.279358138829522096e-01 7.074413381342815887e-02 -2.251158749166704887e+00 -2.260980287857631055e+00 5.253605854337359204e+01 -2.761954718119155938e+00
3.108976806713226737e-01 5.313694355241585510e-02 -2.122182483459601254e+00 -1.917784934563766752e+00 5.256380142085799889e+01 -3.899954959791280373e+00
3.677853846947532479e-01 5.926037043710974395e-02 -2.201289569645120903e+00 -2.127468658508025801e+00 5.257275835841923595e+01 -3.218730802565307414e+00
2.783671920942150657e-01 4.629544802115688473e-02 -1.922040128805454051e+00 -1.033901461031784708e+00 5.218554591951077271e+01 -4.615968782322524611e+00
3.336969094643765787e-01 5.837903871831609526e-02 -2.841626742052962395e+00 -2.192314152537851779e+00 5.307722464276063334e+01 -3.170426689157959999e+00
4.287992451870037414e-01 6.993397575045355585e-02 -1.966809692939844867e+00 -1.958111027542762228e+00 5.218970300398460438e+01 -3.096156612373260675e+00
3.089412434593284962e-01 5.095875125635198483e-02 -2.985438534405123967e+00 -2.529708980512961336e+00 5.339906560901816590e+01 -3.011727128608749027e+00
4.410488177782820318e-01 7.094706996269309340e-02 -2.150338088787062230e+00 -2.160082910015150404e+00 5.241384616775534511e+01 -2.805681133437063046e+00
4.248880623511955834e-01 6.871920410698599546e-02 -3.397886199156381348e+00 -3.543868597658798691e+00 5.382097823485430155e+01 -1.511703172107579984e+00
3.054836121767744439e-01 5.073611492020677072e-02 -2.633522380005700825e+00 -1.993203272994480857e+00 5.296584032738775960e+01 -3.538295984046400999e+00
3.900410816944789860e-01 6.662235052054245321e-02 -1.773981999491713202e+00 -1.525499533585126466e+00 5.197615441329920571e+01 -3.662748996239514110e+00
4.013007338606083829e-01 6.646557563972153859e-02 -1.212140831271493413e+00 -1.152236192857891917e+00 5.147589458421627739e+01 -4.093377322418088937e+00
3.329146644693789514e-01 5.409339439955482970e-02 -3.032818921979636873e+00 -2.634957913587273381e+00 5.340292734924945250e+01 -2.751877285864222866e+00
3.033936966890730669e-01 5.166127418070939198e-02 -2.767538420472943628e+00 -2.218591698374052790e+00 5.311637681680376488e+01 -3.369730015564727843e+00
4.051338977650844608e-01 6.672193242829835280e-02 -2.035401103262687084e+00 -2.205137179629693023e+00 5.241364039351860526e+01 -3.066712790785742992e+00
3.037576588728705951e-01 5.189909558370240511e-02 -2.885781003938054035e+00 -2.258125760359377843e+00 5.318330095885148978e+01 -3.262443982956892086e+00
4.157992596460413637e-01 6.716891220395321271e-02 -3.040899734898373730e+00 -3.097142117846150455e+00 5.339965540297627200e+01 -1.940920455686689028e+00
3.963997636225241039e-01 6.061802458130922250e-02 -2.418096054247139026e+00 -2.598316894310758407e+00 5.289542897878195049e+01 -2.666056538543517984e+00
3.076339547570914879e-01 5.410218286561760404e-02 -2.836735447319141290e+00 -2.780993565374019649e+00 5.335787943295495950e+01 -3.099696601074423352e+00
4.201029130861115846e-01 7.233063783806008284e-02 -3.627943859354078260e+00 -3.973749138650566337e+00 5.412152717022751602e+01 -1.280094086753252869e+00
4.101550603998456723e-01 6.969646112339436539e-02 -3.180390435902770818e+00 -3.667542998829944167e+00 5.373959440318658665e+01 -1.753498315533414953e+00
3.459801128330617370e-01 5.832172003218480394e-02 -2.795453909432477069e+00 -3.326809778866603562e+00 5.350501238880321608e+01 -2.584718793643824952e+00
4.283601838866579192e-01 7.206318825055794963e-02 -3.046360932276584776e+00 -3.370206019330129532e+00 5.348462278063043129e+01 -1.812114356055614328e+00
4.269222311287532157e-01 7.055876075025084571e-02 -2.613921301464955604e+00 -2.913695130445214776e+00 5.304243526877586845e+01 -2.270096229211683969e+00
3.993189509691342232e-01 6.429544453279759098e-02 -1.542919821477774178e+00 -1.351650461179126239e+00 5.179220734943587701e+01 -3.764338987757962052e+00
2.978144000444477024e-01 5.027167254427238052e-02 -2.516561350739223712e+00 -1.778930385353155730e+00 5.279843999679057731e+01 -3.773381057490551971e+00
3.486906372720994240e-01 5.986211572942580494e-02 -3.164929498437104360e+00 -2.907949448839907358e+00 5.352349074858501154e+01 -2.491676069187340747e+00
4.387054262598326648e-01 6.998467519014174576e-02 -1.499698196823850527e+00 -1.766407250874129087e+00 5.185095985256267426e+01 -3.387033929973077839e+00
3.668942917894657541e-01 5.978883467450469419e-02 -1.436641377554594312e+00 -1.363670618070239371e+00 5.176593959282060098e+01 -4.051011861843509365e+00
2.658893968277032394e-01 4.570481347576207942e-02 -2.308140109914226024e+00 -3.758833559484444198e+00 5.360425214428748575e+01 -3.333995601288601396e+00
3.755888609774558073e-01 6.058715695014291192e-02 -2.605708342729426530e+00 -2.592312507029006063e+00 5.303609064036596976e+01 -2.754217785863878110e+00
3.532329268103850395e-01 5.770575463771225599e-02 -3.295352171739033498e+00 -3.187089859071079889e+00 5.376215883088781311e+01 -2.202253631057548233e+00
4.138328236081822431e-01 6.609870870174479329e-02 -1.909759613125087574e+00 -1.808789673845342172e+00 5.218040096751786194e+01 -3.234615540682673540e+00
2.903928939644974672e-01 5.031874364482720463e-02 -2.126193664675329220e+00 -1.946813312631972437e+00 5.262398717911730728e+01 -4.067906449880763553e+00
3.498117234455830338e-01 5.526607901199984130e-02 -2.456634841374162104e+00 -2.194169707484869836e+00 5.281008192574886095e+01 -3.134334621057703885e+00
2.783671920942150657e-01 4.629544802115688473e-02 -1.922040128805454051e+00 -1.033901461031784708e+00 5.218554591951077271e+01 -4.615968782322524611e+00
3.336969094643765787e-01 5.837903871831609526e-02 -2.841626742052962395e+00 -2.192314152537851779e+00 5.307722464276063334e+01 -3.170426689157959999e+00
4.279878699885005244e-01 6.928289562502318311e-02 -1.858917495196926728e+00 -1.972989221975972818e+00 5.215596062912179320e+01 -3.154735805961205397e+00
3.303018519476069170e-01 5.386599522207046603e-02 -2.754596507526364757e+00 -2.321247334531939099e+00 5.311042913798752352e+01 -3.079058798653996121e+00
4.727431500339621118e-01 7.525171613453374153e-02 -1.656496655389844141e+00 -1.982056867354346164e+00 5.196409339507702185e+01 -2.965005604278943885e+00
4.112778662993442080e-01 6.598513704295935756e-02 -3.606582186347389474e+00 -3.803212098479444414e+00 5.410570439862195968e+01 -1.370140816340714718e+00
2.701455856291717916e-01 4.492949538735535597e-02 -3.723321871469646993e+00 -2.911376391479879366e+00 5.412572512702215022e+01 -2.706533932674655141e+00
3.836783889670115633e-01 6.382088541911647150e-02 -1.804327139086925769e+00 -1.512011344084149167e+00 5.202626482248869166e+01 -3.649976876854010399e+00
4.013007338606083829e-01 6.646557563972153859e-02 -1.212140831271493413e+00 -1.152236192857891917e+00 5.147589458421627739e+01 -4.093377322418088937e+00
3.254446653648456200e-01 5.331282002965038319e-02 -2.932457351022386138e+00 -2.707957370168391442e+00 5.338856884496221511e+01 -2.853757278251257912e+00
3.259840244459348280e-01 5.632572846114021481e-02 -3.541643983565806231e+00 -3.245378684847633366e+00 5.394768885977402562e+01 -2.250040305241051364e+00
4.208514824096347140e-01 6.985916298774652589e-02 -2.189420906246049903e+00 -2.532302220096388723e+00 5.261201623130542515e+01 -2.737959557911557429e+00
3.002335513116738963e-01 5.130801823266258055e-02 -2.852248983210958322e+00 -2.194965451018457525e+00 5.314314096813371435e+01 -3.336320526762317940e+00
4.269718273948507892e-01 6.955676750314099266e-02 -2.830377991092188239e+00 -3.031537250350181623e+00 5.321821632082433240e+01 -2.042991579431763682e+00
3.931613275429383103e-01 6.157423412876652374e-02 -2.089619165096219255e+00 -2.153925393343770978e+00 5.249001275698343960e+01 -3.096486875088526602e+00
3.092018225461947711e-01 5.466337463862450119e-02 -2.827796233983228991e+00 -2.888557775143914430e+00 5.339289114570437533e+01 -3.059369806337636888e+00
4.134860800888946475e-01 7.077098425195138542e-02 -3.355441354776530716e+00 -3.649169150305861642e+00 5.382859476133980792e+01 -1.624675466988112937e+00
4.096256698538210950e-01 7.008502433557985134e-02 -3.375573710511074133e+00 -3.960297069509377543e+00 5.399028524858682232e+01 -1.513894593417184797e+00
3.266904144029415535e-01 5.570339544534190501e-02 -2.837805740072993910e+00 -3.524031269180251336e+00 5.365445641385705500e+01 -2.625248462475821665e+00
4.292042913217865019e-01 7.287614420550131422e-02 -2.960901627820155202e+00 -3.327986911481039645e+00 5.340285140919178275e+01 -1.885147316272127949e+00
4.475296233442797034e-01 7.394975196952477403e-02 -2.570858263986370407e+00 -3.038575107218249194e+00 5.301559246316153207e+01 -2.092664715011987475e+00
3.919749695645683429e-01 6.162024647262361737e-02 -1.229449947140485611e+00 -1.221840732449203104e+00 5.157065822888003481e+01 -4.043009818663202637e+00
2.833563270107146703e-01 4.800922275963582370e-02 -2.698801907938471079e+00 -1.866485814855654235e+00 5.298321278233920850e+01 -3.728674387554181902e+00
3.371699525359020400e-01 5.750313850451579251e-02 -3.203700279724324140e+00 -2.856952773128000445e+00 5.356406045045770270e+01 -2.562015652217042749e+00
4.619274960497445903e-01 7.274786720884846014e-02 -1.232607893361113316e+00 -1.543661067909598117e+00 5.154755318859487545e+01 -3.471437407363919370e+00
3.668942917894657541e-01 5.978883467450469419e-02 -1.436641377554594312e+00 -1.363670618070239371e+00 5.176593959282060098e+01 -4.051011861843509365e+00
2.658893968277032394e-01 4.570481347576207942e-02 -2.308140109914226024e+00 -3.758833559484444198e+00 5.360425214428748575e+01 -3.333995601288601396e+00
3.292864786667714094e-01 5.198674790672146162e-02 -2.628138486870664980e+00 -2.305089785930190427e+00 5.304928363980560135e+01 -3.180005367168652786e+00
3.139023424567380927e-01 5.239199054631406283e-02 -3.731986299328093448e+00 -3.714646157392882397e+00 5.434524560972781160e+01 -2.000085394920623649e+00
4.251510851583694683e-01 6.727513720042381518e-02 -2.214260914360477450e+00 -2.067123436155060112e+00 5.246076468772998425e+01 -2.830060463396725012e+00
3.169609982665645975e-01 5.464814570910506847e-02 -1.997908295460877781e+00 -1.724269436404596068e+00 5.238463685354012966e+01 -4.016588848930999767e+00
3.409316505778648976e-01 5.335576421866179003e-02 -2.142206498799501535e+00 -1.791988489005039042e+00 5.247763882512710154e+01 -3.575992874028893098e+00
2.968168873854516998e-01 4.944702157403536857e-02 -2.198526580926996488e+00 -1.480611965945286324e+00 5.249319173824252260e+01 -4.103958838062983006e+00
3.336969094643765787e-01 5.837903871831609526e-02 -2.841626742052962395e+00 -2.192314152537851779e+00 5.307722464276063334e+01 -3.170426689157959999e+00
4.235004618240256202e-01 6.847652686312506731e-02 -2.171516149089358194e+00 -2.347877719130549323e+00 5.252350423115719025e+01 -2.799265527863174619e+00
3.149104871687539164e-01 5.050489033316474946e-02 -2.572868578007732498e+00 -1.914629611043197510e+00 5.286519556200278913e+01 -3.456404294435545754e+00
4.826453570896906964e-01 7.555164069428477180e-02 -1.240312504352119261e+00 -1.553215141918287134e+00 5.150654907438413233e+01 -3.328779841594207145e+00
4.228067721571940885e-01 6.784988729843244304e-02 -3.242710211941655096e+00 -3.463068323631389500e+00 5.369924063043577434e+01 -1.664162439792902681e+00
3.060052489386967944e-01 5.093907600935473207e-02 -3.545650541075970441e+00 -2.957206892006053245e+00 5.394408933516400850e+01 -2.543861741365915030e+00
3.668398864949906635e-01 6.108370297314263953e-02 -2.161654091634412467e+00 -1.884101350489851168e+00 5.245034262165664529e+01 -3.390799141768029656e+00
4.206391849946204964e-01 6.863983493286263116e-02 -1.182137111843110322e+00 -1.205646244946660062e+00 5.144308112269649769e+01 -3.953400238356487240e+00
3.479868865866888039e-01 5.704949017111282661e-02 -2.952802756556508257e+00 -2.889320483045776378e+00 5.341657065691828166e+01 -2.582733839022236744e+00
3.622680457913347585e-01 6.062737640272560652e-02 -3.179375223098511949e+00 -3.065338410319309315e+00 5.358457969326655501e+01 -2.287579573358475393e+00
4.117580497848665200e-01 6.716951284731925709e-02 -1.471229914276435569e+00 -1.767841976678855564e+00 5.185885798536259017e+01 -3.556439177944704433e+00
3.251897185486307129e-01 5.679428685312826186e-02 -2.966469469438906881e+00 -2.352214822392715732e+00 5.321579571722358537e+01 -3.052122014821767593e+00
4.337444398412946267e-01 7.224465691109505094e-02 -3.124356722762304361e+00 -3.427370925051025807e+00 5.356210343574346666e+01 -1.696734588179962255e+00
3.839713267280990272e-01 6.094957961527386336e-02 -1.861162994559878880e+00 -1.877440368659009096e+00 5.223668257419796390e+01 -3.430444824831791806e+00
3.740336110456317642e-01 6.222848029670922931e-02 -2.210733565677400314e+00 -2.346475942094419675e+00 5.265818104827217638e+01 -3.186095824176774283e+00
4.217062866055064640e-01 7.252856586449073217e-02 -3.284866119753426794e+00 -3.649531487354052750e+00 5.376334742111949794e+01 -1.621642443487879559e+00
3.911475379660397378e-01 6.491060682740419641e-02 -3.032583679765666673e+00 -3.362187671190018268e+00 5.356918409731520825e+01 -2.060041435505214569e+00
3.185930259347208859e-01 5.416054075855272765e-02 -2.964614296510268865e+00 -3.436297259735493714e+00 5.372194350199881541e+01 -2.636888784735091917e+00
4.350661608981991613e-01 7.232896319358324277e-02 -2.571706311483322960e+00 -2.981747669370037102e+00 5.301069107060511243e+01 -2.207928192917644417e+00
4.371637873794616547e-01 7.241739850992505445e-02 -2.525371797492234283e+00 -2.934232452287361959e+00 5.296550093201057763e+01 -2.245404946205268537e+00
3.983377011185703642e-01 6.509839529629390942e-02 -2.159813236593297159e+00 -2.272045256369602750e+00 5.256200372757803052e+01 -3.014143952008430105e+00
2.658704641480411635e-01 4.501719464885012983e-02 -2.512511390821475565e+00 -1.466378240277360856e+00 5.274157127442237680e+01 -4.145414662122197669e+00
3.717529603507557789e-01 6.321685442381207165e-02 -3.405635297398289740e+00 -3.350648047422726261e+00 5.382460366687659814e+01 -1.972335536922473764e+00
4.271811230252774427e-01 6.798623061733463646e-02 -1.949924203051857763e+00 -2.171544436464933447e+00 5.233315278789946490e+01 -2.988720074250215131e+00
3.715022721504994130e-01 6.025929910355703328e-02 -1.072685620750659430e+00 -1.028565913091006756e+00 5.138280568612277222e+01 -4.384326660977890810e+00
2.657313792502988825e-01 4.568088752141261089e-02 -2.308442820823419339e+00 -3.762964665163483602e+00 5.360663166069362973e+01 -3.333415188029111853e+00
2.853670923336914522e-01 4.470130339296628230e-02 -2.412623231176782124e+00 -1.824549034195367181e+00 5.281385867609087370e+01 -3.818588636510924061e+00
3.772061091037984815e-01 6.142375900670826033e-02 -2.780084069372133371e+00 -2.874694156725611904e+00 5.324850888209080324e+01 -2.519179311400171706e+00
4.070122892123261282e-01 6.263638025737597315e-02 -1.842705342013418957e+00 -1.319226556177464538e+00 5.196003663841315756e+01 -3.458667965234285102e+00
3.269751615890189589e-01 5.547112413823084009e-02 -1.608093230270209339e+00 -1.181753125853863384e+00 5.189339681034145002e+01 -4.407257374157314445e+00
3.645414479279420750e-01 5.572668038604867286e-02 -2.080793748759463213e+00 -1.955154978782336794e+00 5.245687038964663884e+01 -3.331374529397966189e+00
2.703114890771586842e-01 4.504225629130948622e-02 -2.212483709695351131e+00 -1.327881477584001546e+00 5.250941116495531702e+01 -4.373907027202228015e+00
4.024477971881820770e-01 6.761425806733123434e-02 -2.984537301277613963e+00 -2.491604981662508322e+00 5.315673817789067357e+01 -2.405440277752648459e+00
4.184539704562874052e-01 6.764046001627256610e-02 -2.141899490582113597e+00 -2.093226271584275988e+00 5.241119870822513604e+01 -2.971242533513599238e+00
3.084404282521542306e-01 4.929113442265514039e-02 -2.676996848373962123e+00 -1.976060400947869056e+00 5.297278195120043875e+01 -3.404715724593609494e+00
4.795712764886814750e-01 7.543506168201453976e-02 -1.334111117848586048e+00 -1.675339141907644436e+00 5.162038922777276184e+01 -3.241435143397539242e+00
4.157958339725796315e-01 6.648319684008190122e-02 -3.298249816281155766e+00 -3.450630629773366209e+00 5.374475351664461442e+01 -1.671680987890279635e+00
3.121903051168367083e-01 5.185731103168997325e-02 -3.484011127165130617e+00 -2.927946756760253955e+00 5.387753382269750091e+01 -2.549565239371200942e+00
3.585325631064926188e-01 5.940983890271180068e-02 -1.814567503877879684e+00 -1.530778937611275259e+00 5.209374734791362727e+01 -3.807655118718495046e+00
4.071245332267109385e-01 6.723372703849211929e-02 -1.193080886505473170e+00 -1.138022904654157230e+00 5.144455153164598471e+01 -4.076450130541981132e+00
3.478616767053023806e-01 5.910256025850008088e-02 -3.427879840846526527e+00 -3.390883221607327691e+00 5.391960010119420588e+01 -2.115094514879344079e+00
3.824178572937443343e-01 6.592505298940354308e-02 -3.532797471487654661e+00 -3.546347248829794019e+00 5.392893700806941126e+01 -1.725083622897555902e+00
4.190750123620215484e-01 6.825494360122223714e-02 -1.363088750064062049e+00 -1.669016476572055430e+00 5.173141225073626259e+01 -3.611293961898148552e+00
3.224649566098318765e-01 5.570093392013958367e-02 -2.922104026216844730e+00 -2.231895517601400591e+00 5.315033644218638642e+01 -3.137625840346837336e+00
4.556447428687316892e-01 7.507348648687260650e-02 -2.838893799433558129e+00 -3.324434645152890333e+00 5.330255318280236310e+01 -1.773290099353803884e+00
4.116037195195952902e-01 6.463761670657305891e-02 -1.328029470095679843e+00 -1.616271160704836118e+00 5.172439024024114929e+01 -3.660685302442660216e+00
3.027076421987708321e-01 5.278692034990883908e-02 -3.073807994592232529e+00 -3.050029390212384062e+00 5.363745136641462352e+01 -2.846693796587787872e+00
4.205942114431059919e-01 7.139110564661549363e-02 -3.287384315467690055e+00 -3.612107500185391284e+00 5.375984890406458305e+01 -1.631057394566681529e+00
3.375039882785977885e-01 5.649417647256731873e-02 -3.655283747232183522e+00 -3.929480320226320433e+00 5.429253985497190627e+01 -1.804877394512675925e+00
3.122562735003882595e-01 5.236328773950393867e-02 -2.807033689061669168e+00 -2.785938175201928768e+00 5.337066700366727190e+01 -3.038031738960926376e+00
4.319859422645094260e-01 7.363047293421734474e-02 -2.786069915392151763e+00 -3.565761713904801233e+00 5.338258171724447720e+01 -1.889379945159278096e+00
4.351241264132775788e-01 7.141792720812376039e-02 -1.931813749226161336e+00 -2.339300362451049331e+00 5.234695821207328237e+01 -2.874924578561079525e+00
4.276154698282544908e-01 7.102464513363010434e-02 -2.041933774608576613e+00 -2.349837767741768779e+00 5.245941078399116719e+01 -2.876725816674921887e+00
2.658450942998139555e-01 4.513825586915309884e-02 -2.475288164340133434e+00 -1.885288200926011903e+00 5.289936303372425641e+01 -3.997301504240091674e+00
3.468162247651581098e-01 5.773890919762036944e-02 -3.022483222885901544e+00 -2.823801564727446589e+00 5.343534520118962661e+01 -2.598679960907942288e+00
4.309452987972276494e-01 6.882610224411224442e-02 -1.744797569638066870e+00 -1.994555162344679555e+00 5.211352076776434217e+01 -3.157591738332807374e+00
3.849421815141703673e-01 6.393146922332436366e-02 -2.129173731209370146e+00 -1.992677538064151266e+00 5.243557502264326331e+01 -3.261623294424212727e+00
2.619848778585054938e-01 4.504072382561604554e-02 -2.428644605836275616e+00 -3.830582496764876499e+00 5.372061521365203873e+01 -3.254816493242474795e+00
2.846921317431153620e-01 4.491804189691974564e-02 -2.404089605357043080e+00 -1.965525752487538469e+00 5.286895672297664817e+01 -3.779056285947657301e+00
3.782807104101653106e-01 6.242415129081406444e-02 -2.606511639296031468e+00 -2.660614889040084030e+00 5.303438198365955714e+01 -2.717190678686147276e+00
4.075329742670663058e-01 6.291229806715169237e-02 -1.826517119549798673e+00 -1.340458391197973054e+00 5.195538682191449453e+01 -3.460576576969789819e+00
3.259564340169126551e-01 5.431225814367981325e-02 -1.715948302881276089e+00 -1.175311226388667585e+00 5.196242204779535001e+01 -4.297470898373090264e+00
3.631397701991964655e-01 5.601070203568766365e-02 -2.516754028563059187e+00 -2.339204923705440198e+00 5.290025603518638775e+01 -2.918769906560319427e+00
2.809203443637762199e-01 4.692574171039953779e-02 -2.392396016074736842e+00 -1.627475281645935024e+00 5.271603040676471608e+01 -4.042891604385251192e+00
4.028605982561164200e-01 6.762948284014942690e-02 -2.970039685426479004e+00 -2.486564480397437382e+00 5.314482351998987042e+01 -2.413341785136044582e+00
4.237863462481270549e-01 6.839162436486762031e-02 -2.214953820790203309e+00 -2.183879214197249397e+00 5.248436643352981434e+01 -2.852191440311574233e+00
3.378162086296461752e-01 5.376738835535259386e-02 -2.501216881153542460e+00 -1.940208587097697945e+00 5.278139530542115665e+01 -3.324985513542648263e+00
4.740411262337644871e-01 7.474019193937431194e-02 -1.389402312649959725e+00 -1.694304095438504687e+00 5.167361413583402907e+01 -3.238465028423308745e+00
4.460561683252686760e-01 7.230305251373903008e-02 -3.451984799748923471e+00 -3.820529836473987029e+00 5.392799883122211213e+01 -1.244964441389914578e+00
2.937362820252045204e-01 4.975951488985018434e-02 -3.803438052772564859e+00 -3.241031955437742695e+00 5.425071244424256633e+01 -2.372637885912234346e+00
3.746276656836822760e-01 6.141906720892346266e-02 -1.832401272414803772e+00 -1.656091786535331511e+00 5.213021772264686859e+01 -3.633568140057617857e+00
3.965908962342610811e-01 6.583091120895563642e-02 -1.453866974180599847e+00 -1.405548800600593840e+00 5.173790233303459019e+01 -3.873202114060206203e+00
3.379575191607887552e-01 5.682024542643203391e-02 -3.266981716450875872e+00 -3.142650183249320328e+00 5.374436192035283710e+01 -2.385064694318704603e+00
3.827808621138941714e-01 6.661353484641083234e-02 -1.879635297066183819e+00 -1.764106411430619303e+00 5.213767404083427692e+01 -3.546410954680761840e+00
4.325112937346524133e-01 7.043860461656961669e-02 -1.238255378943580842e+00 -1.560097830926598039e+00 5.157747725636251346e+01 -3.645053421844725250e+00
3.358972600441355594e-01 5.810727520723761585e-02 -2.941853731262855653e+00 -2.458410884486082360e+00 5.322680746774243943e+01 -2.937300705668447698e+00
4.556447428687316892e-01 7.507348648687260650e-02 -2.838893799433558129e+00 -3.324434645152890333e+00 5.330255318280236310e+01 -1.773290099353803884e+00
4.334812358785963271e-01 6.834751716525891418e-02 -1.100548264458511394e+00 -1.584963926455624561e+00 5.151244579216034225e+01 -3.667904067006684699e+00
3.601883155655855040e-01 6.118571716125641158e-02 -2.563325781014244242e+00 -2.571611202988656419e+00 5.298242509763339569e+01 -2.938784238222148293e+00
4.205942114431059919e-01 7.139110564661549363e-02 -3.287384315467690055e+00 -3.612107500185391284e+00 5.375984890406458305e+01 -1.631057394566681529e+00
3.469071982332508353e-01 5.829977347044604241e-02 -2.860330008118118439e+00 -2.937879991471827434e+00 5.335555922208137503e+01 -2.658857701443715804e+00
3.089182681004390418e-01 5.286990447161721979e-02 -2.896867541211658903e+00 -3.234703705277678587e+00 5.362488587003360152e+01 -2.865498855053144833e+00
4.388432116784027892e-01 7.494536503998724952e-02 -2.834542156642795518e+00 -3.668391662842577006e+00 5.343980642469115594e+01 -1.770797516526826154e+00
4.225804329743965693e-01 6.906576680113463151e-02 -1.224187410016814193e+00 -1.588500670587203789e+00 5.160264245685235096e+01 -3.701998586127659863e+00
4.170127348652687971e-01 6.894963053534083897e-02 -1.984053709671561139e+00 -2.191421088004830597e+00 5.237214795011783508e+01 -3.044612197165402101e+00
2.624370476677416186e-01 4.457074040188171299e-02 -2.444984465198861479e+00 -1.614509769194546918e+00 5.277142498655806691e+01 -4.150022387040074534e+00
3.476544474657628503e-01 5.773321279258561423e-02 -3.087914323452608301e+00 -2.888151978760963523e+00 5.350305228036661731e+01 -2.525014636676310431e+00
4.457823251945247645e-01 7.022806700400677227e-02 -1.349063617783468061e+00 -1.635089504095067481e+00 5.168990181385727567e+01 -3.454759138358243664e+00
3.333198775885938825e-01 5.389316894346628251e-02 -1.614943985442652608e+00 -1.450641975824032093e+00 5.201539975864582033e+01 -4.172892808298697354e+00
2.619848778585054938e-01 4.504072382561604554e-02 -2.428644605836275616e+00 -3.830582496764876499e+00 5.372061521365203873e+01 -3.254816493242474795e+00
2.846921317431153620e-01 4.491804189691974564e-02 -2.404089605357043080e+00 -1.965525752487538469e+00 5.286895672297664817e+01 -3.779056285947657301e+00
3.621244768796409996e-01 6.117319490401258719e-02 -2.629941256320801557e+00 -2.656365203523054497e+00 5.306544585168122552e+01 -2.827246162283580500e+00
4.293235853784478362e-01 6.728867065294143190e-02 -1.905234264945247835e+00 -1.659036492575653110e+00 5.207634360473768709e+01 -3.166188248918825554e+00
3.183270419486571301e-01 5.330490646208303762e-02 -1.718942341130217821e+00 -1.127209105474554551e+00 5.195895598249236969e+01 -4.372666741785868005e+00
4.338558424336471098e-01 6.908064224603013836e-02 -2.423180299372298840e+00 -2.713467299328939930e+00 5.283864947339070284e+01 -2.395647168965494789e+00
2.866049882908765500e-01 4.780496217704166551e-02 -2.358424596617692881e+00 -1.629211268102948251e+00 5.268049277245522433e+01 -4.018060480061826034e+00
3.720415705864374978e-01 6.305655270458819517e-02 -3.321584673883873684e+00 -2.877607141944309888e+00 5.358787227209281667e+01 -2.229095251420678103e+00
4.551355268427913492e-01 7.257843669456423563e-02 -2.438162796861987225e+00 -2.480383337981726388e+00 5.268169312555816930e+01 -2.381985244838420446e+00
3.443396013950943413e-01 5.551206223683521901e-02 -2.449171850059240541e+00 -1.954089184897904286e+00 5.273074165092273802e+01 -3.315597021022643531e+00
4.740411262337644871e-01 7.474019193937431194e-02 -1.389402312649959725e+00 -1.694304095438504687e+00 5.167361413583402907e+01 -3.238465028423308745e+00
4.486055647710332495e-01 7.222109483967718846e-02 -3.531255472191455080e+00 -3.852604593069429928e+00 5.399133323400614159e+01 -1.157910277984356862e+00
3.265932439846202517e-01 5.468144155498243231e-02 -3.338270017609479723e+00 -3.015461307725894713e+00 5.377800330850295296e+01 -2.506543315535988636e+00
3.746276656836822760e-01 6.141906720892346266e-02 -1.832401272414803772e+00 -1.656091786535331511e+00 5.213021772264686859e+01 -3.633568140057617857e+00
3.920881143219918097e-01 6.500843692371445492e-02 -1.531668494878087428e+00 -1.464382741753081696e+00 5.182322356556888110e+01 -3.828106097809190089e+00
4.284194001202416557e-01 7.095133543241921581e-02 -2.394234913539595944e+00 -2.687106838844958379e+00 5.278879115202820316e+01 -2.488715709653194885e+00
3.885950787824584141e-01 6.734813869067639291e-02 -2.096092129194034204e+00 -2.048256821917063153e+00 5.238710119543529231e+01 -3.251904363940701259e+00
4.541112028782725574e-01 7.257945645105917665e-02 -1.927855284618546161e+00 -2.277363483533420219e+00 5.229961288924519636e+01 -2.776832697316031329e+00
3.275911093810877639e-01 5.744477380055037358e-02 -2.766556391214875177e+00 -2.122660711491255014e+00 5.297602635082574096e+01 -3.252351314022869477e+00
4.470032803997984749e-01 7.473897998399300913e-02 -2.989276668143673099e+00 -3.451673806506448283e+00 5.345948993362478774e+01 -1.694091960242968931e+00
4.280036848482214884e-01 6.772255944319514886e-02 -1.277630489016425175e+00 -1.611427431100470598e+00 5.165511549687320070e+01 -3.613208243086823757e+00
3.359925499084285283e-01 5.719574748055554492e-02 -2.557317177996093704e+00 -2.261701250965788557e+00 5.292510688623090687e+01 -3.269479962978492971e+00
4.124975831577777918e-01 7.340328244953672754e-02 -3.589761338042188221e+00 -3.959744748754779220e+00 5.408614451084398667e+01 -1.377850696670453123e+00
3.575764355939565764e-01 6.018500989685574010e-02 -2.389765832573285120e+00 -2.372959799909151180e+00 5.279344733222467312e+01 -3.123408694598554192e+00
3.123015107058816353e-01 5.340509997453789931e-02 -2.867822388551314106e+00 -3.065635275397843973e+00 5.352572112201053756e+01 -2.925905228289180204e+00
4.279412469586605372e-01 7.387946530979137838e-02 -2.843363104295561605e+00 -3.688085110467356209e+00 5.347972816570342758e+01 -1.867340055624153061e+00
4.263882426954198057e-01 6.975763829319486797e-02 -1.410143043322587886e+00 -1.788417326477798053e+00 5.179841054056043248e+01 -3.479881295658645346e+00
4.054811833002194277e-01 6.589370953869828906e-02 -1.426886683373757014e+00 -1.480394227800252649e+00 5.175848566584564026e+01 -3.765548234799787064e+00
2.718245541456859038e-01 4.471723704163500790e-02 -2.427734439974086111e+00 -1.762573232170684845e+00 5.281256524036855637e+01 -3.993543684676676975e+00
3.357957939027328420e-01 5.623708277394695587e-02 -3.971723138901784189e+00 -3.822318895606768407e+00 5.448165365223209022e+01 -1.660468106280683864e+00
4.620757776950068507e-01 7.164084197094633399e-02 -1.687544499673657494e+00 -2.225301678535108518e+00 5.214900539593615747e+01 -2.889479594351020975e+00
3.597647402355408919e-01 5.900776988093940634e-02 -1.898512675129160998e+00 -1.829081789389249924e+00 5.228615336715456863e+01 -3.648182595172464904e+00
2.734865759952505027e-01 4.664315755613196446e-02 -2.400016626351765936e+00 -3.620712834525524393e+00 5.358427818601592918e+01 -3.266289607816522889e+00
2.962990205096756591e-01 4.839936422449450659e-02 -2.510336698723319770e+00 -2.012610614264517039e+00 5.290366082690350424e+01 -3.630724439475885745e+00
3.690189070260644910e-01 6.193829619092446059e-02 -2.626702116751867599e+00 -2.722337952905558911e+00 5.307924836725795359e+01 -2.750469894707405327e+00
4.257211146007267577e-01 6.808767638176395354e-02 -2.071593817648592850e+00 -2.004756828688561310e+00 5.232595536450567408e+01 -2.968358584094021424e+00
3.775633325450158950e-01 6.385746870144064224e-02 -2.007636023140894732e+00 -1.925268267978253789e+00 5.233039487189346772e+01 -3.454823830965214615e+00
4.446471975868281912e-01 7.060938492084398166e-02 -2.354246061843010995e+00 -2.661878947157114261e+00 5.274713398191671843e+01 -2.385989445775412499e+00
2.866049882908765500e-01 4.780496217704166551e-02 -2.358424596617692881e+00 -1.629211268102948251e+00 5.268049277245522433e+01 -4.018060480061826034e+00
3.671340769147424798e-01 6.215221126807006502e-02 -3.323386351192278543e+00 -2.892492584308713255e+00 5.360840255181356895e+01 -2.259053991833696262e+00
4.609966916280593408e-01 7.281588519665692372e-02 -2.364624018566180652e+00 -2.412589246494631467e+00 5.259674943960132509e+01 -2.410570167425320598e+00
3.623106384023711546e-01 5.894449492726111517e-02 -2.176499611632524811e+00 -1.902910436958912488e+00 5.248829023053595222e+01 -3.394963241319161273e+00
5.008236284506258906e-01 7.811039299107366829e-02 -1.174992452297835666e+00 -1.508596196752514995e+00 5.140201074346860821e+01 -3.269559337829958334e+00
4.486055647710332495e-01 7.222109483967718846e-02 -3.531255472191455080e+00 -3.852604593069429928e+00 5.399133323400614159e+01 -1.157910277984356862e+00
3.256378358710994014e-01 5.451802023635630989e-02 -3.354294227888438229e+00 -3.022062322568826342e+00 5.379373897631269585e+01 -2.501050191418727309e+00
3.959933865418498455e-01 5.968884877589249183e-02 -1.189535749630572070e+00 -1.028641777699573101e+00 5.146087928879367723e+01 -4.061087426086247731e+00
4.061031987459897130e-01 6.730721128450764534e-02 -1.425031617588132349e+00 -1.443380962041555415e+00 5.171175059977495181e+01 -3.800834504339678954e+00
4.211336944004284710e-01 7.170531954185348222e-02 -2.403596556082885805e+00 -2.693886333435372205e+00 5.279308143005579979e+01 -2.550039550764209295e+00
3.642843714854361870e-01 6.409274056443721446e-02 -1.866345104845989145e+00 -1.565885037538725433e+00 5.208377954315255209e+01 -3.776291456358659815e+00
4.541112028782725574e-01 7.257945645105917665e-02 -1.927855284618546161e+00 -2.277363483533420219e+00 5.229961288924519636e+01 -2.776832697316031329e+00
3.258236401931001724e-01 5.726837515909566356e-02 -2.780229851941586450e+00 -2.130370314719492342e+00 5.299080337183005440e+01 -3.254950071069495632e+00
4.034434925196870303e-01 6.405020157725177521e-02 -2.394996885891347294e+00 -2.489040913065316385e+00 5.282133026779019502e+01 -2.744724131944948464e+00
4.198713863125641543e-01 6.653847178561693443e-02 -1.335760483938615684e+00 -1.615997103583997063e+00 5.171267372194101597e+01 -3.635619161749080952e+00
3.955087023665408430e-01 6.943110694943506467e-02 -2.469487637334769392e+00 -2.486048974654573307e+00 5.278424305354361934e+01 -2.837071014413763415e+00
4.145247339551142995e-01 7.158088122785687124e-02 -3.173696939342706358e+00 -3.353749795679037415e+00 5.357685816729867412e+01 -1.848184746429743619e+00
3.248402667360180684e-01 5.435169612912551379e-02 -2.356349585700580729e+00 -2.025673216468610871e+00 5.272972643253248037e+01 -3.548670579515858403e+00
3.128634429463650890e-01 5.527845198767462886e-02 -2.479603201015932346e+00 -2.539318084438716649e+00 5.301509092861554251e+01 -3.400069310023460467e+00
4.134220399780678123e-01 7.149603720952754649e-02 -2.348993278637133475e+00 -2.998971358746312710e+00 5.290104866902751724e+01 -2.561807535054976714e+00
4.508150924156008044e-01 7.198577001517217355e-02 -1.230708509182347310e+00 -1.875944282107075978e+00 5.168616849179109352e+01 -3.363296511008537770e+00
4.050969083510800317e-01 6.563210297884031208e-02 -1.774945460099235817e+00 -1.778593568792528057e+00 5.209937935182577462e+01 -3.409553706085974856e+00
2.794224761759411813e-01 4.608867886619785748e-02 -2.339694906325038293e+00 -1.694917659338130100e+00 5.270673338966319932e+01 -4.022667065545708631e+00
3.357957939027328420e-01 5.623708277394695587e-02 -3.971723138901784189e+00 -3.822318895606768407e+00 5.448165365223209022e+01 -1.660468106280683864e+00
4.438617104172526973e-01 6.951440289651228399e-02 -1.751561457388929766e+00 -2.105955573823912186e+00 5.217012619584131983e+01 -3.025397104780329638e+00
3.424472096677416144e-01 5.538662950329976964e-02 -1.317927207990572835e+00 -1.211509479332083528e+00 5.170845360428747028e+01 -4.408417100073235062e+00
2.853417072412393063e-01 4.843434793937075045e-02 -2.639668637616251257e+00 -3.507862913141378325e+00 5.365640686080072186e+01 -3.068395409165348031e+00
2.967146217919656159e-01 4.730422042885296802e-02 -2.722318629192322703e+00 -2.396145696993174035e+00 5.318952781101417315e+01 -3.267675868425430341e+00
3.595012796200673377e-01 6.015845822578985702e-02 -2.651370110428754590e+00 -2.661201456984668923e+00 5.309328128329569552e+01 -2.822843601206923569e+00
4.187914893210801237e-01 6.614258800014249928e-02 -2.048584205599676800e+00 -1.980888990350489376e+00 5.233574702236904841e+01 -3.037190834470798073e+00
3.734127057243669667e-01 6.396127883875615816e-02 -2.688627981242357468e+00 -2.654692411324315771e+00 5.307006772940483330e+01 -2.757458617526573619e+00
4.615544356200554921e-01 7.382399047618291854e-02 -2.700521551385576480e+00 -3.252459106607472172e+00 5.316129454346778971e+01 -1.803763832215965479e+00
2.898342228750766525e-01 4.825890178979844874e-02 -2.333643988979853479e+00 -1.628891070080795922e+00 5.265704113876839187e+01 -4.008793382354858714e+00
3.697867546322889942e-01 6.192578496481915967e-02 -3.127247981408853406e+00 -2.721171940557793434e+00 5.341100742416384861e+01 -2.424692532709446180e+00
4.633958924443465910e-01 7.300753206282735441e-02 -2.361503953687607016e+00 -2.409759081332322861e+00 5.258918191333152237e+01 -2.395420050891443164e+00
3.632036669553617148e-01 5.916590639653779987e-02 -2.183269188951977302e+00 -1.917547635154510655e+00 5.249599249593582329e+01 -3.380271325823219097e+00
4.868955734556934534e-01 7.609594911496439518e-02 -1.248262350244425889e+00 -1.520317434654696598e+00 5.148408912735518328e+01 -3.316936353446028107e+00
4.456188315452227489e-01 7.233467564379934822e-02 -3.614529587276829492e+00 -3.923155663157421813e+00 5.407548017226597636e+01 -1.102586851561454084e+00
3.257190389761883687e-01 5.453495423413057958e-02 -3.455898214412201686e+00 -3.123507934909288686e+00 5.390206955056413562e+01 -2.394388555798458551e+00
4.113234152692163414e-01 6.507400999488840987e-02 -1.722653938534665308e+00 -1.837838313765808085e+00 5.207720568459620125e+01 -3.341994210057080750e+00
3.993038997196406426e-01 6.678078117426208826e-02 -1.393142724542950628e+00 -1.348396723934904173e+00 5.165863483906445452e+01 -3.911541830471435333e+00
4.374128315562283431e-01 7.417117689207938791e-02 -2.339266878257004301e+00 -2.790135933065342577e+00 5.275931014920170981e+01 -2.429639503381446630e+00
3.653010002334428075e-01 6.177613980481312661e-02 -1.913131053075158627e+00 -1.581333984639765822e+00 5.214955452538152514e+01 -3.716414072232073096e+00
4.709892146018725967e-01 7.566051045257563001e-02 -2.205896723589298780e+00 -2.614339208212537624e+00 5.258475728895037093e+01 -2.356887403274665171e+00
3.232503320845155903e-01 5.702329293421664475e-02 -2.820927181538974260e+00 -2.146243727428267967e+00 5.302725407017369008e+01 -3.243108045033274767e+00
4.026390083603867409e-01 6.409556078875430774e-02 -2.079345745796270073e+00 -2.243337806018508296e+00 5.251711464096376147e+01 -3.050002773612385809e+00
4.179427787602078004e-01 6.604181482558912908e-02 -1.323349141860158840e+00 -1.562134781642630310e+00 5.168594332791091261e+01 -3.678870251364560140e+00
4.114849811077399555e-01 7.288543405423181243e-02 -2.641690741409319365e+00 -2.891760850605874733e+00 5.303500129051258227e+01 -2.480457312289206406e+00
4.145247339551142995e-01 7.158088122785687124e-02 -3.173696939342706358e+00 -3.353749795679037415e+00 5.357685816729867412e+01 -1.848184746429743619e+00
3.064815878381255132e-01 5.186039411791983078e-02 -2.377537218005614683e+00 -2.011823386377048273e+00 5.277270190188534826e+01 -3.681271043660045983e+00
3.246009532934824304e-01 5.643226468902910742e-02 -2.418865584759223086e+00 -2.465406100471620121e+00 5.292680569892735321e+01 -3.367044346925875953e+00
4.148038919570951055e-01 7.126412809729278097e-02 -2.247137070072832365e+00 -2.765396766688159147e+00 5.273925392667690204e+01 -2.706313095055541407e+00
4.296238003473668021e-01 6.882937940555967915e-02 -1.500036380657177704e+00 -1.936003091932741782e+00 5.193152282762632410e+01 -3.332305394592304904e+00
3.614564379158479168e-01 5.947650111049412880e-02 -2.114399580061355088e+00 -1.613586503664515170e+00 5.234072991726624480e+01 -3.578776847067426381e+00
2.936313354963767108e-01 4.867780984768492469e-02 -2.317871844275226412e+00 -1.755841559513557026e+00 5.268066149406940468e+01 -3.911921594893470910e+00
3.357957939027328420e-01 5.623708277394695587e-02 -3.971723138901784189e+00 -3.822318895606768407e+00 5.448165365223209022e+01 -1.660468106280683864e+00
4.617407230871518609e-01 7.416594941595565371e-02 -1.767188365584385412e+00 -2.323544854561947037e+00 5.220718797659360177e+01 -2.828542104214034847e+00
3.309976967450109497e-01 5.383551036826491470e-02 -1.538965075610596589e+00 -1.302339067392145777e+00 5.191488296510632239e+01 -4.321451938063384901e+00
2.829086492577011502e-01 4.787187549979718404e-02 -2.631808209634222351e+00 -3.585629141436151635e+00 5.369529941885917168e+01 -3.057748380541554400e+00
3.196486879690338956e-01 5.198215601097700561e-02 -3.381721562820646287e+00 -2.967736853145770848e+00 5.378674253080781398e+01 -2.466029378761899871e+00
3.673681632350264126e-01 6.125849660654907047e-02 -2.395168948929707220e+00 -2.464445757485018262e+00 5.283883828090280588e+01 -3.022303237583487956e+00
4.192620046734664707e-01 6.673518310100931550e-02 -2.196932484291452603e+00 -2.102649778982499829e+00 5.247428366834920865e+01 -2.894414132258069206e+00
3.759234087243518152e-01 6.533692103656565942e-02 -3.057935351280616221e+00 -2.987232085373067836e+00 5.342850972000248078e+01 -2.394478324181017026e+00
4.410383479907533655e-01 7.119721682600164969e-02 -2.753830092460158419e+00 -3.103348210638823712e+00 5.317815870761400276e+01 -1.985005150443647004e+00
2.734908829948985431e-01 4.527146520283631403e-02 -2.610539008953473239e+00 -1.667312269704863681e+00 5.289992505414365809e+01 -3.937183097003339238e+00
3.880593270551969676e-01 6.431106820298032600e-02 -2.842315050014790678e+00 -2.619035760477572694e+00 5.315091920912585977e+01 -2.518152608303750650e+00
4.487086547204499620e-01 7.206016769946987921e-02 -2.300477133690466136e+00 -2.403505259987938292e+00 5.257391458730415223e+01 -2.553969829052097573e+00
3.361342303899194639e-01 5.337944933502052069e-02 -2.796472312162893381e+00 -2.436278679095207345e+00 5.316988686546137899e+01 -2.926996687750638593e+00
4.868955734556934534e-01 7.609594911496439518e-02 -1.248262350244425889e+00 -1.520317434654696598e+00 5.148408912735518328e+01 -3.316936353446028107e+00
4.456188315452227489e-01 7.233467564379934822e-02 -3.614529587276829492e+00 -3.923155663157421813e+00 5.407548017226597636e+01 -1.102586851561454084e+00
2.953040985033478227e-01 4.965017700277479795e-02 -3.203888069163187691e+00 -2.896688713267344450e+00 5.371437831503812532e+01 -2.882991677707005262e+00
3.822974407746680403e-01 5.977595899274888713e-02 -2.102305649389776931e+00 -2.138517220155735199e+00 5.251146042899372901e+01 -3.159418905289304025e+00
4.016487666008395352e-01 6.705656645274603311e-02 -1.364292306470246796e+00 -1.342371519902806343e+00 5.163405436889193822e+01 -3.914991760994723791e+00
4.374128315562283431e-01 7.417117689207938791e-02 -2.339266878257004301e+00 -2.790135933065342577e+00 5.275931014920170981e+01 -2.429639503381446630e+00
3.629100645211013609e-01 6.142543319814335046e-02 -1.910941619459672003e+00 -1.527711436594529903e+00 5.212925546984575931e+01 -3.755565290748015261e+00
4.759246708606768017e-01 7.622024467156307548e-02 -2.064594446672750827e+00 -2.531548233082682398e+00 5.245028915847954210e+01 -2.444422058823946031e+00
3.323063777107376771e-01 5.908280607182907901e-02 -2.752920696941869583e+00 -2.021368781814262938e+00 5.289046990756139621e+01 -3.286928974585402674e+00
4.318357304878432945e-01 6.789126817534971159e-02 -1.797136685834647807e+00 -2.061083570322897351e+00 5.220589758815454928e+01 -3.065230789186773830e+00
3.869933869337645049e-01 6.272441593437150242e-02 -1.006625476200831315e+00 -1.327938708850843863e+00 5.143183308274227983e+01 -4.165334478555834608e+00
4.166546906291484498e-01 7.291372645546739806e-02 -2.533709375061910407e+00 -2.776588421658470196e+00 5.291375240441949046e+01 -2.550735762689217534e+00
4.107798270515692352e-01 6.838752697541518322e-02 -2.744805104244469440e+00 -2.675887268781017347e+00 5.305523604785298630e+01 -2.396549869834828428e+00
3.313256475172949300e-01 5.665244965704848562e-02 -2.343683173190504121e+00 -2.206872733559182898e+00 5.274568248474636789e+01 -3.420015564859886670e+00
3.246009532934824304e-01 5.643226468902910742e-02 -2.418865584759223086e+00 -2.465406100471620121e+00 5.292680569892735321e+01 -3.367044346925875953e+00
4.322103312978858303e-01 7.517913237127686610e-02 -2.533310645689391905e+00 -3.091760589594936270e+00 5.301203698880558335e+01 -2.293200818834610022e+00
3.879193730947130270e-01 6.325550998741703845e-02 -1.804138209420227623e+00 -1.753478688029347587e+00 5.211921171610929804e+01 -3.535429710612361554e+00
3.600741409142963478e-01 5.929539194035318705e-02 -2.132958736445888182e+00 -1.617702581655255267e+00 5.235745174630785925e+01 -3.575280727375323320e+00
2.936313354963767108e-01 4.867780984768492469e-02 -2.317871844275226412e+00 -1.755841559513557026e+00 5.268066149406940468e+01 -3.911921594893470910e+00
3.426220181624191619e-01 5.751612975690371943e-02 -3.457588866037788478e+00 -3.298779614414155681e+00 5.391509672720616919e+01 -2.159411560050606749e+00
4.730493387080035306e-01 7.579573115161911123e-02 -1.684664004305383322e+00 -2.345211941874788764e+00 5.214172649556111594e+01 -2.796500342613241319e+00
3.347308541821704120e-01 5.512892423993647623e-02 -1.727383919592089256e+00 -1.443830036538022554e+00 5.207174720315429539e+01 -4.119669501164985093e+00
3.275225773082244274e-01 5.581011650710253347e-02 -2.899072310942908182e+00 -3.327786437869454161e+00 5.362253985119091482e+01 -2.672594058718549714e+00
3.229143937056918601e-01 5.245373754298188890e-02 -3.339948074649261578e+00 -2.939446678206082630e+00 5.374169177374258766e+01 -2.482739837109591452e+00
4.042402711321131381e-01 7.039693339292091290e-02 -2.381224622032520610e+00 -3.022989255009350007e+00 5.293768878591698268e+01 -2.576119164805859896e+00
4.353500103595067672e-01 6.852610151626095658e-02 -2.432418655225902171e+00 -2.351767330560790015e+00 5.270939707196337309e+01 -2.509372411413121284e+00
3.682110314180180310e-01 6.411071899020705234e-02 -3.183545698542249891e+00 -3.085538820163360452e+00 5.356459904463623189e+01 -2.326009094215612638e+00
4.343936627117139238e-01 6.930904051273571731e-02 -2.973385675097051983e+00 -3.170594509843366993e+00 5.335239274270862353e+01 -1.842350438246870947e+00
2.958723088840589655e-01 4.905925185624611384e-02 -2.616282505073194375e+00 -1.838317318036627235e+00 5.291583112819446200e+01 -3.692282735502684154e+00
3.663034121677505306e-01 6.097886744839198236e-02 -2.634356454893052923e+00 -2.376445419469172204e+00 5.296588523778774515e+01 -2.921616793998941919e+00
4.461574747993309331e-01 7.233956351761566816e-02 -2.026413833204381731e+00 -2.173504199263878167e+00 5.231114414558427228e+01 -2.843457362282294731e+00
3.263214444790419888e-01 5.045123519373390791e-02 -2.562321812201850957e+00 -2.222025495918909410e+00 5.296027026971702156e+01 -3.203460852132403947e+00
4.850526961951872051e-01 7.586718481913368173e-02 -1.265945391203312509e+00 -1.534874033964694018e+00 5.150497669117132915e+01 -3.312393691069149160e+00
4.458942728706613567e-01 7.334563974200870862e-02 -3.496926468315808556e+00 -3.855996291516012864e+00 5.396259455142854478e+01 -1.217157523490877580e+00
2.733611229449960378e-01 4.629995886995044718e-02 -3.469667629305842826e+00 -3.200664652865878868e+00 5.406876146480426115e+01 -2.779085572646874169e+00
3.283614022399119481e-01 5.013817951709858417e-02 -2.324798918339825438e+00 -2.039794538991889894e+00 5.275117279794466185e+01 -3.418990211450283478e+00
4.175089417780932788e-01 7.063030160985941941e-02 -1.093392265007313124e+00 -1.169213940828222942e+00 5.134697042703150771e+01 -4.072461374080229568e+00
3.895665162036098250e-01 6.805849280108594579e-02 -2.569703502199726763e+00 -2.671602083437440101e+00 5.296751299261345025e+01 -2.753297740590702869e+00
3.354410748658598895e-01 5.856407547571022831e-02 -2.297678337093946421e+00 -1.562055917244551839e+00 5.244374058793955840e+01 -3.730878969199145523e+00
4.344145624644030756e-01 6.813340121562404261e-02 -1.947971185556579110e+00 -2.157855080291037009e+00 5.231898787639658366e+01 -2.914778647708617942e+00
3.468594624419816808e-01 5.941281305545945135e-02 -2.222394236414963142e+00 -1.642290973136176779e+00 5.239914184298135780e+01 -3.642418700746590243e+00
4.318357304878432945e-01 6.789126817534971159e-02 -1.797136685834647807e+00 -2.061083570322897351e+00 5.220589758815454928e+01 -3.065230789186773830e+00
4.039236197837093312e-01 6.542016372099880572e-02 -1.568655025786425572e+00 -1.900604538791891951e+00 5.199393770181927010e+01 -3.466513529596084275e+00
4.184688624651208833e-01 7.350390583999490135e-02 -2.499286351458423372e+00 -2.787568463045832612e+00 5.289154279286098159e+01 -2.562285059519540553e+00
4.091023236926353279e-01 6.823176046682098705e-02 -2.744304767559917480e+00 -2.652189244438693194e+00 5.304842133357621492e+01 -2.419365514079891533e+00
3.164430202941151404e-01 5.408863486658858216e-02 -2.382635114116204100e+00 -2.077199250134499131e+00 5.275517938703232801e+01 -3.559716164156846663e+00
3.106723411504267451e-01 5.567900155038233573e-02 -2.236097822854689277e+00 -2.442283671417377455e+00 5.282079718982163286e+01 -3.629423504614296192e+00
4.474851356106602784e-01 7.918465141811309449e-02 -2.817687723857952520e+00 -3.468104816567896265e+00 5.331060259711330218e+01 -1.878881804620087248e+00
3.670960276993950333e-01 5.904631126776423850e-02 -1.577439116241126982e+00 -1.693419829047747793e+00 5.199054320301642207e+01 -3.834514453284772362e+00
3.769721249007729202e-01 6.218649561937237419e-02 -2.339748041868448425e+00 -2.158336947677717443e+00 5.266529411112307457e+01 -3.106150683140319835e+00
2.930298081491396478e-01 4.863408097807674080e-02 -2.295987573684072025e+00 -1.739367459088984269e+00 5.266073204756477111e+01 -3.938836611355343464e+00
3.991411857037395206e-01 6.347888328900494481e-02 -2.824799871829753783e+00 -3.109694675709095968e+00 5.335361362233501126e+01 -2.200447462854743019e+00
4.730493387080035306e-01 7.579573115161911123e-02 -1.684664004305383322e+00 -2.345211941874788764e+00 5.214172649556111594e+01 -2.796500342613241319e+00
3.532731592292993050e-01 5.827966275344869523e-02 -1.749734538646557702e+00 -1.552843372521973908e+00 5.208447023034248247e+01 -3.923472136781405162e+00
3.533518746264702193e-01 6.228676802371472393e-02 -2.067059714534321024e+00 -2.829540595410886539e+00 5.278458099448670282e+01 -3.236490821466238454e+00
3.253945559713445346e-01 5.343892812703839729e-02 -3.778498659434302631e+00 -3.299917563564931378e+00 5.415448767501881377e+01 -2.035928374734862434e+00
4.173199934545473999e-01 7.246942523554128490e-02 -2.399642284543970217e+00 -3.106231317818452631e+00 5.295370796031920690e+01 -2.429802814038533043e+00
4.447883400146001032e-01 6.957209351944323994e-02 -2.434488483393184577e+00 -2.268094125440325737e+00 5.266114314486111425e+01 -2.474197156490134386e+00
3.762334221564100911e-01 6.431184977194459584e-02 -2.560052117768965019e+00 -2.431398861661405952e+00 5.287692175451471854e+01 -2.894441388242633195e+00
4.296229235293727577e-01 6.867580600827731530e-02 -3.219149277264822029e+00 -3.421175797350846093e+00 5.361893901477336755e+01 -1.605357591335885958e+00
2.836350487817463351e-01 4.725277398304447707e-02 -2.142921647075656022e+00 -1.238468994759795549e+00 5.241026874667846158e+01 -4.371098255467471105e+00
3.625113520083621532e-01 6.054963115821094394e-02 -2.739071321026180339e+00 -2.453969340770889129e+00 5.307272658446330382e+01 -2.856026537087809736e+00
4.424074486290004993e-01 6.871764071577515787e-02 -1.691661453800967774e+00 -1.804475023845648840e+00 5.197645694126588012e+01 -3.166454777252942776e+00
3.246743959048342676e-01 5.011267541322740604e-02 -2.539952505947231209e+00 -2.196071715681385150e+00 5.293922861207087038e+01 -3.238937184364342414e+00
4.624915399648357184e-01 7.303855593973132554e-02 -1.525929575934166227e+00 -1.694764038042302357e+00 5.178253445691628798e+01 -3.238150055006670414e+00
4.467560798035094538e-01 7.350837798119877475e-02 -3.536520746111344149e+00 -3.896147445834255763e+00 5.400301808541257031e+01 -1.170970236471804871e+00
2.739434821610880477e-01 4.635109196561339184e-02 -3.454021788427162676e+00 -3.185734787127794565e+00 5.405129545118131063e+01 -2.789321675285914015e+00
3.184462583130235891e-01 5.018692695837382450e-02 -2.293235996241627994e+00 -2.098752005376106844e+00 5.276191421983006791e+01 -3.525559351389935259e+00
3.810434609351815993e-01 6.567902173122842913e-02 -1.616183068533042277e+00 -1.527664670018824333e+00 5.189879869577521276e+01 -3.832715398448186761e+00
3.764621033895745872e-01 6.593616811305280656e-02 -2.523873291634544991e+00 -2.548016947479958549e+00 5.291379853168432845e+01 -2.919611673143759578e+00
3.498048017015743527e-01 6.111886797524656439e-02 -2.373641475060412009e+00 -1.883321917114390676e+00 5.259628719229223037e+01 -3.458457113079195011e+00
4.554002233400870625e-01 6.887329692350076249e-02 -2.136158059093093531e+00 -2.500180011431551552e+00 5.256443709680726784e+01 -2.469931898907449686e+00
3.495862032358940108e-01 5.963069776131276617e-02 -2.292382977183420323e+00 -1.755043408836326035e+00 5.249065438372528547e+01 -3.529887391593150348e+00
4.344448415029125710e-01 6.910592894388442597e-02 -1.777124671444679116e+00 -2.154464039903671413e+00 5.221841661012022939e+01 -3.034523313093701269e+00
4.028612606841160404e-01 6.534083093238542139e-02 -1.462479191957890112e+00 -1.758961522339735239e+00 5.186040823679423539e+01 -3.586055649443935955e+00
4.460915957244998564e-01 7.850653190486692190e-02 -2.485060808310961988e+00 -2.945025488476439968e+00 5.287768822223385712e+01 -2.326587653679071721e+00
4.273664240556596106e-01 7.122157957972154174e-02 -3.934659051696093535e+00 -3.814267057645860604e+00 5.425115743625757858e+01 -1.027019111454612776e+00
3.542032894423189360e-01 6.010795056888245530e-02 -2.468462824236362430e+00 -2.347755100351294644e+00 5.283300997866627569e+01 -3.110128521550835412e+00
3.125965483018627866e-01 5.587591656160117298e-02 -2.252180356659596594e+00 -2.439749615524713811e+00 5.282544964637736484e+01 -3.601291929540751280e+00
4.442006203027381583e-01 7.700806942542784417e-02 -2.883213834653340690e+00 -3.451020982037522167e+00 5.335834286606200294e+01 -1.834338052766142368e+00
3.875892080392487338e-01 6.237186698843634469e-02 -2.338015763421888327e+00 -2.484160317842109666e+00 5.275153273212923466e+01 -2.835373879916479822e+00
4.188621948219676261e-01 6.825062041055857120e-02 -2.329762667424589040e+00 -2.363897088118747991e+00 5.264219336006379990e+01 -2.680909319208111263e+00
2.972111801815310872e-01 4.946113759639505364e-02 -2.310110896285391568e+00 -1.786167360113527725e+00 5.267832516387365160e+01 -3.883070082881154406e+00
4.069420340517749257e-01 6.537691171904490284e-02 -2.635769227478350629e+00 -2.829040653108198189e+00 5.308959836877387772e+01 -2.401139010931021112e+00
4.731759091889478630e-01 7.593138428060371148e-02 -1.671322252410975651e+00 -2.338618959488988569e+00 5.212951822843333360e+01 -2.809261638889604562e+00
3.330535540944733475e-01 5.504015679354212071e-02 -1.411183236293347854e+00 -1.071196652499835533e+00 5.170977385830781259e+01 -4.474258634242769261e+00
3.627474844352064354e-01 6.356442469353347502e-02 -2.084052593080421456e+00 -2.984269814558208722e+00 5.284417952797461737e+01 -3.085064174009776394e+00
3.253945559713445346e-01 5.343892812703839729e-02 -3.778498659434302631e+00 -3.299917563564931378e+00 5.415448767501881377e+01 -2.035928374734862434e+00
4.170639382889101410e-01 7.177866575511561431e-02 -2.402049972537505518e+00 -2.998444796822258063e+00 5.291771813068606889e+01 -2.459909230081534837e+00
3.986469304399908875e-01 6.523210959209407855e-02 -2.389308705828359969e+00 -2.238961433082055308e+00 5.266998791856848072e+01 -2.852099183528851611e+00
3.527446310105809002e-01 5.918249537385463638e-02 -2.425601182685388935e+00 -2.001511461097197575e+00 5.267207660532414337e+01 -3.301441375431119596e+00
4.105429152233208701e-01 6.587426037439486626e-02 -2.805177594016834419e+00 -2.989135365310705339e+00 5.321962294536035643e+01 -2.184547780266948180e+00
2.817398148537628710e-01 4.710690814696417983e-02 -2.477854966311055396e+00 -1.751904125148422420e+00 5.283330651627488095e+01 -3.953294968382816243e+00
3.360972941081663001e-01 5.737812698937597156e-02 -2.464122299144072770e+00 -2.001683435793648158e+00 5.277220269031855793e+01 -3.434707147928157678e+00
4.169761803446310755e-01 6.633728646539557849e-02 -1.859173168263614562e+00 -1.958973612448980495e+00 5.218489441265634809e+01 -3.181656394812386601e+00
3.617989861582602829e-01 5.607798358417058482e-02 -1.942878252695456220e+00 -1.777911894667071335e+00 5.230623861198906610e+01 -3.495194880697429340e+00
4.596294935989797548e-01 7.349365241131806947e-02 -2.269061124979258270e+00 -2.395242491235473281e+00 5.254930174541945576e+01 -2.478568344973204329e+00
4.526989753995933619e-01 7.420927769422115683e-02 -3.414492051344327095e+00 -3.921243641697579108e+00 5.392696380809434231e+01 -1.215091004681465137e+00
2.739434821610880477e-01 4.635109196561339184e-02 -3.454021788427162676e+00 -3.185734787127794565e+00 5.405129545118131063e+01 -2.789321675285914015e+00
3.124945820557382126e-01 4.944866566111195960e-02 -2.352710286973271447e+00 -2.160900485429694484e+00 5.283928499712335025e+01 -3.522847202590283722e+00
4.123263740170510783e-01 7.111510184007882596e-02 -2.400406417708202955e+00 -2.612570708637411698e+00 5.277884247005570018e+01 -2.683733057026270963e+00
3.842325305792947399e-01 6.630984518958964180e-02 -2.455582639983445059e+00 -2.486069025990239378e+00 5.283225588259939798e+01 -2.913999274871723166e+00
3.149763829850307784e-01 5.331553851275434852e-02 -2.003706293427163221e+00 -1.204427290680380125e+00 5.217873404357848699e+01 -4.195728176524475828e+00
4.663624017514758080e-01 6.862894222336299310e-02 -2.389531783442548019e+00 -2.693530580157779131e+00 5.278671031819391857e+01 -2.122299035586849847e+00
3.129825900783358428e-01 5.290396951255607605e-02 -2.078196803970001838e+00 -1.134833070416017442e+00 5.218365769043801095e+01 -4.163890321267031069e+00
4.380200635684812771e-01 7.010546171622888956e-02 -2.097816522353262769e+00 -2.500502337479591830e+00 5.255304961307926703e+01 -2.678172550430188537e+00
4.239108442601590143e-01 6.796934139505761419e-02 -1.830049698323259921e+00 -2.054280504272050223e+00 5.218167803255286685e+01 -3.086673100972001205e+00
4.207789406449831682e-01 7.029107686387049692e-02 -2.463904477742365096e+00 -2.766763190966986752e+00 5.286742475119415019e+01 -2.485059915446341972e+00
3.866926953789027177e-01 6.606437323708620746e-02 -3.030482212027092892e+00 -3.110253403219250590e+00 5.345217984153388358e+01 -2.235047600750565966e+00
3.728781588453411455e-01 6.226539642113193551e-02 -2.161793356654121201e+00 -2.239109076196281745e+00 5.255888763096383798e+01 -3.196095618344647171e+00
3.105041519934232386e-01 5.683557679063607621e-02 -2.002237913709819406e+00 -2.302258037033398708e+00 5.259524590407975353e+01 -3.848008782201172373e+00
4.443526063273018356e-01 7.657948701798447666e-02 -2.944315117076830024e+00 -3.455717149515534992e+00 5.340425389312859039e+01 -1.786560449933285000e+00
3.984021155805853587e-01 6.327314073122097815e-02 -2.318084366550014597e+00 -2.414240175802756738e+00 5.269575486189076230e+01 -2.786582405778818661e+00
4.173048532964872548e-01 6.838859488399874620e-02 -1.968536742414608742e+00 -1.964183025815309458e+00 5.224071762349255721e+01 -3.109450189399759701e+00
2.972077705257714642e-01 4.955996898381954258e-02 -2.289046597036811903e+00 -1.839945581633829041e+00 5.268902664580031825e+01 -3.877175202819723498e+00
4.185947411853024880e-01 6.637152663818185472e-02 -2.560675205801664855e+00 -2.944505056788564001e+00 5.307990231669981540e+01 -2.315542710189620212e+00
4.288848428578474481e-01 6.995013202630601112e-02 -2.380753216390092852e+00 -2.714697651544107693e+00 5.281469019074229720e+01 -2.499195574187885516e+00
3.612781592064759351e-01 5.921011989643097662e-02 -1.843755476806931082e+00 -1.723175076811963580e+00 5.220218334609315747e+01 -3.717154813072935937e+00
4.148600656670190512e-01 7.211104610291614592e-02 -1.624561222289696349e+00 -2.874611876217865181e+00 5.237604122818720498e+01 -3.025166967039911281e+00
3.288875216815760338e-01 5.360398771925647954e-02 -3.863015836022681171e+00 -3.396350298998424222e+00 5.423315093849846846e+01 -1.887405711838612055e+00
4.270730839577524529e-01 7.142292550294991604e-02 -2.697101181694396388e+00 -3.013842332457774553e+00 5.311283475833341328e+01 -2.195337270075107483e+00
3.905635824916725563e-01 6.462496524060380720e-02 -2.566190508349868615e+00 -2.268208104750403020e+00 5.281018763301492669e+01 -2.777216971628345910e+00
3.189214864824047035e-01 5.288447057790678085e-02 -1.948547140331530425e+00 -1.303919866817284667e+00 5.216107518296660572e+01 -4.150186385805014311e+00
3.214135370497680499e-01 5.250014332718298815e-02 -2.863475750767884520e+00 -2.568409744265826689e+00 5.326893197240209332e+01 -2.962951211909772731e+00
2.658478559484484527e-01 4.472455367351806099e-02 -2.924715456634207289e+00 -2.085743381394341345e+00 5.331027094574244529e+01 -3.686389968003294548e+00
3.362537436293059900e-01 5.742543589677821109e-02 -2.451764388370866410e+00 -1.989964880916711865e+00 5.275926952335044007e+01 -3.447292711473704863e+00
4.630886396260935900e-01 7.632742487416352417e-02 -2.226344200803743067e+00 -2.766620108358919694e+00 5.262756876538140460e+01 -2.333388693568780425e+00
3.706134991006594381e-01 5.901761080244417867e-02 -2.491499802028311450e+00 -2.399520323121445475e+00 5.288413917020302080e+01 -2.875352540285926572e+00
4.514221417014120386e-01 7.157992836118776125e-02 -2.819972633785756688e+00 -2.958191486993028807e+00 5.314078371143445167e+01 -1.918429722192109832e+00
4.526989753995933619e-01 7.420927769422115683e-02 -3.414492051344327095e+00 -3.921243641697579108e+00 5.392696380809434231e+01 -1.215091004681465137e+00
2.739434821610880477e-01 4.635109196561339184e-02 -3.454021788427162676e+00 -3.185734787127794565e+00 5.405129545118131063e+01 -2.789321675285914015e+00
3.334872432236574147e-01 5.408565299670872045e-02 -2.827909089838851475e+00 -2.546930372496422290e+00 5.325372454327216332e+01 -2.941420730240859704e+00
4.511574531935330090e-01 7.628697045122637133e-02 -2.656450612564294822e+00 -3.175536302764070840e+00 5.310291489875501725e+01 -1.999200759739945710e+00
3.615506345647738207e-01 6.218789470064649272e-02 -2.313741198823135115e+00 -2.079734243860968945e+00 5.262660828689242720e+01 -3.326332182332815357e+00
3.284529847289969218e-01 5.588281993584094665e-02 -2.093417170253512705e+00 -1.457703785988998746e+00 5.230832974514736122e+01 -3.944162060610409526e+00
4.663624017514758080e-01 6.862894222336299310e-02 -2.389531783442548019e+00 -2.693530580157779131e+00 5.278671031819391857e+01 -2.122299035586849847e+00
3.585798802579991396e-01 6.166612814436561729e-02 -2.382748287009416099e+00 -2.101819437708948080e+00 5.267404554961208163e+01 -3.273671149736540720e+00
3.492402863283550207e-01 5.852792366178194428e-02 -1.499912377030949484e+00 -1.478535795258286711e+00 5.189407317253576934e+01 -4.122812496047559172e+00
4.204730966686436866e-01 6.711896592283936314e-02 -1.734962232067314147e+00 -2.052799128210105017e+00 5.212971604559721328e+01 -3.175331754469814527e+00
4.207789406449831682e-01 7.029107686387049692e-02 -2.463904477742365096e+00 -2.766763190966986752e+00 5.286742475119415019e+01 -2.485059915446341972e+00
3.703386884449503258e-01 6.301505908096441400e-02 -3.347860852675827115e+00 -3.267376072961479139e+00 5.375649297439656493e+01 -2.069524607529623417e+00
3.998589315119568943e-01 6.545851045024941861e-02 -2.062787103248032938e+00 -2.428461420270695115e+00 5.251722300462489557e+01 -2.941400076845309908e+00
3.289109215168773970e-01 5.804654566261399640e-02 -2.268858839661110238e+00 -2.203985813459401477e+00 5.269309029158656443e+01 -3.551695589247334084e+00
4.452502397475611717e-01 7.625523708383548371e-02 -2.921689188408449045e+00 -3.424632619925727983e+00 5.337906839091719746e+01 -1.800252997689646195e+00
3.666815267609296325e-01 5.783190821869341192e-02 -3.055120282759840933e+00 -2.865809638967771633e+00 5.342058432073859109e+01 -2.330993089564224796e+00
3.830026302951894945e-01 6.252587326871206219e-02 -2.177623388852525821e+00 -2.111265601687194682e+00 5.252273558400239040e+01 -3.167853941304599630e+00
3.084173785545196167e-01 5.110612646874627962e-02 -1.727717788951457667e+00 -1.191493789495244426e+00 5.203263436340007786e+01 -4.401343896277669643e+00
4.066866674433377016e-01 6.591886934229714001e-02 -2.539689399299465578e+00 -2.772095603180769086e+00 5.299438505071510974e+01 -2.499105704384779969e+00
4.480006090151852916e-01 7.030582102003193889e-02 -2.191499259317321702e+00 -2.728787078851237613e+00 5.270593845855954385e+01 -2.459632967863458752e+00
3.520576479275282500e-01 5.691963026377300922e-02 -1.576618745193171467e+00 -1.384205343373970942e+00 5.192475107797110923e+01 -4.093190873073888625e+00
4.043976020322242459e-01 7.196074452956516265e-02 -1.470458516511950364e+00 -2.830727564043546529e+00 5.227947305056665073e+01 -3.260725135988281842e+00
4.061887380520905477e-01 6.871268055350746029e-02 -3.944986696365690992e+00 -3.985765381799672546e+00 5.436412789145705915e+01 -1.120185130827206166e+00
4.270730839577524529e-01 7.142292550294991604e-02 -2.697101181694396388e+00 -3.013842332457774553e+00 5.311283475833341328e+01 -2.195337270075107483e+00
3.897128119420026349e-01 6.493216466620990723e-02 -2.575977547841546755e+00 -2.383656349440943956e+00 5.286696083971487781e+01 -2.759525492287437043e+00
3.271453963528291875e-01 5.436066003504951005e-02 -2.018332768036832370e+00 -1.467397444894357861e+00 5.226062221132286112e+01 -3.984636656211712591e+00
3.305617797086236043e-01 5.379956246294521904e-02 -2.548571900246362265e+00 -2.284886474622421559e+00 5.293856063847134408e+01 -3.220373890690039431e+00
2.658478559484484527e-01 4.472455367351806099e-02 -2.924715456634207289e+00 -2.085743381394341345e+00 5.331027094574244529e+01 -3.686389968003294548e+00
3.638437339005131110e-01 6.069340802910207222e-02 -2.438413145857347253e+00 -2.359405229725493491e+00 5.284285014472264663e+01 -3.095108038527270899e+00
4.394033722892874971e-01 7.366549383659030947e-02 -2.478667297691917071e+00 -2.999210813160710920e+00 5.293636536630992140e+01 -2.258710699202587158e+00
3.897298840450432733e-01 6.082656651636941109e-02 -2.523782646113327921e+00 -2.554618387111676547e+00 5.292474138004115503e+01 -2.603265576042409712e+00
4.514221417014120386e-01 7.157992836118776125e-02 -2.819972633785756688e+00 -2.958191486993028807e+00 5.314078371143445167e+01 -1.918429722192109832e+00
3.986329826722357916e-01 6.688808767752893458e-02 -3.235450661687321539e+00 -3.402156874632538130e+00 5.370572964403449845e+01 -1.922233289556414260e+00
2.739434821610880477e-01 4.635109196561339184e-02 -3.454021788427162676e+00 -3.185734787127794565e+00 5.405129545118131063e+01 -2.789321675285914015e+00
2.999902035298738223e-01 4.819697202138652908e-02 -2.781730076071579738e+00 -2.288598585458482937e+00 5.319895175454674785e+01 -3.305207255603198391e+00
4.439381736895220421e-01 7.398578564405436375e-02 -3.026006887321571970e+00 -3.373301006716725947e+00 5.344761890761118650e+01 -1.715688486938380830e+00
3.110866137472739767e-01 5.374903206323057570e-02 -1.953287666460377547e+00 -1.289423960579824335e+00 5.218433969128354022e+01 -4.234718178746588180e+00
3.089152191160721150e-01 5.438449258378123125e-02 -1.927357687746039439e+00 -1.055027731378806122e+00 5.206721532441444111e+01 -4.408812238237560521e+00
4.180590010956632963e-01 6.387180492350980066e-02 -2.054148987105822055e+00 -2.156292541572592647e+00 5.242729623883695211e+01 -2.935735161361155310e+00
3.849373431172454230e-01 6.515580047677736741e-02 -2.550654943649036444e+00 -2.458559638311572204e+00 5.287008841640187029e+01 -2.811417074803074456e+00
3.548233112656200561e-01 5.832597811022025014e-02 -1.563029773307356152e+00 -1.478594610858156688e+00 5.193017385163856403e+01 -4.029848680092353419e+00
3.907948813748978734e-01 6.196591585188626627e-02 -1.555019150029430586e+00 -1.665873060903592107e+00 5.194286122927303495e+01 -3.694921559035845959e+00
3.527951694372751246e-01 5.771284133673873495e-02 -2.617324941394000959e+00 -2.539151075516265621e+00 5.305332360964485616e+01 -2.937689599615433522e+00
3.513014143004165035e-01 6.139677578390560775e-02 -3.907215221856534360e+00 -3.813853752480375725e+00 5.438727014917667191e+01 -1.644926639979318317e+00
3.822632684502326184e-01 6.288361347532385459e-02 -1.649552703690731592e+00 -1.872556073900755180e+00 5.207298722833402849e+01 -3.604639361796887265e+00
3.441714268778599539e-01 6.156912842462927693e-02 -2.196467545793613141e+00 -2.344069997573194009e+00 5.264227403290443164e+01 -3.426877684004702829e+00
4.455601242492263081e-01 7.474080209363265226e-02 -1.584955363355704083e+00 -1.721767389877071341e+00 5.181189141794159525e+01 -3.277092252687491047e+00
3.666815267609296325e-01 5.783190821869341192e-02 -3.055120282759840933e+00 -2.865809638967771633e+00 5.342058432073859109e+01 -2.330993089564224796e+00
3.341900196386146660e-01 5.584831128284367674e-02 -1.936150322634254017e+00 -1.574039413117565900e+00 5.224212188792839129e+01 -3.893022442642544156e+00
3.084173785545196167e-01 5.110612646874627962e-02 -1.727717788951457667e+00 -1.191493789495244426e+00 5.203263436340007786e+01 -4.401343896277669643e+00
4.092189134485673119e-01 6.622687674829792759e-02 -2.979959071749938904e+00 -3.329514772249019927e+00 5.349724238547787536e+01 -1.937393663389664678e+00
4.756150847981055474e-01 7.476501971577882710e-02 -2.710272896068198101e+00 -3.285961314465608130e+00 5.321211540945791540e+01 -1.702587412162379632e+00
3.520675261828025704e-01 5.686114782559159586e-02 -1.546175471960395953e+00 -1.352468210361609913e+00 5.189258457395538215e+01 -4.125171174142924890e+00
4.001210765775731759e-01 7.278144724326060522e-02 -1.043884181631732577e+00 -2.898001189122409560e+00 5.203934287513031620e+01 -3.551623097202291301e+00
3.963020419380643977e-01 6.748948070790398990e-02 -3.753420851082305276e+00 -3.709641082418291269e+00 5.414193599358303999e+01 -1.447250530945412006e+00
4.285928168109516823e-01 7.186638666022049371e-02 -2.677858011475028110e+00 -2.993024305012188968e+00 5.308572395818478640e+01 -2.211928010498021013e+00
3.214175660636824361e-01 5.442977689607322866e-02 -3.576431458001307462e+00 -2.943581680669927092e+00 5.390939442751203359e+01 -2.421376904522333895e+00
4.414824113148688722e-01 7.382165835747712956e-02 -2.009300857610926361e+00 -2.228192356471160540e+00 5.229837966032818031e+01 -2.874246890123640874e+00
3.330824213391551103e-01 5.439647360690533229e-02 -2.398623273621361740e+00 -2.104021383511962107e+00 5.276023056968594460e+01 -3.382192991289524109e+00
2.666665710398240519e-01 4.489159582102644763e-02 -2.939143518422888235e+00 -2.108123657136697915e+00 5.332621038098806565e+01 -3.661254191877866937e+00
3.795471706038361925e-01 6.238294288191409409e-02 -2.136395100576890638e+00 -2.140325808968200239e+00 5.253311110126563221e+01 -3.271521987894457695e+00
4.416249360767731114e-01 7.399442808821929396e-02 -2.478198400692587011e+00 -3.024319683053735552e+00 5.294214374434211123e+01 -2.232662183082520624e+00
3.726031099495112908e-01 5.825962443792997297e-02 -2.245498457720493946e+00 -2.166097747206581214e+00 5.262633834363876417e+01 -3.080230541398008004e+00
4.367453320716697673e-01 6.931622169012310875e-02 -2.805099646904813948e+00 -2.957286532836736814e+00 5.317525136530015573e+01 -2.035358428173321688e+00
3.986329826722357916e-01 6.688808767752893458e-02 -3.235450661687321539e+00 -3.402156874632538130e+00 5.370572964403449845e+01 -1.922233289556414260e+00
2.752131355163101034e-01 4.583400811035268779e-02 -3.143982473713352821e+00 -2.842703075813845182e+00 5.371757123186205973e+01 -3.103682880635007191e+00
3.365917906374435442e-01 5.382206003419636592e-02 -2.849928153465594693e+00 -2.625495662146811959e+00 5.327578631165929579e+01 -2.795030501304994530e+00
4.155809439907527381e-01 6.901213873846381852e-02 -2.241391577770468047e+00 -2.464671409890239140e+00 5.263140145367321310e+01 -2.777685327734639387e+00
3.110866137472739767e-01 5.374903206323057570e-02 -1.953287666460377547e+00 -1.289423960579824335e+00 5.218433969128354022e+01 -4.234718178746588180e+00
3.198750314571028319e-01 5.599941347510294792e-02 -2.021870068921659325e+00 -1.257648327117199649e+00 5.218444405815256459e+01 -4.176429695671187048e+00
4.070843642794002015e-01 6.356883466847404462e-02 -1.930103550973163884e+00 -2.069301594493170526e+00 5.231866841022075221e+01 -3.140814932667137960e+00
3.744422661950638775e-01 6.404707417271987557e-02 -2.492378390703212432e+00 -2.264998286734493771e+00 5.276739887949718621e+01 -3.020399572961149914e+00
3.505878126244580395e-01 5.735547847426129831e-02 -1.469391996578575332e+00 -1.319347023999291268e+00 5.181991138039921196e+01 -4.193879320242494657e+00
4.014376802757568807e-01 6.213582028781791666e-02 -1.151695269712394998e+00 -1.442033000381687691e+00 5.158417744270133909e+01 -3.959663681777610300e+00
2.963281617272068846e-01 4.795061970141677177e-02 -3.849138016211959279e+00 -3.345323850792039089e+00 5.432571456017626588e+01 -2.236054683129053533e+00
3.513014143004165035e-01 6.139677578390560775e-02 -3.907215221856534360e+00 -3.813853752480375725e+00 5.438727014917667191e+01 -1.644926639979318317e+00
3.620873208756599793e-01 5.937554958221397117e-02 -1.465052403536670766e+00 -1.625139625650413588e+00 5.189939922294050945e+01 -3.952699813901681569e+00
3.892557493574453908e-01 6.606124944185245984e-02 -2.636818053083983759e+00 -2.765539877244481914e+00 5.303388152882345707e+01 -2.617239775259182721e+00
4.306603841588099724e-01 7.120405794503797958e-02 -1.502832537693756798e+00 -1.656178657548405875e+00 5.179474572040707159e+01 -3.475189235171414204e+00
3.897507165125079776e-01 6.164467711257608229e-02 -3.143274499510132269e+00 -3.221527588929493646e+00 5.358419799588389765e+01 -1.968288351844054596e+00
3.537613510403181949e-01 5.944945057865694271e-02 -2.094430654800916614e+00 -1.864538440817299136e+00 5.240120336326839379e+01 -3.507011261435810212e+00
3.186985813335663220e-01 5.357987713089562565e-02 -2.288815571498617807e+00 -1.851268478051245170e+00 5.263490728568676502e+01 -3.703349864726630969e+00
4.104332933090336089e-01 6.656740053203991092e-02 -2.907797636136296937e+00 -3.241782142855766047e+00 5.340967511276991786e+01 -2.013682680741614384e+00
4.339136730800634001e-01 6.926019927231555351e-02 -2.484584043972706269e+00 -2.778509312350731619e+00 5.291436728229460584e+01 -2.334809669654969611e+00
3.290107781849337387e-01 5.266929388360312714e-02 -1.421511175867298471e+00 -1.117562572458637327e+00 5.177891075543368515e+01 -4.458636364182146039e+00
3.897759703883298399e-01 6.755706739226988167e-02 -1.859976041518717427e+00 -2.783588520468756045e+00 5.255008526321389439e+01 -3.106237904435156238e+00
4.188273019583930723e-01 7.053921067490082075e-02 -3.676438409431777909e+00 -3.657476976853743622e+00 5.401913291423240793e+01 -1.348302894222443093e+00
4.370093590845260945e-01 7.416126527768251986e-02 -2.452268996212692453e+00 -2.680491007287590488e+00 5.280737116948807852e+01 -2.452604762320548915e+00
3.552599029429729938e-01 5.916990274737234101e-02 -3.072211028299027369e+00 -2.805436239378194863e+00 5.345663848356460335e+01 -2.548648663149996718e+00
4.594202102710330249e-01 7.565390956316547788e-02 -1.518377628968169635e+00 -1.698263121290984889e+00 5.173989058439729405e+01 -3.271252747265467775e+00
3.180992284102003853e-01 5.076007309839308118e-02 -1.716468542028202204e+00 -1.430089912255681828e+00 5.208489921461383432e+01 -4.180630898919310390e+00
2.666665710398240519e-01 4.489159582102644763e-02 -2.939143518422888235e+00 -2.108123657136697915e+00 5.332621038098806565e+01 -3.661254191877866937e+00
4.187482773002227376e-01 6.929780876145089086e-02 -2.268970491098536435e+00 -2.526663852255804699e+00 5.267483523231894793e+01 -2.752357218695102414e+00
4.375187705133854466e-01 7.292957555162718486e-02 -2.526776495640457476e+00 -3.019608306992126234e+00 5.298229861726807854e+01 -2.219990883894092715e+00
3.634346839044470534e-01 5.697815080359321799e-02 -1.982204993322521425e+00 -1.819890834097337873e+00 5.234277759671986274e+01 -3.489166563524165543e+00
4.412583663229894260e-01 6.894492960125397918e-02 -2.918913286064080292e+00 -2.966622272738348443e+00 5.323723653001832190e+01 -1.907149764869951802e+00
3.969250396486674881e-01 6.492266799855012094e-02 -2.440374741521813995e+00 -2.631661494716886818e+00 5.289172147690627668e+01 -2.713420377282091067e+00
2.683744121082339840e-01 4.457001213648240090e-02 -3.087772815916368874e+00 -2.829697829508581286e+00 5.369486532078590102e+01 -3.198677163007670909e+00
3.098263436912216950e-01 5.020741867059771990e-02 -2.954452890747313987e+00 -2.508823368942805665e+00 5.336963660946171473e+01 -3.029888384344042951e+00
4.715073695197129489e-01 8.236102608143687498e-02 -2.657494570125103373e+00 -3.173684444675524574e+00 5.302703571538030047e+01 -1.897244344124190185e+00
3.110866137472739767e-01 5.374903206323057570e-02 -1.953287666460377547e+00 -1.289423960579824335e+00 5.218433969128354022e+01 -4.234718178746588180e+00
3.364258310175740063e-01 5.760216126154868443e-02 -1.883257289634876042e+00 -1.443484436470179322e+00 5.213852392032857352e+01 -4.030772631395469041e+00
3.885769663698205312e-01 6.176996324153417178e-02 -1.688060120589147450e+00 -1.723226669378001841e+00 5.204126544082436112e+01 -3.562120010793090152e+00
3.609816809121800807e-01 6.060192985273481908e-02 -2.967095923295842930e+00 -2.702581966445826822e+00 5.329558713733084829e+01 -2.599278492690684228e+00
3.577196478345927577e-01 5.830015361562287945e-02 -1.469889222950323537e+00 -1.405279217939156666e+00 5.184144472990411145e+01 -4.101479875050368484e+00
4.053484457324358359e-01 6.241905058867245476e-02 -1.131090771831574138e+00 -1.428847665569452863e+00 5.156186883116010478e+01 -3.952452278934162955e+00
3.037758891141977835e-01 4.902591301468048335e-02 -3.295929464882692450e+00 -2.837660741696044653e+00 5.374534791571229420e+01 -2.742537463576390611e+00
3.513014143004165035e-01 6.139677578390560775e-02 -3.907215221856534360e+00 -3.813853752480375725e+00 5.438727014917667191e+01 -1.644926639979318317e+00
3.640029563761054687e-01 5.942467633660058340e-02 -1.348926143771124408e+00 -1.568245981878058526e+00 5.179772047484724595e+01 -4.028692846876880118e+00
4.074328790548544243e-01 6.776650368188621987e-02 -2.550306562481207351e+00 -2.783183736346776183e+00 5.295575068393332430e+01 -2.514830036538175939e+00
4.240118109130252000e-01 7.050147810554061034e-02 -1.600731679467721547e+00 -1.707608100875899870e+00 5.189244315340171454e+01 -3.443526817371826088e+00
4.054403112520439389e-01 6.461066385966300618e-02 -2.906281514549927891e+00 -2.982801782090946929e+00 5.329599918180089446e+01 -2.120999319007237816e+00
3.566844431305100649e-01 5.950445454624803815e-02 -1.935360954874734585e+00 -1.810660530056078299e+00 5.227522723297856544e+01 -3.608718999740496258e+00
2.883895206869317995e-01 4.892785537810340896e-02 -2.112708805522925282e+00 -1.491637440305615625e+00 5.245076631986018612e+01 -4.196135409334033284e+00
4.112652883084270128e-01 6.623489717086590567e-02 -3.006927543013164339e+00 -3.368948443447027596e+00 5.353554535031079098e+01 -1.874717838336537046e+00
4.467774261096758570e-01 7.169310584321295088e-02 -3.348408240766576505e+00 -3.604667519168009537e+00 5.378706159906270301e+01 -1.338910568922750954e+00
3.290107781849337387e-01 5.266929388360312714e-02 -1.421511175867298471e+00 -1.117562572458637327e+00 5.177891075543368515e+01 -4.458636364182146039e+00
3.934131609346045444e-01 6.797258223397406596e-02 -1.363782632849403598e+00 -2.486610490323347022e+00 5.209817200709149887e+01 -3.521135710755102011e+00
4.188273019583930723e-01 7.053921067490082075e-02 -3.676438409431777909e+00 -3.657476976853743622e+00 5.401913291423240793e+01 -1.348302894222443093e+00
4.344988224425146983e-01 7.323375663514647416e-02 -2.350063127199415902e+00 -2.583906499292364600e+00 5.271132679004120547e+01 -2.568736600629687228e+00
3.565177051586927437e-01 5.913644833859241223e-02 -3.240081648003197312e+00 -2.989992538803182498e+00 5.364627243401117340e+01 -2.354725216239346608e+00
4.463721802900259550e-01 7.343351857617116951e-02 -1.657712294475083725e+00 -1.810886914846667306e+00 5.190952935831697346e+01 -3.216428247681182739e+00
3.018838832945301420e-01 4.821730510533713682e-02 -1.665776974691780987e+00 -1.307080307303650768e+00 5.203583477061720686e+01 -4.383345870602812333e+00
2.666665710398240519e-01 4.489159582102644763e-02 -2.939143518422888235e+00 -2.108123657136697915e+00 5.332621038098806565e+01 -3.661254191877866937e+00
4.066902117771202807e-01 6.720264489708557831e-02 -2.391541314404632246e+00 -2.606270473378786257e+00 5.281540183379282638e+01 -2.716281879565126456e+00
4.276418080303411862e-01 7.454010723050849552e-02 -3.410610939234541839e+00 -3.805870834142267789e+00 5.386871881264544726e+01 -1.471197290135993763e+00
3.772668795373597672e-01 5.845902175104895210e-02 -2.328205623115676026e+00 -2.050990351789105937e+00 5.263121377581339999e+01 -3.073810439664509619e+00
4.368112933526477337e-01 7.094847512989239935e-02 -1.949343428743393503e+00 -2.043759579723244180e+00 5.223431173587878362e+01 -2.974071053316722502e+00
4.085780933973777174e-01 6.687018110222235634e-02 -2.809904154998556169e+00 -2.994373000596924683e+00 5.326213178826166939e+01 -2.263595790210264802e+00
2.684376707630402037e-01 4.457918472828375361e-02 -3.087554633282678651e+00 -2.829313309530961273e+00 5.369440359574482358e+01 -3.198418518900834950e+00
3.214116557414311570e-01 5.281828466352567197e-02 -2.771327815367902403e+00 -2.348618399877960172e+00 5.315034632098004153e+01 -3.147958185755619809e+00
4.715073695197129489e-01 8.236102608143687498e-02 -2.657494570125103373e+00 -3.173684444675524574e+00 5.302703571538030047e+01 -1.897244344124190185e+00
3.159094287788810629e-01 5.345850931440071507e-02 -1.810203749706130072e+00 -1.243181599388234249e+00 5.207525182987355805e+01 -4.294967346529261043e+00
3.357389991715752919e-01 5.860306240046044696e-02 -2.073180227860980551e+00 -1.480717841764452203e+00 5.226591863228808421e+01 -3.932248698400910403e+00
4.043334833256293503e-01 6.448392301249152025e-02 -1.992703942815153173e+00 -2.072996246291111788e+00 5.234562720432828797e+01 -3.108332830793970381e+00
3.788353912957981295e-01 6.305406909964619833e-02 -3.329862024847299651e+00 -3.208245455777063881e+00 5.369321943233692451e+01 -2.014077025615510941e+00
3.384577846867526940e-01 5.467489621553365403e-02 -1.333273223446775457e+00 -1.167811518566535867e+00 5.169841101236362135e+01 -4.393288232108297109e+00
3.975332037285965181e-01 6.179335561038497293e-02 -1.424992465281085474e+00 -1.634245054768498129e+00 5.184278007126140864e+01 -3.725713844776969985e+00
2.871105325956133658e-01 4.632184021836942278e-02 -3.105272070922115546e+00 -2.575414975463758971e+00 5.354663955777493101e+01 -3.089954638671793319e+00
3.580681723541526695e-01 5.891860758567062789e-02 -2.879939393471449893e+00 -2.912776081203302780e+00 5.336816089451680512e+01 -2.592189638216727765e+00
3.589273022599693275e-01 5.906300175610372516e-02 -1.492764000257716939e+00 -1.563760427468670056e+00 5.190012735984455361e+01 -3.991787493389979513e+00
4.062843598903628783e-01 6.788048493006970663e-02 -2.668266037821572567e+00 -2.903755880195171724e+00 5.305838343279975078e+01 -2.377825558142893314e+00
4.341434697802409870e-01 7.218554190819792549e-02 -1.148382497250961976e+00 -1.233590304080869338e+00 5.139042841622326563e+01 -3.865009748314506499e+00
4.093456149470731109e-01 6.483714196806336649e-02 -2.843645843950755481e+00 -2.949186058329904103e+00 5.323720662570406148e+01 -2.137170728535193298e+00
3.847711135416944095e-01 6.417540396444673667e-02 -2.001961977068954290e+00 -1.977522669804239852e+00 5.233507668178329197e+01 -3.326548848967013861e+00
3.776478435924641164e-01 6.173865751189185763e-02 -2.391591851762876253e+00 -2.404079566897887155e+00 5.280302149719063465e+01 -2.927666084029644011e+00
4.066460942680763524e-01 6.541356832125561072e-02 -2.977570658372014289e+00 -3.347938749072365994e+00 5.351799527695145287e+01 -1.929306973934447056e+00
4.540776109688930973e-01 7.355699220417917517e-02 -3.192919556639831846e+00 -3.564349072717347244e+00 5.364182854018137903e+01 -1.431166185802636992e+00
3.290107781849337387e-01 5.266929388360312714e-02 -1.421511175867298471e+00 -1.117562572458637327e+00 5.177891075543368515e+01 -4.458636364182146039e+00
3.814788908280415392e-01 6.621839734507461994e-02 -1.177481313297475074e+00 -2.226005891618201282e+00 5.189835500936307255e+01 -3.840293515793238299e+00
3.999026163775168397e-01 6.694902381875113273e-02 -3.566640293358472658e+00 -3.510307800833444514e+00 5.393162018996026319e+01 -1.594316407947333758e+00
4.665063333736020335e-01 7.928109073762225345e-02 -2.114105417608074688e+00 -2.479389518604323772e+00 5.245043713029884458e+01 -2.577879554170380505e+00
3.836619241624041887e-01 6.219529574563170682e-02 -2.970901202865918300e+00 -2.968529272644157224e+00 5.341399828354276025e+01 -2.318415600116341402e+00
4.506587874086703804e-01 7.417656241170320075e-02 -1.660278567706341857e+00 -1.828837099493942464e+00 5.190885182303533441e+01 -3.178542433533069200e+00
2.853180915187876754e-01 4.580413510005790223e-02 -2.007830032976397838e+00 -1.470037122700762477e+00 5.237766372459686437e+01 -4.232465066372705920e+00
2.686226112651269315e-01 4.516363588794877759e-02 -2.913322441472531388e+00 -2.097631683894276122e+00 5.330032817538167933e+01 -3.665215378101606358e+00
4.527909752351175210e-01 7.420860880560489758e-02 -2.882462739821701980e+00 -3.443942879537838397e+00 5.337731692864623767e+01 -1.711636208076676047e+00
4.211589016875300073e-01 7.172207981535830279e-02 -3.276899858235617913e+00 -3.664473839856126514e+00 5.376042490752418956e+01 -1.612649122087424169e+00
3.739645966877818140e-01 5.954275566638443651e-02 -2.265897747828815145e+00 -2.038611568693048604e+00 5.258132917281545815e+01 -3.165710882811054727e+00
4.668992614675235853e-01 7.653861221957100613e-02 -1.631848580039879870e+00 -1.668508389410931603e+00 5.180258860458827286e+01 -3.163395477250155352e+00
4.078104701219450456e-01 6.682991570105943635e-02 -2.918698280656932820e+00 -3.102876320338394223e+00 5.338023564933562426e+01 -2.157272351848356085e+00
2.663478029065354247e-01 4.438778212272632279e-02 -3.218269872598115811e+00 -2.972039161544965502e+00 5.384562941053439999e+01 -3.080262678086931771e+00
2.710378116884701871e-01 4.388131509574895450e-02 -2.856392881037460363e+00 -2.050505297209604727e+00 5.322962760772673363e+01 -3.576707712544530793e+00
4.283996601550522088e-01 7.564280656010671788e-02 -2.254879709292339385e+00 -2.434902504783888588e+00 5.255310349397251457e+01 -2.766118659571339844e+00
3.159094287788810629e-01 5.345850931440071507e-02 -1.810203749706130072e+00 -1.243181599388234249e+00 5.207525182987355805e+01 -4.294967346529261043e+00
3.448879688778013763e-01 5.996690915388058762e-02 -2.101170815693230054e+00 -1.584469145883133034e+00 5.230930858985392717e+01 -3.804060456779063237e+00
4.168901894069608205e-01 6.742450145085970847e-02 -1.365002403853251334e+00 -1.469874827776088466e+00 5.166367323903108399e+01 -3.711882950547490179e+00
3.374731330354313052e-01 5.502875742787229074e-02 -3.044135545140929100e+00 -2.854571709602744534e+00 5.347421239883778554e+01 -2.585489941086353660e+00
3.384577846867526940e-01 5.467489621553365403e-02 -1.333273223446775457e+00 -1.167811518566535867e+00 5.169841101236362135e+01 -4.393288232108297109e+00
4.170480224666928137e-01 6.731446816687026991e-02 -1.609473478941762403e+00 -1.797151067119945544e+00 5.195897780879855787e+01 -3.436764986810556533e+00
3.045926699469633236e-01 4.953609606944894828e-02 -3.181080249551154981e+00 -2.719031893966178615e+00 5.360935134303318961e+01 -2.858793525610924924e+00
3.317032751203835561e-01 5.682209501816733871e-02 -3.670255223244125453e+00 -3.801988189739314183e+00 5.429850875291639767e+01 -1.973664134708658757e+00
4.014695015229537423e-01 6.545921483181056655e-02 -1.462163771059162398e+00 -1.687098023253001511e+00 5.183929540049208384e+01 -3.661661819035391119e+00
4.254980962238484321e-01 7.200661943237540719e-02 -2.768491624749886082e+00 -3.085528334461692612e+00 5.314618080536791211e+01 -2.120657604389302620e+00
4.323895715923741778e-01 7.175359696868303938e-02 -1.265055806659650228e+00 -1.368452334988113028e+00 5.152613357324619159e+01 -3.741542489167100083e+00
3.792365450892637990e-01 5.803056561931175389e-02 -3.706084767541254710e+00 -3.765697186785899042e+00 5.420531256302192702e+01 -1.378218279582673400e+00
3.914088265803409850e-01 6.516293040064677355e-02 -1.792905314835085751e+00 -1.825985450715079450e+00 5.212547427109804232e+01 -3.471858715546313423e+00
3.323149464120040975e-01 5.196247439564580933e-02 -3.175331891586968602e+00 -2.848219312157199479e+00 5.364854776152255766e+01 -2.512767115817514885e+00
3.987675088129665202e-01 6.379732204118243599e-02 -2.867298839988631887e+00 -3.302317043906604965e+00 5.345103414498680650e+01 -2.052814749549070950e+00
4.567002751064921373e-01 7.377507093079627154e-02 -3.426049856316636166e+00 -3.829891730766390445e+00 5.389767265866297663e+01 -1.151779885824186334e+00
3.360425936552307036e-01 5.374446205637124080e-02 -1.553592737731811280e+00 -1.261635908079999258e+00 5.190442752862256981e+01 -4.256392957400798593e+00
3.714640269925331695e-01 6.398586765584823866e-02 -1.106382792135601090e+00 -2.093744977604040880e+00 5.182491446003850655e+01 -3.998771033182193069e+00
4.047922796999161577e-01 6.783983238287580320e-02 -3.620979250444138486e+00 -3.590889574048478750e+00 5.398613426649156821e+01 -1.491413117711898106e+00
4.665063333736020335e-01 7.928109073762225345e-02 -2.114105417608074688e+00 -2.479389518604323772e+00 5.245043713029884458e+01 -2.577879554170380505e+00
3.642739390311992009e-01 5.914416557934711050e-02 -3.907908952392595392e+00 -3.842962225435041290e+00 5.443527567157394031e+01 -1.505357076833833130e+00
4.615250335171001694e-01 7.623711577712000143e-02 -1.378007801036472912e+00 -1.555253615252960575e+00 5.158791909787751706e+01 -3.410819621151100378e+00
3.038904110765647815e-01 4.819855499751394406e-02 -1.675533786732293251e+00 -1.273942096365003218e+00 5.202575868528059289e+01 -4.346139591946655223e+00
2.681361572895595846e-01 4.510450335616408846e-02 -2.909701322825460235e+00 -2.089227955524477487e+00 5.329614898986029203e+01 -3.676121312940310748e+00
4.659538965603029492e-01 7.644139906623956260e-02 -2.956990200917786638e+00 -3.607566782322703780e+00 5.346313218536776191e+01 -1.506237993319543111e+00
4.031340916511793604e-01 6.892687243092666949e-02 -3.434685962322662434e+00 -3.643268290353277816e+00 5.388380005074989754e+01 -1.636498627482827040e+00
3.893677623516901831e-01 6.118223512129228325e-02 -2.194432067052514590e+00 -1.911956761762792611e+00 5.245300362810512951e+01 -3.122024268943091929e+00
4.787387392414753085e-01 7.848345431655992521e-02 -1.149116317404493159e+00 -1.301291695851890307e+00 5.132152603791516299e+01 -3.562713786169891872e+00
4.111005158548261540e-01 6.611851896615952850e-02 -3.232460391720577420e+00 -3.414292465314156644e+00 5.370832971252935550e+01 -1.777700844594104934e+00
2.663478029065354247e-01 4.438778212272632279e-02 -3.218269872598115811e+00 -2.972039161544965502e+00 5.384562941053439999e+01 -3.080262678086931771e+00
2.887982339344380422e-01 4.677471611692318038e-02 -2.257932683044672650e+00 -1.551356765915567815e+00 5.259984715007684741e+01 -4.046671808279497462e+00
4.349813267789168769e-01 7.694078281075283909e-02 -2.280897158859640506e+00 -2.504628645552284816e+00 5.258106201366157961e+01 -2.676667582328540185e+00
3.159094287788810629e-01 5.345850931440071507e-02 -1.810203749706130072e+00 -1.243181599388234249e+00 5.207525182987355805e+01 -4.294967346529261043e+00
3.509188884359293326e-01 6.012275887162522869e-02 -2.107790361625378139e+00 -1.620476640852682948e+00 5.232130667626141474e+01 -3.718394810685980989e+00
4.067087163680034312e-01 6.566494133702517610e-02 -1.517329997568700239e+00 -1.588298476664828707e+00 5.183405176328258790e+01 -3.630596063812367547e+00
3.465925000314602489e-01 5.650443788361279168e-02 -3.473218408446355543e+00 -3.340402064949766103e+00 5.395349113001508101e+01 -2.076108072920838765e+00
3.384577846867526940e-01 5.467489621553365403e-02 -1.333273223446775457e+00 -1.167811518566535867e+00 5.169841101236362135e+01 -4.393288232108297109e+00
4.174068754256293756e-01 6.768521513567005154e-02 -1.021365480415422411e+00 -1.114309753663492497e+00 5.128927176252238240e+01 -4.094209769377065378e+00
2.813137627177709765e-01 4.528367452171626339e-02 -3.078880569759483876e+00 -2.516477272229274753e+00 5.352181512665114127e+01 -3.176470627757109533e+00
3.653852416817328641e-01 6.219844149482988555e-02 -3.539845073469403580e+00 -3.705781278153438940e+00 5.408836198540715401e+01 -1.835971188611519311e+00
4.014695015229537423e-01 6.545921483181056655e-02 -1.462163771059162398e+00 -1.687098023253001511e+00 5.183929540049208384e+01 -3.661661819035391119e+00
4.094594735630410764e-01 6.745618321393198613e-02 -2.233956681413319600e+00 -2.300937105789953474e+00 5.257577928680073853e+01 -2.876573732419459795e+00
4.323895715923741778e-01 7.175359696868303938e-02 -1.265055806659650228e+00 -1.368452334988113028e+00 5.152613357324619159e+01 -3.741542489167100083e+00
3.679963938182145289e-01 5.800811488141641159e-02 -3.543460097474493864e+00 -3.496511884867191000e+00 5.401596473273954047e+01 -1.751615241202975293e+00
4.015607295912293484e-01 6.790703768847833333e-02 -1.906601931923029625e+00 -1.984101690581707267e+00 5.223162109660441388e+01 -3.286588115448660918e+00
3.325066751866379011e-01 5.204657277335687088e-02 -3.164330006655968752e+00 -2.835566423988008289e+00 5.363486946116054099e+01 -2.525192091142875128e+00
4.106474985381375342e-01 6.716965832870364084e-02 -3.099307314356948950e+00 -3.470287853852101811e+00 5.362413659399511090e+01 -1.800994425764002038e+00
4.567002751064921373e-01 7.377507093079627154e-02 -3.426049856316636166e+00 -3.829891730766390445e+00 5.389767265866297663e+01 -1.151779885824186334e+00
3.493490324311013806e-01 5.648855129313225254e-02 -1.967690239067404923e+00 -1.724998955474184914e+00 5.232141591907139855e+01 -3.707601397760732276e+00
3.332661032032911974e-01 5.766901430311740379e-02 -1.620809310760079613e+00 -2.489466847744742584e+00 5.240944669475904760e+01 -3.767575769562955479e+00
4.019820021414869382e-01 6.734266245794212624e-02 -3.605632712786597249e+00 -3.557808894271223821e+00 5.397079316370831492e+01 -1.536883144562230630e+00
4.627323948094792527e-01 7.900268437179905345e-02 -2.134066521831791796e+00 -2.482435829075301914e+00 5.246604664713511568e+01 -2.589697695319636672e+00
3.610892687378255417e-01 5.871560786522946052e-02 -3.849802298332638983e+00 -3.780315762669763213e+00 5.437801939345452951e+01 -1.594272552257367082e+00
4.439595724718695124e-01 7.330388119936130653e-02 -1.562279986035610024e+00 -1.643040381973472464e+00 5.178846340447459085e+01 -3.384595206250396782e+00
3.223945026224067645e-01 5.205642329672396235e-02 -2.203167786010288065e+00 -1.936794735790622335e+00 5.258991876045673308e+01 -3.619927069480818993e+00
3.000351766507628470e-01 4.927012465187094459e-02 -3.072132919832472275e+00 -2.362330204700251901e+00 5.343164362547899060e+01 -3.169722789259634688e+00
4.715967413961351107e-01 7.717122059186015681e-02 -3.041238745230540275e+00 -3.664323560660198265e+00 5.353029038230818770e+01 -1.388097463274013066e+00
4.177219302008262636e-01 7.113032031233157415e-02 -3.082675800802031851e+00 -3.313989665580325372e+00 5.349432155657851951e+01 -1.910544394215290653e+00
4.507582468156565714e-01 7.243482243185372926e-02 -2.809969761644665720e+00 -3.127098900531428249e+00 5.320952775586525973e+01 -1.845657078442954901e+00
4.747216853992396457e-01 7.729399094176021834e-02 -1.629184986694978798e+00 -1.910047028506888456e+00 5.190560746444397466e+01 -3.021570155940571656e+00
4.183374880582537148e-01 6.679896674281808611e-02 -3.390106065102213684e+00 -3.621416483334067848e+00 5.387083735546134733e+01 -1.498085561396987231e+00
3.008521321406308346e-01 5.124209418350962608e-02 -2.727314603731664011e+00 -2.627035662682357664e+00 5.328419691606238473e+01 -3.304007202829759571e+00
2.899297541529189948e-01 4.692950292363834430e-02 -2.350934035442462822e+00 -1.680805809382574623e+00 5.270679254365565214e+01 -3.925022851602328444e+00
4.295531415566929412e-01 7.582771735804164082e-02 -2.312738411157636342e+00 -2.498903998218124478e+00 5.261528559279753381e+01 -2.696492445628705603e+00
3.086639996687107201e-01 5.145157788680884692e-02 -1.783593575300613354e+00 -1.280652647420824852e+00 5.208723309437517202e+01 -4.318353463123699498e+00
3.138775129554035592e-01 5.532341238583929344e-02 -2.420678764793907867e+00 -1.625468499642282127e+00 5.260363075049870218e+01 -3.812649919760466410e+00
4.067087163680034312e-01 6.566494133702517610e-02 -1.517329997568700239e+00 -1.588298476664828707e+00 5.183405176328258790e+01 -3.630596063812367547e+00
3.939463489999645018e-01 6.577610611604260693e-02 -3.600122752622539224e+00 -3.766082178328140628e+00 5.408089239867206288e+01 -1.492897924150955902e+00
3.707407637807460521e-01 5.980929281405432396e-02 -1.224219006236478391e+00 -1.084176657448064907e+00 5.151598514733778700e+01 -4.238006769394480067e+00
4.066833790745146837e-01 6.634492408378453443e-02 -1.598834121663140095e+00 -1.664917581183273931e+00 5.191720966717809205e+01 -3.577846287812173287e+00
2.813137627177709765e-01 4.528367452171626339e-02 -3.078880569759483876e+00 -2.516477272229274753e+00 5.352181512665114127e+01 -3.176470627757109533e+00
3.653852416817328641e-01 6.219844149482988555e-02 -3.539845073469403580e+00 -3.705781278153438940e+00 5.408836198540715401e+01 -1.835971188611519311e+00
4.014695015229537423e-01 6.545921483181056655e-02 -1.462163771059162398e+00 -1.687098023253001511e+00 5.183929540049208384e+01 -3.661661819035391119e+00
3.961864380233925953e-01 6.623423429390198902e-02 -3.572029853283211764e+00 -3.626696946557360413e+00 5.401374597651158638e+01 -1.545869425188284296e+00
4.155341495461949974e-01 6.835870325705920014e-02 -1.265979412711535579e+00 -1.239378755177405811e+00 5.151718165378656522e+01 -3.903009668137342292e+00
3.570161128862245903e-01 5.682162989074889675e-02 -3.208892225582371527e+00 -3.077675738677308370e+00 5.364884022198900482e+01 -2.236668553249766322e+00
3.722770485477681635e-01 6.426789239106753260e-02 -1.244441057174557663e+00 -1.113807243379805634e+00 5.150143858073003855e+01 -4.308982064393040545e+00
3.122413832509791654e-01 4.826469412221051636e-02 -3.102084236776374127e+00 -2.625337158008659522e+00 5.356622429439774180e+01 -2.786922629005473606e+00
4.094802285458915003e-01 6.595313834457425251e-02 -3.606686381317871337e+00 -3.866719535361295534e+00 5.412430487607255714e+01 -1.287318023355379593e+00
4.495674413567705141e-01 7.280048945922593107e-02 -3.294162191853549970e+00 -3.652918487900972622e+00 5.375285239940561155e+01 -1.361632572124083396e+00
3.496431649525630903e-01 5.647866582903714877e-02 -1.730225343713286845e+00 -1.478528308231286115e+00 5.206309905483729494e+01 -3.955505503779790821e+00
3.310241496005725814e-01 5.722448818539226795e-02 -1.697342158994233907e+00 -2.498981970087355009e+00 5.246994990821409743e+01 -3.735512459076082425e+00
4.138584135575715250e-01 6.832495272517280505e-02 -2.918696924304191587e+00 -2.963291590533433606e+00 5.327261877104635346e+01 -2.133220473242837478e+00
4.375841904291350448e-01 7.328869200494408931e-02 -1.962244654036187530e+00 -2.183827133767637818e+00 5.229257094551547169e+01 -2.959649422818567466e+00
3.484601022572978435e-01 5.677964199547599899e-02 -3.299415605609229196e+00 -3.112254477886798210e+00 5.376622190132164292e+01 -2.300371210582915271e+00
4.830978690394479580e-01 7.992570430307169294e-02 -1.815814077826377160e+00 -1.945078760269323581e+00 5.198940204379786678e+01 -2.845488138987162241e+00
3.187561819966238663e-01 5.181364769368548145e-02 -2.108645704395131215e+00 -1.773899936917195497e+00 5.247312424477044601e+01 -3.788437943403632158e+00
3.056980892856724918e-01 4.873269051086611542e-02 -3.090907094448951842e+00 -2.477982620707788630e+00 5.348066655157022353e+01 -3.018415025761785664e+00
4.603982459011858874e-01 7.549444363011843795e-02 -2.963990864025705108e+00 -3.478133521845039766e+00 5.342393024166887017e+01 -1.589511107702858972e+00
4.301703422331299986e-01 7.312523209425859927e-02 -3.666841011275507434e+00 -3.999403038959364665e+00 5.412535894849928297e+01 -1.173171529296138882e+00
4.256229726348284004e-01 6.868329255725995341e-02 -2.190371192204478845e+00 -2.343872490299054867e+00 5.253996296748425721e+01 -2.754233906889348660e+00
4.586715019401658155e-01 7.374017326665059657e-02 -2.296360450210238824e+00 -2.572224740963596101e+00 5.264949393176417658e+01 -2.403054184826800999e+00
4.322568579996233229e-01 6.807213850306904901e-02 -3.260911220104265151e+00 -3.515497482488998404e+00 5.372607598091229875e+01 -1.535851415038882006e+00
2.621571962880600015e-01 4.429176150731784639e-02 -3.395243018481254538e+00 -3.017700804863966191e+00 5.397706309051713447e+01 -3.001755898693816427e+00
3.002515842083048891e-01 4.766041793086293193e-02 -2.501214107207677895e+00 -1.913886916283266348e+00 5.287124338863591788e+01 -3.623401437991763174e+00
4.295531415566929412e-01 7.582771735804164082e-02 -2.312738411157636342e+00 -2.498903998218124478e+00 5.261528559279753381e+01 -2.696492445628705603e+00
3.130480932512370584e-01 5.200289441534980406e-02 -1.869718752591722266e+00 -1.540165965955376581e+00 5.224060061396131971e+01 -4.116783148907350309e+00
3.108228362933472821e-01 5.364311180074370772e-02 -2.582887607009720643e+00 -1.982088908828129936e+00 5.286985390343318869e+01 -3.543755827659325064e+00
4.162866802739154659e-01 6.848089856835079536e-02 -2.366869237062250164e+00 -2.546166610390907081e+00 5.274087476503819261e+01 -2.645868749419351573e+00
3.773592467184059274e-01 6.257278100515437091e-02 -3.191658590123614303e+00 -3.244451985720222531e+00 5.364247789008695122e+01 -2.085450652725026721e+00
3.124582881862977279e-01 4.817317133025866144e-02 -1.743800439179864714e+00 -1.202446702064439155e+00 5.207433976925791086e+01 -4.281345428816890397e+00
4.015941005162831923e-01 6.523063085594404953e-02 -1.676574242127172765e+00 -1.714926258092108302e+00 5.200050630579221433e+01 -3.533845512491060159e+00
3.113406986515439567e-01 5.130899437372433980e-02 -3.496596653885668537e+00 -3.202167377091207356e+00 5.398205250013135981e+01 -2.449712255175747977e+00
3.567205927090225659e-01 6.442600799779721332e-02 -3.542545300110229611e+00 -3.966058511483433691e+00 5.416202425987310676e+01 -1.849973126071803087e+00
4.047127906396341679e-01 6.600265010355302331e-02 -1.243244877432521101e+00 -1.503959431442071892e+00 5.161067028285832237e+01 -3.849157499881991740e+00
4.028543971066984586e-01 6.717234342875659514e-02 -3.269090695239755373e+00 -3.322645222792728781e+00 5.367797603461891498e+01 -1.827896813665150333e+00
4.130889358174375525e-01 6.808635216270975121e-02 -1.600754804832928979e+00 -1.605905095965299623e+00 5.188530301882483542e+01 -3.551395205084039386e+00
3.631863002197245338e-01 5.658907451436667735e-02 -2.642536705636435279e+00 -2.386395263389705423e+00 5.299537722280371099e+01 -2.841200123502871655e+00
4.166393274138245895e-01 7.200053575200161815e-02 -1.592205501113684418e+00 -1.667495291904904420e+00 5.185817129457188912e+01 -3.558081867072966364e+00
2.945594476637800607e-01 4.753626432605672497e-02 -2.760017422738781256e+00 -2.144686193720537037e+00 5.315757410436594910e+01 -3.420121655533953753e+00
4.059148600645081095e-01 6.558218181753745768e-02 -3.597025118035869440e+00 -3.848202187464487611e+00 5.411670599590358677e+01 -1.334466864658264251e+00
4.124674045688743185e-01 6.779243946372597029e-02 -3.035048165440373147e+00 -3.246483443890719300e+00 5.348060269739642791e+01 -1.956901277746789125e+00
3.343867342836464029e-01 5.410236451738968666e-02 -2.145307612338907433e+00 -1.851228830933425717e+00 5.251610025221227573e+01 -3.653638668568167880e+00
3.313624174412665990e-01 5.727498403296929497e-02 -1.697605684081370025e+00 -2.497749885783571155e+00 5.246888099315733456e+01 -3.733532717895077901e+00
4.300890332058831533e-01 7.227347352437206440e-02 -3.607604675779026770e+00 -3.845887026819637455e+00 5.402412890171510895e+01 -1.220721111495471023e+00
4.380235824452678450e-01 7.356620877448227791e-02 -1.666756859747089425e+00 -1.889319465035938395e+00 5.198085720001022736e+01 -3.278991566177544392e+00
3.281543604351899734e-01 5.319872478078663258e-02 -3.500103373298683263e+00 -3.313474284138156811e+00 5.403011967300447083e+01 -2.234377477389884348e+00
4.830978690394479580e-01 7.992570430307169294e-02 -1.815814077826377160e+00 -1.945078760269323581e+00 5.198940204379786678e+01 -2.845488138987162241e+00
3.109281023605355299e-01 5.033540617486356034e-02 -2.057011864932130063e+00 -1.616689226717524797e+00 5.240944629222670414e+01 -3.938099077371495671e+00
3.117221458801664458e-01 4.987267762616602595e-02 -3.111705149587363550e+00 -2.490996712616580844e+00 5.348474273019502334e+01 -2.965473234394412572e+00
4.576712625417039271e-01 7.540750110515043181e-02 -2.999725942392533540e+00 -3.519977460223428167e+00 5.346473750864233665e+01 -1.569100517420920271e+00
4.301703422331299986e-01 7.312523209425859927e-02 -3.666841011275507434e+00 -3.999403038959364665e+00 5.412535894849928297e+01 -1.173171529296138882e+00
4.323893213807174507e-01 6.981636817954096907e-02 -2.027229601137722437e+00 -2.195945437092177599e+00 5.236272923015926750e+01 -2.876237438489251730e+00
4.390540802353259386e-01 7.267415672355578837e-02 -2.692551522886717841e+00 -2.851931223158543638e+00 5.303081144916307466e+01 -2.181954199265951910e+00
4.685410217967463931e-01 7.291744021733893855e-02 -3.094048667118867613e+00 -3.511350325231412661e+00 5.354745548740775973e+01 -1.358405974812997741e+00
2.621571962880600015e-01 4.429176150731784639e-02 -3.395243018481254538e+00 -3.017700804863966191e+00 5.397706309051713447e+01 -3.001755898693816427e+00
2.854980249507339529e-01 4.506985614701255333e-02 -2.678883159765378164e+00 -1.971782949131473339e+00 5.304928019914141402e+01 -3.591516822155520927e+00
4.143879854711486899e-01 7.304747274044420813e-02 -2.487475221688564719e+00 -2.625697686672165965e+00 5.281736593870455465e+01 -2.640331069368365480e+00
3.521217076527661805e-01 5.902837679929272274e-02 -1.656292041217951150e+00 -1.569923907541712627e+00 5.200627953729600250e+01 -3.966274224668787873e+00
3.828410240488831495e-01 6.483797249384852524e-02 -1.760903688801640277e+00 -1.562825264141221027e+00 5.199755845397530862e+01 -3.691564320959836110e+00
3.890674682075492830e-01 6.503468580348602257e-02 -2.266914752687464230e+00 -2.398336486246587018e+00 5.264936765181876410e+01 -2.950171731220918581e+00
3.554479291389834317e-01 5.882177861713799166e-02 -3.570427906542515295e+00 -3.597723319580188317e+00 5.408057103306361313e+01 -1.841365251240345779e+00
3.124582881862977279e-01 4.817317133025866144e-02 -1.743800439179864714e+00 -1.202446702064439155e+00 5.207433976925791086e+01 -4.281345428816890397e+00
3.607858393146195497e-01 5.914661825656448296e-02 -1.233449698302733211e+00 -1.101989096552531189e+00 5.153650381274546532e+01 -4.342320087589543576e+00
3.210110740995405498e-01 5.320325004298401966e-02 -3.795435780064259301e+00 -3.551994726905592259e+00 5.429857855568134539e+01 -2.055363429113037377e+00
3.237109870915954590e-01 5.739766974843778929e-02 -3.491125930595686988e+00 -3.635011668153082631e+00 5.409745915872340305e+01 -2.252030333407592178e+00
4.335870454158433085e-01 7.000349970903450847e-02 -1.206063392191439432e+00 -1.625134562269701544e+00 5.158131076218919020e+01 -3.602851991771750750e+00
4.199939247632595851e-01 6.960959282563253248e-02 -2.867989778220504160e+00 -2.933201167319750891e+00 5.322435887784006781e+01 -2.140218699840421568e+00
4.129056227558284276e-01 6.745247673373762354e-02 -1.039641768601485827e+00 -1.054104104817630949e+00 5.130416543447631028e+01 -4.135544753456809275e+00
3.827621233646588128e-01 5.910188864066827363e-02 -2.131088652562761698e+00 -1.886902165839478451e+00 5.239616428813124571e+01 -3.205079217139373160e+00
4.396177538020022424e-01 7.869535885012757248e-02 -1.644114975677695822e+00 -1.703274868650981988e+00 5.183423437362754527e+01 -3.403694738407213816e+00
2.996800723124130594e-01 4.869548113900261377e-02 -2.751313418509038655e+00 -2.162689309150495287e+00 5.314422865573445875e+01 -3.388629559057328322e+00
4.063980148666567760e-01 6.600786785258805356e-02 -3.533756331736116252e+00 -3.778492500441178237e+00 5.404261498955924026e+01 -1.408929891130792811e+00
4.178063651357500352e-01 6.909375303778081401e-02 -2.869054386393517397e+00 -3.104085661844749655e+00 5.330316075537824361e+01 -2.099283697976116692e+00
3.612920957487676388e-01 6.050521603266809101e-02 -1.865098595390265901e+00 -1.682090332160702140e+00 5.218184080036356676e+01 -3.734760673606650094e+00
3.212646060705137141e-01 5.437133173327460961e-02 -2.017672954329484902e+00 -2.376359954646166006e+00 5.266346408205281193e+01 -3.636700991777716219e+00
4.307287684372436698e-01 7.193443857267403652e-02 -3.649176107137116709e+00 -3.890505089072146205e+00 5.407178669095469559e+01 -1.163632480147845483e+00
4.313048970002369420e-01 7.203580919671399851e-02 -1.860303402164899644e+00 -2.007905624769076525e+00 5.216263313676563484e+01 -3.126255323792393792e+00
2.938164560076176324e-01 4.731066826865529956e-02 -3.632764918785921893e+00 -3.258725550891165668e+00 5.418001546582505057e+01 -2.410757674088020330e+00
4.593755862869856599e-01 7.625386341983067529e-02 -1.358372412459783352e+00 -1.649056655519112180e+00 5.162575910534732060e+01 -3.420426836326208253e+00
2.848387904836502393e-01 4.391911206099116671e-02 -2.221649252367697169e+00 -1.483994008788389829e+00 5.255516398661115574e+01 -4.042746537306931565e+00
2.662878042635584142e-01 4.171758209223193348e-02 -3.255603043822125287e+00 -2.266522115156196282e+00 5.360494747399988569e+01 -3.300255235509037988e+00
4.542557091925849000e-01 7.491717456179078360e-02 -2.964514938715839598e+00 -3.492335114094275106e+00 5.343780826980714238e+01 -1.627629543202068874e+00
4.301703422331299986e-01 7.312523209425859927e-02 -3.666841011275507434e+00 -3.999403038959364665e+00 5.412535894849928297e+01 -1.173171529296138882e+00
4.053335060038785742e-01 6.419077141723857072e-02 -1.912570311433934300e+00 -1.925726373445284967e+00 5.225571656710438617e+01 -3.235940228362438553e+00
4.205846368232691312e-01 6.870997764062326818e-02 -2.748462803362971663e+00 -2.847726313077179050e+00 5.311326871269108096e+01 -2.252194109334850314e+00
4.613490357530629082e-01 7.307489470174607926e-02 -3.095423638732057725e+00 -3.526329900401139472e+00 5.355512794689726519e+01 -1.422793899044568766e+00
2.625941218505813413e-01 4.436993882230731712e-02 -3.387675626287196096e+00 -3.012333357467779749e+00 5.396870898776520420e+01 -3.005514697177715799e+00
3.008141737302120755e-01 4.849075596151311562e-02 -2.665884117543762866e+00 -2.130516921698494492e+00 5.305754039700056524e+01 -3.440594074085306708e+00
4.295478085517298039e-01 7.779125886826679381e-02 -2.267665232245036133e+00 -2.467594280889541025e+00 5.255035438164140515e+01 -2.772505001608587261e+00
3.971052590059461207e-01 6.843746986421792022e-02 -1.057991541315188355e+00 -1.359920418484929172e+00 5.139682957061530288e+01 -4.162691804164826870e+00
3.486725887456229023e-01 5.710542623605213697e-02 -2.113857788057688758e+00 -1.750638292036806876e+00 5.241006190002490683e+01 -3.591965256522781758e+00
4.144975007144289791e-01 6.713867604645037956e-02 -2.542061333781811427e+00 -2.494522726395095980e+00 5.282760973490847078e+01 -2.508729534319018128e+00
3.557380423903812039e-01 5.901601453830222777e-02 -3.708252301862306144e+00 -3.763154617629912213e+00 5.423659861219088896e+01 -1.689612172845524896e+00
3.124582881862977279e-01 4.817317133025866144e-02 -1.743800439179864714e+00 -1.202446702064439155e+00 5.207433976925791086e+01 -4.281345428816890397e+00
3.607858393146195497e-01 5.914661825656448296e-02 -1.233449698302733211e+00 -1.101989096552531189e+00 5.153650381274546532e+01 -4.342320087589543576e+00
2.617024089149919686e-01 4.283424874594385368e-02 -3.897564680958309324e+00 -3.392197457514753989e+00 5.444780432750963683e+01 -2.509181250513378814e+00
3.583010687374584280e-01 6.133059653096487041e-02 -2.617094138669306069e+00 -2.726301367672933296e+00 5.308854382572832264e+01 -2.874127901848690492e+00
4.334483320116264693e-01 6.998873788205936530e-02 -1.214473866285180392e+00 -1.630890867429827695e+00 5.158925276987089603e+01 -3.596115050399244950e+00
4.192976407182121279e-01 6.925574696132794084e-02 -2.882157992655175693e+00 -2.959418631000734656e+00 5.324834136163794085e+01 -2.122578451752466844e+00
3.902180021418094058e-01 6.342444400560320883e-02 -1.130284931581124530e+00 -1.134326682364390049e+00 5.145304993212656086e+01 -4.179445034876319021e+00
4.105213738439084659e-01 6.736434991559529795e-02 -2.303724158852646919e+00 -2.275924441011162092e+00 5.259663649400076935e+01 -2.822742399511962930e+00
4.784352917953370588e-01 8.832133312269119241e-02 -1.846330222011683952e+00 -1.999353347209548160e+00 5.198083955801218536e+01 -2.941507242513988984e+00
2.863234685930869383e-01 4.663410738986670939e-02 -3.154445746980616860e+00 -2.595102776391320809e+00 5.360269139694769791e+01 -3.079330842442476346e+00
4.059441550308728330e-01 6.593798057842320537e-02 -3.562161168554807134e+00 -3.806902747994077352e+00 5.407425168605803378e+01 -1.383469824435116458e+00
4.126195958796897156e-01 6.851940792712202244e-02 -3.186476496178672679e+00 -3.564941668204777869e+00 5.370711108256848831e+01 -1.754037827663884386e+00
3.671400563477602574e-01 6.352121702914018120e-02 -2.717479383742063881e+00 -2.625811659201370052e+00 5.307448125268656014e+01 -2.782437015194986429e+00
2.921285798056636462e-01 4.949747537803721176e-02 -2.274689167591737782e+00 -2.765906870630939984e+00 5.305728119040604440e+01 -3.530737382218092524e+00
4.237936084358445710e-01 7.056095733069986387e-02 -3.610793285732891267e+00 -3.792702606265706322e+00 5.402810224036434761e+01 -1.280912260857267171e+00
4.231859854329597104e-01 7.033587782584881098e-02 -1.828048332481369886e+00 -1.936100803858155528e+00 5.213424121045370185e+01 -3.225067016983350854e+00
3.038564556775708025e-01 4.906583367500126636e-02 -3.565463335274094092e+00 -3.239178214348544138e+00 5.409884571787109309e+01 -2.386285214936322507e+00
4.367783367822195562e-01 7.229703107213177049e-02 -1.540768475986941999e+00 -1.712870934261063294e+00 5.182521435437404733e+01 -3.427770979319782363e+00
3.312308536261996395e-01 5.250612440386405455e-02 -1.741187862642202600e+00 -1.330056733768999244e+00 5.206997014238503141e+01 -4.102926578806033397e+00
2.662878042635584142e-01 4.171758209223193348e-02 -3.255603043822125287e+00 -2.266522115156196282e+00 5.360494747399988569e+01 -3.300255235509037988e+00
4.509036830369307913e-01 7.495649958195074736e-02 -2.863270722391952461e+00 -3.323747612225842474e+00 5.330740093918821998e+01 -1.794470087649857382e+00
4.301703422331299986e-01 7.312523209425859927e-02 -3.666841011275507434e+00 -3.999403038959364665e+00 5.412535894849928297e+01 -1.173171529296138882e+00
4.068280641499869565e-01 6.223841565717568025e-02 -1.274884587073014552e+00 -1.254713885808143914e+00 5.159522733595212429e+01 -3.884716490532581723e+00
4.499988974253188445e-01 7.203227961384629785e-02 -2.938505200894781844e+00 -3.062489570892493074e+00 5.329286651995522561e+01 -1.857130285652535129e+00
4.622046656469911419e-01 7.310448691697872536e-02 -3.130598745786946857e+00 -3.569573250213420312e+00 5.359478493944715183e+01 -1.374280858608994071e+00
2.625941218505813413e-01 4.436993882230731712e-02 -3.387675626287196096e+00 -3.012333357467779749e+00 5.396870898776520420e+01 -3.005514697177715799e+00
2.758409495543897583e-01 4.520827323528887193e-02 -3.383065440799486900e+00 -2.735112084810677580e+00 5.381847842589272091e+01 -2.945695547856191254e+00
4.085182879781671383e-01 7.127376366842094746e-02 -1.830563505803637137e+00 -1.873534933338186992e+00 5.210474255747638495e+01 -3.387350430678913060e+00
3.422187323213671251e-01 5.773474687031013297e-02 -2.188232656672715049e+00 -2.037698897232312678e+00 5.256895650653667218e+01 -3.535457791655859161e+00
3.328906689458898671e-01 5.364730367733697852e-02 -2.410026564226985357e+00 -1.859503554315097062e+00 5.269204434456206343e+01 -3.445582441947053542e+00
4.167711543489865389e-01 6.712791104444071344e-02 -2.629949456896669702e+00 -2.573077441585958969e+00 5.290990392024384903e+01 -2.385530091356249383e+00
3.759465582739469625e-01 6.249727403599131259e-02 -3.692332437068643891e+00 -3.797473048195735945e+00 5.419218506262715351e+01 -1.547871059848809239e+00
3.215011293062500219e-01 4.994677399241756466e-02 -1.672453426985138769e+00 -1.194524881318185017e+00 5.200208866388689444e+01 -4.269495217112249108e+00
3.672735952864336073e-01 6.020927496621213126e-02 -1.403896403027125261e+00 -1.295132145689372294e+00 5.171369935775730653e+01 -4.108741368027886587e+00
2.650697084457966923e-01 4.355744321988576362e-02 -3.758901150635363564e+00 -3.268590308797096000e+00 5.429576942345592983e+01 -2.620734053160889587e+00
3.890042694898110387e-01 6.578816683810818911e-02 -2.125671125019881202e+00 -2.445388739964140079e+00 5.258776223874468769e+01 -3.065318234898719574e+00
4.335255020167451678e-01 6.991489894699066954e-02 -1.156740560838853238e+00 -1.575131664762480455e+00 5.152954809108567957e+01 -3.653155668753964136e+00
4.223962092714972916e-01 6.933554137047276411e-02 -2.617896982394897876e+00 -2.707198995996445312e+00 5.297150147654659946e+01 -2.376680369062038167e+00
4.001939440785641233e-01 6.532547014916681438e-02 -1.218234471390309492e+00 -1.258284637334826650e+00 5.153278927884604599e+01 -4.018392568404379084e+00
4.029705419492479734e-01 6.665471412079086722e-02 -2.139871547606660318e+00 -2.030918406483591454e+00 5.238893232336316430e+01 -3.063489415143599182e+00
4.395423339517730010e-01 7.508978770712379514e-02 -2.520113828294135327e+00 -2.752337554195377400e+00 5.286539865829133333e+01 -2.359959012559280644e+00
2.655485467161842195e-01 4.283580166784902582e-02 -3.421663368894251711e+00 -2.693669507194029311e+00 5.387509662337391347e+01 -3.039251411170494688e+00
4.153989822403726384e-01 6.773407193243466407e-02 -3.196142782606042232e+00 -3.482197448425355280e+00 5.368148970641416895e+01 -1.703924180999212279e+00
4.032711580631299086e-01 6.698428708958832634e-02 -3.315425803797704241e+00 -3.624216963848787998e+00 5.383076279606329706e+01 -1.701483217121927405e+00
3.904176290279401940e-01 6.673263956068144209e-02 -3.756627989125490341e+00 -3.848887529751675363e+00 5.420190835733921375e+01 -1.400503872615463274e+00
3.147037390299714521e-01 5.295821068691158873e-02 -2.269787026699149557e+00 -2.628702252024831321e+00 5.294163693463221421e+01 -3.415694862073851645e+00
4.237936084358445710e-01 7.056095733069986387e-02 -3.610793285732891267e+00 -3.792702606265706322e+00 5.402810224036434761e+01 -1.280912260857267171e+00
4.618210000853297248e-01 7.789302790172529523e-02 -1.876330191923897273e+00 -2.195326255235459545e+00 5.218103092405388566e+01 -2.853421997423960299e+00
3.105337313152216616e-01 5.045617885025298344e-02 -3.507107575976789349e+00 -3.219373771332079581e+00 5.403463195723266210e+01 -2.397678852325162868e+00
4.353383551928590722e-01 7.191875406763448275e-02 -1.676846151862108059e+00 -1.856519021060972996e+00 5.197686250976627775e+01 -3.281699044619094785e+00
3.311885575981992069e-01 5.257401131791049342e-02 -1.736698014363823317e+00 -1.327680881626013942e+00 5.206500433289956931e+01 -4.109397876862248111e+00
2.625965638485784348e-01 4.110438169911447004e-02 -3.341679545875727797e+00 -2.319749040853876565e+00 5.369219268989506588e+01 -3.254632910542749169e+00
4.538287358993386422e-01 7.521485419336611244e-02 -2.749903291841933939e+00 -3.228426368116162237e+00 5.319200369379947091e+01 -1.882122682748726739e+00
4.301703422331299986e-01 7.312523209425859927e-02 -3.666841011275507434e+00 -3.999403038959364665e+00 5.412535894849928297e+01 -1.173171529296138882e+00
4.063848510424166172e-01 6.193347681959369272e-02 -1.312502654417530890e+00 -1.269341774729481731e+00 5.163286865944972703e+01 -3.855234693269410595e+00
4.498635044391434135e-01 7.079191961733437288e-02 -1.722506749364132173e+00 -1.972690885622079948e+00 5.206837867104459150e+01 -3.053208280071360470e+00
4.676766776692132810e-01 7.512630787357446605e-02 -1.636398555198166349e+00 -1.975989558031255644e+00 5.195642257044694645e+01 -2.989553951552482047e+00
2.625941218505813413e-01 4.436993882230731712e-02 -3.387675626287196096e+00 -3.012333357467779749e+00 5.396870898776520420e+01 -3.005514697177715799e+00
2.758409495543897583e-01 4.520827323528887193e-02 -3.383065440799486900e+00 -2.735112084810677580e+00 5.381847842589272091e+01 -2.945695547856191254e+00
4.213383238528125574e-01 7.433641524534473355e-02 -1.853332028557501454e+00 -1.884762955153179043e+00 5.208685288828942106e+01 -3.296439705662382202e+00
3.288084700717782694e-01 5.639415247460716901e-02 -1.484044694700076272e+00 -1.193986624328719381e+00 5.178556766298772374e+01 -4.473551593215977285e+00
3.235778688276091386e-01 5.240194988270834714e-02 -2.726641043385427565e+00 -2.202488779456264645e+00 5.306877272178981286e+01 -3.212678742948348098e+00
4.047980579517312938e-01 6.496866515313283463e-02 -2.509615781525247336e+00 -2.399827327655947862e+00 5.279581389486194354e+01 -2.622298120435963220e+00
3.449984309985407172e-01 5.568516806039273959e-02 -3.701118885424782956e+00 -3.824718013829604413e+00 5.427887792858695093e+01 -1.697779637034269262e+00
3.222338267917015386e-01 5.008838296784335481e-02 -1.679196020642081733e+00 -1.206580873228121131e+00 5.200947954601610235e+01 -4.255481237971152630e+00
3.486193878904327303e-01 5.711833321655242907e-02 -1.299889434858916060e+00 -1.176883958925403206e+00 5.162698159844473622e+01 -4.347294744822566948e+00
2.930070632448280032e-01 4.819482147414986400e-02 -3.366359523426513789e+00 -3.027744533953135697e+00 5.387524352678197204e+01 -2.748409652988767160e+00
3.638208265196747337e-01 6.458707634303098577e-02 -1.802434416877196188e+00 -2.318785704149961546e+00 5.233490487940572677e+01 -3.536704248169128206e+00
4.457021670374115563e-01 7.015273946706714059e-02 -1.684726829791629354e+00 -2.167141400890463032e+00 5.211443554524097976e+01 -2.980212276726436738e+00
4.093645817860669944e-01 6.985303794486318052e-02 -3.682844763221999607e+00 -3.768053726824938554e+00 5.409857344576916205e+01 -1.385998636600982881e+00
3.944557507744496649e-01 6.592772446576965206e-02 -1.274457574036362839e+00 -1.302931558982814764e+00 5.158022536812220693e+01 -4.022804051940862990e+00
4.040396684228486635e-01 6.721039509550202906e-02 -2.491864603431424463e+00 -2.368306868236024876e+00 5.275040791474356894e+01 -2.695669384338145846e+00
4.436974618508592316e-01 7.794258596272335415e-02 -2.513033707519238824e+00 -2.725505471675299773e+00 5.282496412558268162e+01 -2.387070740556263004e+00
2.821474655730727976e-01 4.583876026246546526e-02 -3.239126483730255135e+00 -2.631777121298197297e+00 5.368508622813168074e+01 -3.055105125270999977e+00
4.253342781957268892e-01 6.927917055062403351e-02 -2.631689376408373526e+00 -2.865484760480613513e+00 5.304124668841543411e+01 -2.255708393509654019e+00
4.004765370514224432e-01 6.665978347172980822e-02 -3.419984969677002162e+00 -3.687322761740272625e+00 5.394082707860676607e+01 -1.641977601465959058e+00
3.904176290279401940e-01 6.673263956068144209e-02 -3.756627989125490341e+00 -3.848887529751675363e+00 5.420190835733921375e+01 -1.400503872615463274e+00
3.297345290396769268e-01 5.500432822065663696e-02 -2.125252658777853298e+00 -2.804481993542719653e+00 5.289062245323820832e+01 -3.300990079176922443e+00
4.406683951140505928e-01 7.274163367286846926e-02 -3.400457100329342452e+00 -3.647574185085611376e+00 5.380617062571641895e+01 -1.359836639861868646e+00
3.558850077485295471e-01 6.134947560178277692e-02 -2.841012081576611337e+00 -2.617945173462331354e+00 5.321212183409552665e+01 -2.804886395472741434e+00
3.804063649986569873e-01 6.160246731144099902e-02 -3.436325639666458098e+00 -3.456904074217837408e+00 5.391946037350626142e+01 -1.811250856956275967e+00
4.369798417723835260e-01 7.155832214234322808e-02 -1.433528549869935720e+00 -1.630301126782409460e+00 5.172672944661159278e+01 -3.507665908980893033e+00
3.339211775594651543e-01 5.252623099665894996e-02 -1.476357123316837106e+00 -1.065284270184781334e+00 5.178563477052620101e+01 -4.341132508450483485e+00
2.625965638485784348e-01 4.110438169911447004e-02 -3.341679545875727797e+00 -2.319749040853876565e+00 5.369219268989506588e+01 -3.254632910542749169e+00
4.538287358993386422e-01 7.521485419336611244e-02 -2.749903291841933939e+00 -3.228426368116162237e+00 5.319200369379947091e+01 -1.882122682748726739e+00
4.181052319879187129e-01 6.969953870093988091e-02 -3.159747870994044305e+00 -3.383406219371942747e+00 5.359094483080944826e+01 -1.802060889025101531e+00
3.989572094876448483e-01 6.220638216171794910e-02 -1.639670674152456487e+00 -1.602119611716863901e+00 5.197642981279609131e+01 -3.579515966736260602e+00
4.635061219548170519e-01 7.451323458256112198e-02 -2.048894650637052450e+00 -2.198077245581632866e+00 5.233599338019104152e+01 -2.705665228828964874e+00
4.636328101541623559e-01 7.490029329604391828e-02 -1.516866636886140984e+00 -1.731161419585137695e+00 5.177910583356612051e+01 -3.208990296079210935e+00
2.625941218505813413e-01 4.436993882230731712e-02 -3.387675626287196096e+00 -3.012333357467779749e+00 5.396870898776520420e+01 -3.005514697177715799e+00
2.814679889170491056e-01 4.617401460043060735e-02 -3.343947872104821251e+00 -2.719011866256916488e+00 5.377159749867769278e+01 -2.934721124116010493e+00
4.282563076461118334e-01 7.527795789661090309e-02 -2.269239447041222046e+00 -2.382128719201205502e+00 5.255281972355714259e+01 -2.780801601922984201e+00
3.077428247211690948e-01 5.269621531557627803e-02 -2.181731266274433700e+00 -1.917436559886551928e+00 5.259849372301904680e+01 -3.887479274920229599e+00
3.013622091771309686e-01 4.783250716850849515e-02 -3.102388249960281730e+00 -2.449974241452542500e+00 5.346895088390843398e+01 -3.018307200401443069e+00
4.296462833427699968e-01 6.993756515115839845e-02 -2.471173521863833766e+00 -2.532330833782702406e+00 5.276908477031599176e+01 -2.462147816687974888e+00
3.449984309985407172e-01 5.568516806039273959e-02 -3.701118885424782956e+00 -3.824718013829604413e+00 5.427887792858695093e+01 -1.697779637034269262e+00
3.274184739950898870e-01 5.118120005082938545e-02 -1.804843063377076451e+00 -1.382419831976880342e+00 5.214890398168334684e+01 -4.071006105827985166e+00
3.386911940258020559e-01 5.458351738131853731e-02 -1.868728909577564767e+00 -1.427651438409731632e+00 5.214292382229376699e+01 -3.952431809141506935e+00
2.912370186592028731e-01 4.778212208470641875e-02 -3.364923024141582619e+00 -2.986535622094165010e+00 5.386458904398298841e+01 -2.777874402135946053e+00
3.541369444936528499e-01 6.057855674878515756e-02 -2.494620997954664077e+00 -2.627312325857662501e+00 5.297498812531431867e+01 -3.017060360322116885e+00
3.957217044355522684e-01 6.210281787795948055e-02 -1.952710824457390748e+00 -2.060037936308367623e+00 5.235886632413294706e+01 -3.204888700462369844e+00
3.927642211240549575e-01 6.735291942609965277e-02 -3.628727201766934307e+00 -3.648165544283574313e+00 5.405379486812551448e+01 -1.589554357489654901e+00
3.654155224214168940e-01 6.164737671638294281e-02 -1.604658806718991082e+00 -1.489876656153774181e+00 5.193680720037287557e+01 -3.969554799693314262e+00
3.945350251605885816e-01 6.491484900751533227e-02 -1.364377039764935517e+00 -1.071270564828243899e+00 5.151234885030640243e+01 -4.029913492685430754e+00
4.384602197852690009e-01 7.930840376204729980e-02 -2.262871992423833412e+00 -2.313946324033170576e+00 5.250360533992684253e+01 -2.810716137631021905e+00
2.812042658510810478e-01 4.562484574233667545e-02 -3.271309493961178205e+00 -2.656401676562103020e+00 5.371950536878801330e+01 -3.030463764474567778e+00
4.253342781957268892e-01 6.927917055062403351e-02 -2.631689376408373526e+00 -2.865484760480613513e+00 5.304124668841543411e+01 -2.255708393509654019e+00
3.766734037940925872e-01 6.307835130911963739e-02 -3.636916229799425082e+00 -3.866524726704946957e+00 5.421877303626290967e+01 -1.613925127740701848e+00
3.904176290279401940e-01 6.673263956068144209e-02 -3.756627989125490341e+00 -3.848887529751675363e+00 5.420190835733921375e+01 -1.400503872615463274e+00
3.287498588765153107e-01 5.496040742780258087e-02 -2.023593957176180957e+00 -2.738666845406506845e+00 5.280106647016745569e+01 -3.404412748681838963e+00
4.386556711006613929e-01 7.216922511166937171e-02 -3.251799536805246138e+00 -3.465499789706940170e+00 5.364163785128238970e+01 -1.532812587561612983e+00
3.336765948468006227e-01 5.855666441232981745e-02 -2.736449981693832800e+00 -2.331279908469657602e+00 5.307165242160175467e+01 -3.159643968557882765e+00
3.816780775074792298e-01 6.181499322374013616e-02 -3.426815316842161341e+00 -3.443693656803425984e+00 5.390655152091166968e+01 -1.815326292980463663e+00
4.404766210722175224e-01 7.170550518384312400e-02 -1.523964650955612621e+00 -1.751093165702864995e+00 5.183035951043662237e+01 -3.382155041200245460e+00
3.259977367950054328e-01 5.122551018903091780e-02 -1.689131288722063307e+00 -1.211032359283877868e+00 5.200359853739924887e+01 -4.213290983114369226e+00
2.711751085724527499e-01 4.258895147009453264e-02 -3.296988128253311778e+00 -2.339196173766672882e+00 5.364735963879969916e+01 -3.207305798346171688e+00
4.265424642056485638e-01 7.023497930188575544e-02 -3.173682950594774344e+00 -3.529988666557304811e+00 5.365903406689462685e+01 -1.676202959874999898e+00
4.475619728019220589e-01 7.417964881615513040e-02 -3.127739159347711517e+00 -3.549793604961100968e+00 5.356914367922220777e+01 -1.536245274128427152e+00
3.952249912010525890e-01 6.424445665475211897e-02 -2.650343889566342703e+00 -2.778313828187022771e+00 5.310113617818672083e+01 -2.526083771396631761e+00
4.690968668144056553e-01 7.493547891991145238e-02 -2.381653448179437138e+00 -2.504641281887467485e+00 5.268182020968087187e+01 -2.346071886736452505e+00
4.561188592255166485e-01 7.395530716245778124e-02 -1.609207860295387871e+00 -1.793002584436636404e+00 5.187903930476032599e+01 -3.180809518268074676e+00
2.672336589613368285e-01 4.524064086588296119e-02 -3.494381775486593789e+00 -3.085100697549512550e+00 5.405448373104736248e+01 -2.873473930969631329e+00
2.798146737447688159e-01 4.568063381389055738e-02 -3.200337890202616720e+00 -2.539968462455785669e+00 5.361569097810239981e+01 -3.112401114831338411e+00
4.460724843563282915e-01 7.707765089900985023e-02 -1.997321629787287112e+00 -2.198715436124094591e+00 5.227049076267088878e+01 -2.889850225933811245e+00
2.896060563495856943e-01 5.050235538832890947e-02 -2.123544834745846543e+00 -1.278685095128249571e+00 5.233096283050820574e+01 -4.383590937966158840e+00
3.304263928827798069e-01 5.363961906212231373e-02 -3.387243057989441475e+00 -3.083299505299903931e+00 5.382376747832251596e+01 -2.354955325651151732e+00
3.755782830446005027e-01 6.065656104778389957e-02 -2.753081670733151576e+00 -2.575872961710346409e+00 5.310172946418492046e+01 -2.631322235752977523e+00
3.444777175318003426e-01 5.556362951623865926e-02 -3.702174330289736748e+00 -3.824030741940379841e+00 5.427986600920984728e+01 -1.699158144050451957e+00
3.046649329611757495e-01 4.756229104689941450e-02 -2.335575256609207173e+00 -1.848690835874244875e+00 5.274689926072458945e+01 -3.716608101496286842e+00
3.386911940258020559e-01 5.458351738131853731e-02 -1.868728909577564767e+00 -1.427651438409731632e+00 5.214292382229376699e+01 -3.952431809141506935e+00
2.903325821207320967e-01 4.761244807064252821e-02 -3.394047067826835296e+00 -2.990812676687976790e+00 5.388747080862733441e+01 -2.765584648136614199e+00
3.775034048213189442e-01 6.353648404902614844e-02 -2.329582738723559920e+00 -1.801900979453575413e+00 5.248201057802145897e+01 -3.308228024055224203e+00
3.970670318339847848e-01 6.077801849917538468e-02 -1.572591268426716704e+00 -1.781163647511287307e+00 5.201355165330224395e+01 -3.530155984727552543e+00
3.749158695777096151e-01 6.293582198364458535e-02 -3.130556674807639883e+00 -3.029306203551525911e+00 5.353349838836304286e+01 -2.267331031497624050e+00
3.661260824146577719e-01 6.184379873720823040e-02 -1.653016381482701469e+00 -1.533658958601392008e+00 5.198203949993710893e+01 -3.914552899715807666e+00
3.879262638973404176e-01 6.359313065969103562e-02 -2.237027496921140557e+00 -2.069474489681427887e+00 5.252349131824975359e+01 -3.106648499412191899e+00
4.731860304267817008e-01 8.680958753404761918e-02 -2.049699381721814540e+00 -2.246411670573935648e+00 5.224203476639430477e+01 -2.749982928485747546e+00
2.810512519295450540e-01 4.530621422539313214e-02 -3.229164211549208297e+00 -2.620074817483052154e+00 5.368928115974386372e+01 -3.086014297400834661e+00
4.226882219337245172e-01 6.863792156356775254e-02 -2.571018680787466870e+00 -2.793513386763777806e+00 5.298027202101231126e+01 -2.340523192632564253e+00
3.669155860118292201e-01 6.125683733403523151e-02 -3.579669744316283264e+00 -3.705752342249976738e+00 5.413846065298379528e+01 -1.781281897982305296e+00
3.904176290279401940e-01 6.673263956068144209e-02 -3.756627989125490341e+00 -3.848887529751675363e+00 5.420190835733921375e+01 -1.400503872615463274e+00
3.892114477269608130e-01 6.400134835131678079e-02 -1.706449827300317690e+00 -2.679801334417889702e+00 5.243784875261766842e+01 -3.167248265053165035e+00
4.475686946863691729e-01 7.098468230721462213e-02 -3.345665012273060679e+00 -3.628467636128004603e+00 5.375928938015690761e+01 -1.285644173745631225e+00
3.625461002635254060e-01 6.167583184183950129e-02 -2.729751861330478757e+00 -2.550473347994067996e+00 5.310308328522840782e+01 -2.844678885494398735e+00
4.019783959897039738e-01 6.513012224089742563e-02 -2.916903842097330113e+00 -2.976965830378803801e+00 5.333742285468337485e+01 -2.203725669668346931e+00
4.500878351486731210e-01 7.322715921128450378e-02 -1.329999129738818953e+00 -1.583015341740695137e+00 5.161136837397398125e+01 -3.512993944903982424e+00
3.259977367950054328e-01 5.122551018903091780e-02 -1.689131288722063307e+00 -1.211032359283877868e+00 5.200359853739924887e+01 -4.213290983114369226e+00
2.861654395105512894e-01 4.540163577345388002e-02 -3.200050623784408632e+00 -2.389516361095663566e+00 5.356351827903211671e+01 -3.136644538999172838e+00
4.319040495835083093e-01 7.082512661087048134e-02 -3.026414732154556031e+00 -3.366000257214905922e+00 5.348175295263627049e+01 -1.800299760781262748e+00
4.475619728019220589e-01 7.417964881615513040e-02 -3.127739159347711517e+00 -3.549793604961100968e+00 5.356914367922220777e+01 -1.536245274128427152e+00
3.387298257716987449e-01 5.533413385177724658e-02 -3.619101198776686346e+00 -3.594542863548831679e+00 5.420590153687660973e+01 -1.937483756097320597e+00
4.542744685297924745e-01 7.307227429848371647e-02 -2.814996944993455763e+00 -2.978298526776534061e+00 5.316312561047798368e+01 -1.936855060696224262e+00
4.562139856198278443e-01 7.399731468546141833e-02 -1.567383309800579827e+00 -1.757688899499704860e+00 5.183988273178534456e+01 -3.229653759338904528e+00
2.672336589613368285e-01 4.524064086588296119e-02 -3.494381775486593789e+00 -3.085100697549512550e+00 5.405448373104736248e+01 -2.873473930969631329e+00
2.846486905128581824e-01 4.575995031599107421e-02 -3.113888064600641492e+00 -2.352848749313342314e+00 5.347741768226683234e+01 -3.186946414361111923e+00
4.508720284810035506e-01 7.920912906998472947e-02 -1.834358264980168629e+00 -2.011562374084927551e+00 5.206461855269755290e+01 -3.067099444829136878e+00
2.818439480466620739e-01 4.868721059387344507e-02 -2.305121818526190136e+00 -1.459082243344900220e+00 5.254130568431812520e+01 -4.219411315083907432e+00
3.264011118211527784e-01 5.281502119493717423e-02 -3.406783738316217836e+00 -3.083834207149140916e+00 5.384623288005795416e+01 -2.368154061243187058e+00
3.741999578774339863e-01 5.804044676685901627e-02 -2.113490418729637277e+00 -1.821166548698319954e+00 5.240963788223001529e+01 -3.346595559068306969e+00
3.923793668321164385e-01 6.571681463447347216e-02 -2.899846392715144994e+00 -3.056440583761069973e+00 5.333314516349722112e+01 -2.260463270599401220e+00
3.230864447868259659e-01 5.094772536503920646e-02 -2.175452983561480202e+00 -1.902885440834601871e+00 5.262695488091914342e+01 -3.666794153284159030e+00
3.612008212442334720e-01 5.899124054020320890e-02 -2.067929875310093202e+00 -1.800713900700407599e+00 5.237091007301003742e+01 -3.535887190384572776e+00
3.100384907235700926e-01 5.015322279199480038e-02 -3.202120679592451502e+00 -2.878620872136873565e+00 5.367601589205246171e+01 -2.751356814707195397e+00
3.529273511602009084e-01 5.886885418067936554e-02 -2.531471924118794625e+00 -1.945093985415664140e+00 5.273957768284368797e+01 -3.279136317447575610e+00
4.106854578141426737e-01 6.351116272233328641e-02 -1.795365797771147465e+00 -2.001507896739695536e+00 5.221487594190733006e+01 -3.221113957668302774e+00
3.299741274458953821e-01 5.232673111175217134e-02 -3.027594944686806677e+00 -2.596531315983371169e+00 5.345480380480518789e+01 -2.785874358431703168e+00
3.467710932243954214e-01 6.028991497394826926e-02 -1.167627323375375781e+00 -1.077505609292160660e+00 5.152969879544608034e+01 -4.603166625046823945e+00
3.562599280680259217e-01 5.818862516800387547e-02 -2.372720341569389824e+00 -2.058014638541594721e+00 5.269185926784690110e+01 -3.233592850751451753e+00
4.646458819203849733e-01 8.211535636082230305e-02 -1.904090319319997393e+00 -2.126893970853837690e+00 5.213900286010152740e+01 -2.897969298648852110e+00
3.789930230344456530e-01 6.107706642136444264e-02 -3.620741786216311375e+00 -3.512615147545516070e+00 5.405809742313442001e+01 -1.705633868567311806e+00
3.985959136188677032e-01 6.465005193990737420e-02 -2.770803989217177410e+00 -2.853669857599179682e+00 5.318994777784770633e+01 -2.364179769352138027e+00
3.537025045239095000e-01 6.002689271878536986e-02 -2.936326174342729800e+00 -2.940088629564406641e+00 5.343073120445206570e+01 -2.630371947722186299e+00
3.881915694097699543e-01 6.521516202931654238e-02 -3.292031977933469022e+00 -3.281833425207587140e+00 5.369608890348288810e+01 -1.959603196710917983e+00
3.288192965505948862e-01 5.346747813060892529e-02 -1.998185862501360877e+00 -2.329449872046092107e+00 5.263442094710079999e+01 -3.560881030344465792e+00
4.475686946863691729e-01 7.098468230721462213e-02 -3.345665012273060679e+00 -3.628467636128004603e+00 5.375928938015690761e+01 -1.285644173745631225e+00
3.876059592209645799e-01 6.564306234987475619e-02 -3.621633262066361603e+00 -3.558761446929637806e+00 5.403965133222482109e+01 -1.648823169330126071e+00
4.171399179180031447e-01 6.596076209565197856e-02 -2.584482159022266856e+00 -2.755634401476388717e+00 5.301126182448718538e+01 -2.367119302922464641e+00
4.437934515125372958e-01 7.235647724266974778e-02 -1.468666993678499955e+00 -1.713640600922941903e+00 5.176633125254431178e+01 -3.409502387524484313e+00
3.111762092045002315e-01 4.800532038133167867e-02 -1.524401363117848796e+00 -1.028087143228235023e+00 5.187015155993933035e+01 -4.491117686159617151e+00
2.895535639681170448e-01 4.597204590662570117e-02 -3.235078601125001896e+00 -2.467393612165083905e+00 5.361223730226591755e+01 -3.057651288369858555e+00
4.045980340437815848e-01 6.760397586588387520e-02 -2.985063689035688306e+00 -3.289763019550433931e+00 5.349420114316269093e+01 -2.089498568177133642e+00
4.467501484063564066e-01 7.689819840752361302e-02 -2.910100055921790219e+00 -3.449737844563141920e+00 5.337448736408910577e+01 -1.793168097560406737e+00
3.412444744177816069e-01 5.572464291466034531e-02 -3.660333461230518282e+00 -3.683685539654430574e+00 5.426597593379065643e+01 -1.850379246888626650e+00
4.701159761398946424e-01 7.534475423480871403e-02 -2.808827335399933567e+00 -3.020938731677889955e+00 5.314284619672810805e+01 -1.802704223548258877e+00
4.516831350356704800e-01 7.322379891524009865e-02 -1.618497577153696687e+00 -1.781626545205531542e+00 5.189419726240645758e+01 -3.219727003972065571e+00
2.721175075699585610e-01 4.680040675361176600e-02 -3.513703154677883855e+00 -3.185937304793572622e+00 5.409017514872660826e+01 -2.812748142193120415e+00
2.846486905128581824e-01 4.575995031599107421e-02 -3.113888064600641492e+00 -2.352848749313342314e+00 5.347741768226683234e+01 -3.186946414361111923e+00
4.273666383079490205e-01 7.432939662901850986e-02 -1.645245939121084966e+00 -1.663707782897015264e+00 5.186207730539819494e+01 -3.485332073732108071e+00
2.838739550775524756e-01 4.940396426699981969e-02 -1.909320530787026460e+00 -1.156301966417366600e+00 5.216198684408593067e+01 -4.582931744821668651e+00
3.528158229304243498e-01 5.605190087506223273e-02 -3.402654815002148059e+00 -3.137513189832823901e+00 5.379857847145314764e+01 -2.090928096951844672e+00
4.142430464420933101e-01 6.463104251586318516e-02 -2.360913296062923994e+00 -2.270935934336426598e+00 5.265523108554123155e+01 -2.703830000734717576e+00
3.761379155041942313e-01 6.460892933026168850e-02 -2.519885571699070237e+00 -2.459940004027663552e+00 5.287225357886183730e+01 -2.906768662753769217e+00
3.085821849018482443e-01 4.996762887458396085e-02 -2.165546410174641778e+00 -1.864556180677642283e+00 5.261927599202346784e+01 -3.805082535944278366e+00
3.886941454252655359e-01 6.401992593749625260e-02 -1.610344211535782444e+00 -1.537150071672765295e+00 5.188395611722580014e+01 -3.727228502346620509e+00
3.080735149045954469e-01 5.027441096633393502e-02 -3.269012826868242794e+00 -2.878504064748542479e+00 5.371732283654664997e+01 -2.725871122190509865e+00
4.135243670772668079e-01 6.705312378944097707e-02 -1.999569026573075892e+00 -1.772892760228474307e+00 5.217352858796522241e+01 -3.166663389564040365e+00
4.031081535405645067e-01 6.283909051971091342e-02 -1.944147155109377634e+00 -2.081630007567378371e+00 5.235260859955434398e+01 -3.152383375602833215e+00
3.573808243524724815e-01 5.822513867540993204e-02 -2.912482950902586687e+00 -2.707806288173185028e+00 5.332412794253428956e+01 -2.628355226450953541e+00
3.367974525178775713e-01 5.771604032833591719e-02 -1.502997544408939401e+00 -1.433124652950875433e+00 5.191323633051916175e+01 -4.291972332896270004e+00
3.653374538318583942e-01 5.976694771105001830e-02 -2.098942399232651024e+00 -1.661827692589476824e+00 5.232525400102949220e+01 -3.507123804580536408e+00
4.575883228174021378e-01 8.050005340381613528e-02 -2.040305983693984082e+00 -2.230085660162419714e+00 5.228854295372773464e+01 -2.810161433092216665e+00
3.524786475130742280e-01 5.707945434114738981e-02 -3.854144509208285108e+00 -3.681921514553319064e+00 5.434814161187525627e+01 -1.669951837248181414e+00
4.045716478665060678e-01 6.614015391069191785e-02 -2.196147644390750386e+00 -2.311135898697397550e+00 5.257252476502656435e+01 -2.911196099255053404e+00
3.239946424453193363e-01 5.837270270663044713e-02 -3.915271516839218258e+00 -3.878848007695880007e+00 5.449105979550501644e+01 -1.910487576934435161e+00
3.837237888301046618e-01 6.423245619753102653e-02 -2.967458768938857183e+00 -2.923428992492564493e+00 5.334916293546125843e+01 -2.341521962191829065e+00
3.327990175456072008e-01 5.578544740041888050e-02 -2.164089760918654015e+00 -2.147269416989562085e+00 5.263782034438523993e+01 -3.552886855604119987e+00
4.551512989468297077e-01 7.172653885728913492e-02 -3.239398610776067056e+00 -3.557014624691283711e+00 5.364336834519006914e+01 -1.319135076354293723e+00
3.803237901919056529e-01 6.401714190391610826e-02 -3.945322088954044570e+00 -3.865582634300831710e+00 5.439730100767926757e+01 -1.352932298988093418e+00
4.226659106950802491e-01 6.632695970644339467e-02 -2.462850380119726346e+00 -2.673290178814094809e+00 5.290841329349947131e+01 -2.458164014094893268e+00
4.342208672212725662e-01 7.166456761613781978e-02 -1.547134885046951069e+00 -1.758847285696929941e+00 5.184386098984622748e+01 -3.417773075418608641e+00
3.222506024030543648e-01 5.028172774560192571e-02 -1.519093097344477172e+00 -1.079585929580088255e+00 5.185101761662197362e+01 -4.401037056941939696e+00
2.620826861108744854e-01 4.288484693694579603e-02 -3.002057811506166907e+00 -2.110306332393994566e+00 5.337191356068226611e+01 -3.592353422868095780e+00
4.543010980356173567e-01 7.708199191427442254e-02 -3.074009228790535619e+00 -3.810999977282560902e+00 5.365490708929171149e+01 -1.492640290839799544e+00
4.490597358424625596e-01 7.685422525805191141e-02 -2.661849002524806718e+00 -3.099539413671080990e+00 5.307395897501588422e+01 -2.071398690369140816e+00
3.567826278795386830e-01 5.722170201576865650e-02 -3.940575872253352152e+00 -3.850560654300543284e+00 5.447266006649417847e+01 -1.465024475185868535e+00
4.849011480373698335e-01 7.796374744643756738e-02 -2.871440185590107053e+00 -3.094982936906296001e+00 5.317957028734380742e+01 -1.645180726138889105e+00
4.511146941900938678e-01 7.313591774835628834e-02 -1.624497033516826949e+00 -1.784027958520442603e+00 5.189995197698605267e+01 -3.218475981812827236e+00
2.692721816213966002e-01 4.638332309640844087e-02 -3.715708257058414343e+00 -3.450620332825471426e+00 5.433838245491863006e+01 -2.600628557946146557e+00
2.799720889538411250e-01 4.517471941269980695e-02 -3.299326530076107211e+00 -2.498639226433124527e+00 5.366639489331274859e+01 -3.048685686708866527e+00
4.067668764254835923e-01 6.978363515889413060e-02 -1.762467127943655454e+00 -1.721535543809271651e+00 5.202111607005586791e+01 -3.506148772387270185e+00
2.838739550775524756e-01 4.940396426699981969e-02 -1.909320530787026460e+00 -1.156301966417366600e+00 5.216198684408593067e+01 -4.582931744821668651e+00
3.699922409397683465e-01 6.121102818689742875e-02 -3.612416560180678360e+00 -3.554892761719733230e+00 5.405158389106788519e+01 -1.722288746346721799e+00
4.045194133934018055e-01 6.449663118441174847e-02 -2.674299630737414279e+00 -2.581088865294758783e+00 5.299833816268009201e+01 -2.469011051875935170e+00
3.583400184402985023e-01 6.328199491876945748e-02 -2.324938802564297635e+00 -2.182870573490664157e+00 5.266132306915064731e+01 -3.302795549635390238e+00
3.032924252224754591e-01 4.841202701240911871e-02 -1.567024559856111221e+00 -1.277581490588751478e+00 5.201453194788894052e+01 -4.459873215106215483e+00
3.886941454252655359e-01 6.401992593749625260e-02 -1.610344211535782444e+00 -1.537150071672765295e+00 5.188395611722580014e+01 -3.727228502346620509e+00
3.204892097191702760e-01 5.152589422623150145e-02 -3.130614032440839356e+00 -2.704127222277071141e+00 5.352470052434627945e+01 -2.759475927152586827e+00
3.912964207580722498e-01 6.388799034995031045e-02 -2.255832948178559949e+00 -2.036733933843031696e+00 5.250553317848520862e+01 -3.086828183852551533e+00
3.626308330815002923e-01 5.442737283193056080e-02 -2.098500336863000637e+00 -2.180796415213453798e+00 5.259144064859004430e+01 -3.241125912253631558e+00
3.561934276678377920e-01 5.804960051917862351e-02 -2.904913213780590642e+00 -2.699269919672569351e+00 5.331941235839598647e+01 -2.645476976063273700e+00
3.349661586501923027e-01 5.745093259606035702e-02 -1.400241047990187671e+00 -1.330783274771790925e+00 5.180872369165933122e+01 -4.415627257215553492e+00
3.880634545529614288e-01 6.139144624695127422e-02 -2.526262461555965455e+00 -2.185019066073068394e+00 5.278859374181296715e+01 -2.837290187621968940e+00
4.394981857396226266e-01 7.723933412996838999e-02 -2.253633416832132141e+00 -2.415891992806767696e+00 5.254775142601538107e+01 -2.727838937039836154e+00
3.807810090509335388e-01 6.164425238835772453e-02 -3.106696792191998124e+00 -2.948628178430698465e+00 5.347972912753716912e+01 -2.227404257502559215e+00
4.293531807492881880e-01 6.747469880291129263e-02 -1.913992562224022365e+00 -2.181445087011248063e+00 5.231129492149672444e+01 -2.915054849201945242e+00
3.150046690260002169e-01 5.752495550922875900e-02 -3.932065423647667313e+00 -3.857034619944856413e+00 5.450558277561277265e+01 -1.984571723682101885e+00
3.725959692821502744e-01 6.259467442160529527e-02 -3.280449309840392402e+00 -3.180062752206021415e+00 5.368087971888052579e+01 -2.104353227725651365e+00
3.105337087696696807e-01 5.281326152786851302e-02 -2.432979595468143241e+00 -2.270667190770628618e+00 5.291104626841574543e+01 -3.503892689326263632e+00
4.472411766618641371e-01 7.045671968213140790e-02 -3.162102975215072664e+00 -3.392446977391172958e+00 5.354625107175964160e+01 -1.493581989676678212e+00
3.778498384877170824e-01 6.347425544918158802e-02 -3.212817708249439352e+00 -3.107241795901256598e+00 5.360842393440422882e+01 -2.150789447055838632e+00
4.198574254708384301e-01 6.700130687527576512e-02 -2.977508614965584055e+00 -3.119428846975035530e+00 5.340779620110568970e+01 -1.976761409562368010e+00
4.256357662954812215e-01 6.927909525899558774e-02 -1.227979961966550349e+00 -1.343738636049098378e+00 5.149064288980549264e+01 -3.842407595161312805e+00
3.105121337102517698e-01 4.812474510509781589e-02 -1.552146412704629386e+00 -1.049593731877215497e+00 5.189193497158031221e+01 -4.464464479224813154e+00
2.651588371111261444e-01 4.326302061654931086e-02 -2.926239606889376343e+00 -2.057609616378454298e+00 5.329415608015259664e+01 -3.633698264490386354e+00
4.285134029195023508e-01 7.188600039762967076e-02 -3.040908961517303499e+00 -3.516391190792770072e+00 5.356532537484419976e+01 -1.790466384044778980e+00
4.620552836633253779e-01 7.845287236919776253e-02 -2.722102944203834696e+00 -3.180123819995461787e+00 5.312240046413476335e+01 -1.906616165028924170e+00
3.567826278795386830e-01 5.722170201576865650e-02 -3.940575872253352152e+00 -3.850560654300543284e+00 5.447266006649417847e+01 -1.465024475185868535e+00
4.670597668261518010e-01 7.593940388035241851e-02 -3.545124648342374840e+00 -3.806526323294064706e+00 5.394786851592805732e+01 -1.054295795495526100e+00
4.532649054390611720e-01 7.346140173795723260e-02 -1.657959802090980483e+00 -1.821184743840999376e+00 5.193449428611305052e+01 -3.165821302653744951e+00
2.692721816213966002e-01 4.638332309640844087e-02 -3.715708257058414343e+00 -3.450620332825471426e+00 5.433838245491863006e+01 -2.600628557946146557e+00
2.799720889538411250e-01 4.517471941269980695e-02 -3.299326530076107211e+00 -2.498639226433124527e+00 5.366639489331274859e+01 -3.048685686708866527e+00
4.078791657611874344e-01 7.047033330243755722e-02 -1.561653340445118499e+00 -1.506785902877738614e+00 5.179602322017129268e+01 -3.726227660289478383e+00
2.838739550775524756e-01 4.940396426699981969e-02 -1.909320530787026460e+00 -1.156301966417366600e+00 5.216198684408593067e+01 -4.582931744821668651e+00
3.581368689292082075e-01 5.931080195329241356e-02 -3.490351673283210054e+00 -3.341637010983198763e+00 5.391834597383833483e+01 -1.988296434093840270e+00
4.248963589177641720e-01 6.649397603743489871e-02 -2.083253549503230495e+00 -1.967447305248718026e+00 5.233692940844508001e+01 -2.958435825973208644e+00
3.597185638762507298e-01 6.311979872563566740e-02 -2.285533418996914090e+00 -2.163684900160195657e+00 5.262946522123512239e+01 -3.321761674551549248e+00
3.205216868265063912e-01 5.057073568808216624e-02 -1.688577535969905563e+00 -1.355438036053047801e+00 5.208588792007152080e+01 -4.210054952764348712e+00
3.888384786767138390e-01 6.528068598594458094e-02 -1.511036768524306240e+00 -1.405498262546681199e+00 5.175368133284109007e+01 -3.868500555732206525e+00
3.749395650390270895e-01 6.207778513560387873e-02 -3.227606358746567761e+00 -3.154224315547932367e+00 5.363245567787122781e+01 -2.157637750334692406e+00
3.058819267911423445e-01 5.022000522976496906e-02 -1.767753488403647211e+00 -1.319037551492948435e+00 5.211610349345993853e+01 -4.313351713048368730e+00
3.444424818253726261e-01 5.377197523014029534e-02 -2.313192754476158797e+00 -2.275811791650995008e+00 5.279071035788872024e+01 -3.242466797452443483e+00
3.563036473300408291e-01 5.802125173746390530e-02 -3.236849117966833944e+00 -3.015455951555843228e+00 5.366775671735268105e+01 -2.303997850074368969e+00
3.293922298649923364e-01 5.597391989240167731e-02 -2.515895949656470343e+00 -2.510717257766411414e+00 5.303424228656558626e+01 -3.201926276579977415e+00
3.930981089761225178e-01 6.176508343778512600e-02 -2.633031150883653027e+00 -2.266017202267668562e+00 5.288150444466990763e+01 -2.687633193352058747e+00
3.762982977360128656e-01 6.544944305321956368e-02 -1.303799803228201215e+00 -1.415815842965251870e+00 5.166104539228606285e+01 -4.134681746408420899e+00
3.833192293375750070e-01 6.242409051274106641e-02 -3.651717617814935757e+00 -3.677351918117707896e+00 5.412258019661948794e+01 -1.565207068957995995e+00
4.361907885652459571e-01 6.869259941703745320e-02 -1.981491004114753096e+00 -2.284338893035897211e+00 5.237813085068179930e+01 -2.781520904058925936e+00
3.300352305477528003e-01 5.563252982831679710e-02 -3.193019599977412248e+00 -3.101695791508517264e+00 5.370673452561099737e+01 -2.540290271061913518e+00
3.577100245223810426e-01 6.058830713377284100e-02 -3.579115422844421524e+00 -3.430177318225430483e+00 5.400239644127353955e+01 -1.909196928514831360e+00
2.958316143794325059e-01 5.105562755383513673e-02 -1.483379300203478302e+00 -1.376333447232527263e+00 5.196177918152188369e+01 -4.617916396473431107e+00
4.182663187283354178e-01 6.740492771199313449e-02 -3.208041198888015533e+00 -3.310006282695819646e+00 5.359850956310882708e+01 -1.730663652030850042e+00
4.012263221685771764e-01 6.539114412780512586e-02 -3.180057799857806344e+00 -3.042322620642345044e+00 5.351665848310276630e+01 -2.000311436129710074e+00
4.469756973037709580e-01 6.924239588214227414e-02 -3.665807769751153522e+00 -3.860618586027345867e+00 5.412269361239648902e+01 -1.011215451604029703e+00
4.223452159615003199e-01 6.859723000112130653e-02 -1.475361733822492916e+00 -1.615700691555315371e+00 5.177663212987389585e+01 -3.567835221900835130e+00
3.361610935762006092e-01 5.228566677945671592e-02 -1.772444317993941754e+00 -1.431438656763165174e+00 5.211455879290105031e+01 -3.970223101596880522e+00
2.651588371111261444e-01 4.326302061654931086e-02 -2.926239606889376343e+00 -2.057609616378454298e+00 5.329415608015259664e+01 -3.633698264490386354e+00
4.605661173901366423e-01 7.697086705530148398e-02 -2.979985715213901543e+00 -3.654581219020302640e+00 5.350985985840314640e+01 -1.553632484391640922e+00
4.505369699152085294e-01 7.789256148718581851e-02 -3.007506932597669103e+00 -3.494187832537679839e+00 5.346271587320947560e+01 -1.722526549097196602e+00
3.567826278795386830e-01 5.722170201576865650e-02 -3.940575872253352152e+00 -3.850560654300543284e+00 5.447266006649417847e+01 -1.465024475185868535e+00
4.548573960882763556e-01 7.408131845922408254e-02 -3.151156962147385610e+00 -3.400741699137622476e+00 5.354059704152564336e+01 -1.540277116509484401e+00
4.534047729469355414e-01 7.348630023766226926e-02 -1.659131235874803156e+00 -1.822308227025400074e+00 5.193551641718270417e+01 -3.163765130791032831e+00
2.692721816213966002e-01 4.638332309640844087e-02 -3.715708257058414343e+00 -3.450620332825471426e+00 5.433838245491863006e+01 -2.600628557946146557e+00
2.826136014814715214e-01 4.556400458597301834e-02 -3.273277866597661401e+00 -2.486459104069493442e+00 5.363869231383409186e+01 -3.051029184779351588e+00
4.185548002966957837e-01 7.381343500049025730e-02 -1.445082489042317508e+00 -1.390647100174482453e+00 5.163823890799102401e+01 -3.807438873572229543e+00
2.903812434559222000e-01 4.968629478865483479e-02 -1.842304246505661602e+00 -1.175377610477856827e+00 5.212429434224001312e+01 -4.540555287365227954e+00
3.193350387391689638e-01 5.408867346343196325e-02 -2.831496591903348126e+00 -2.384388600815082526e+00 5.318514006435351860e+01 -3.131270648481419450e+00
4.535791642776235699e-01 7.075955374225720296e-02 -1.587340599559579957e+00 -1.698129897585568537e+00 5.184570930052901616e+01 -3.202706476611693276e+00
3.633711131598220678e-01 6.564790231380908392e-02 -1.396806831489164402e+00 -1.194686375028055636e+00 5.162642833920752139e+01 -4.281042015192796590e+00
3.184527994937898510e-01 5.090423021720959229e-02 -1.553205120991676624e+00 -1.257667341632606517e+00 5.196169402145323346e+01 -4.357749019837738658e+00
3.796596819672818923e-01 6.079818825407768551e-02 -2.158442249320058792e+00 -2.051748187082901520e+00 5.248536510332733940e+01 -3.176758714035586628e+00
3.714954213454824683e-01 6.117352891077879745e-02 -3.152520205830162681e+00 -3.055897551786458610e+00 5.356403937047190311e+01 -2.260052153190492241e+00
3.041153102185568669e-01 5.017870555121017873e-02 -2.228759598343183157e+00 -1.728178992925573088e+00 5.258585001230440525e+01 -3.855947549881509673e+00
3.640643197957703081e-01 5.666473746460154448e-02 -2.234378017452128162e+00 -2.192693727805099968e+00 5.265286736197425199e+01 -3.171208216581118844e+00
3.329631217972969237e-01 5.448654408635829338e-02 -3.247700683201687255e+00 -2.904502705520682682e+00 5.369384121202059390e+01 -2.519965321880277997e+00
3.605254443189737090e-01 5.889828155446975161e-02 -1.865101934650865712e+00 -1.686022526097174179e+00 5.221274664164920409e+01 -3.689794852850619034e+00
3.678859297873817713e-01 6.134692930739554101e-02 -3.814617670685293227e+00 -3.660234697503926160e+00 5.424746512620960459e+01 -1.577883651193532799e+00
3.651434780850891793e-01 6.110105605358782943e-02 -1.930655018217718899e+00 -1.898960584673587082e+00 5.231932352705823064e+01 -3.579521246508306831e+00
3.854453652460039237e-01 6.239026828217295734e-02 -3.725330201783465078e+00 -3.775951070525900732e+00 5.421015759767448827e+01 -1.458308793422139482e+00
4.275043240319754689e-01 6.731668841907241518e-02 -2.029278765180559496e+00 -2.293875264240391676e+00 5.243149492136352308e+01 -2.810957318768639634e+00
3.239556524660680004e-01 5.567280547171517963e-02 -3.650868177787220947e+00 -3.622415455255139527e+00 5.421699530724217908e+01 -2.105270354499830354e+00
3.413673616122586685e-01 5.731460311661570189e-02 -3.509954416421434686e+00 -3.221875356582278194e+00 5.392053632361842830e+01 -2.160871245566311050e+00
3.373190726773214188e-01 5.741078756479867096e-02 -1.157856129226473740e+00 -1.294559373881707387e+00 5.162267812421126223e+01 -4.566197703095112637e+00
3.964872238988738085e-01 6.358180342082286884e-02 -3.014101029037758117e+00 -2.995617700068821776e+00 5.340231321003368947e+01 -2.140328695460303798e+00
3.962483863728801237e-01 6.542490766519971912e-02 -2.945561436989999837e+00 -2.799359634958036303e+00 5.326809442701141961e+01 -2.300226049921255012e+00
4.436085385839219075e-01 6.902061074802555429e-02 -3.590424180935465781e+00 -3.776611426236045510e+00 5.403929249706121851e+01 -1.117028676689478806e+00
4.597546377309356114e-01 7.420287852751336621e-02 -1.007357454966964383e+00 -1.218695956259113533e+00 5.121415776485596894e+01 -3.769973689662203142e+00
3.515064640468955059e-01 5.463009138538551385e-02 -2.178811987605073774e+00 -1.949557837011739680e+00 5.254997899269734063e+01 -3.378903774799348447e+00
2.651588371111261444e-01 4.326302061654931086e-02 -2.926239606889376343e+00 -2.057609616378454298e+00 5.329415608015259664e+01 -3.633698264490386354e+00
4.605661173901366423e-01 7.697086705530148398e-02 -2.979985715213901543e+00 -3.654581219020302640e+00 5.350985985840314640e+01 -1.553632484391640922e+00
4.339374345228903529e-01 7.417619603850994503e-02 -2.828260519463507539e+00 -3.194818078663572258e+00 5.326705589765087012e+01 -2.048737981688294685e+00
3.567826278795386830e-01 5.722170201576865650e-02 -3.940575872253352152e+00 -3.850560654300543284e+00 5.447266006649417847e+01 -1.465024475185868535e+00
4.733553486190855697e-01 7.716065332890642559e-02 -3.233066326436996984e+00 -3.579627956582810189e+00 5.362905632548891077e+01 -1.293043598763640389e+00
4.436876840201106065e-01 7.183395594946821727e-02 -1.634466661722534520e+00 -1.735211758326150377e+00 5.190877245249160410e+01 -3.290663070521924638e+00
2.860298308178869098e-01 4.963499558569833131e-02 -3.658965369340837270e+00 -3.531972355978293621e+00 5.428981967413087517e+01 -2.484185731483771420e+00
2.786270704821006694e-01 4.424978992099580510e-02 -2.908854798692957377e+00 -2.154006510878285319e+00 5.327827241627319665e+01 -3.424214041480282411e+00
4.213153609165217750e-01 7.477488392026289399e-02 -1.244940216020250734e+00 -1.181268147459928253e+00 5.141519814334566263e+01 -4.012106679237386508e+00
2.903812434559222000e-01 4.968629478865483479e-02 -1.842304246505661602e+00 -1.175377610477856827e+00 5.212429434224001312e+01 -4.540555287365227954e+00
2.950985241320248087e-01 4.916697987370392819e-02 -3.218629851202363223e+00 -2.635390091514389521e+00 5.360010691750490963e+01 -2.939391240707635689e+00
4.218640877943337086e-01 6.530187766489556345e-02 -2.213825450207628442e+00 -2.197241649812951447e+00 5.251449543955994415e+01 -2.782371255830782708e+00
3.714068469005296080e-01 6.599339046548841070e-02 -1.614894004387429138e+00 -1.450924972919778622e+00 5.186635923877378218e+01 -3.966759539987233740e+00
3.315055190531872586e-01 5.194391907916715012e-02 -2.319832269730220276e+00 -2.041272639045325299e+00 5.274889617483665205e+01 -3.420777264637854476e+00
3.737028227108536993e-01 5.852251491157565988e-02 -2.739890222039191858e+00 -2.573270462791449553e+00 5.310339362968095855e+01 -2.593275320033224141e+00
3.651181188568467517e-01 6.025053450837739716e-02 -3.904778140790980512e+00 -3.792980662422749116e+00 5.436654715294809392e+01 -1.529505381675243525e+00
3.343013248977853014e-01 5.468877784124715619e-02 -2.116740132609602476e+00 -1.696795399655895986e+00 5.243373820439138200e+01 -3.705315094472789728e+00
3.395941501364203585e-01 5.224862277632969648e-02 -2.308992674908345144e+00 -2.171745174492108355e+00 5.274721245036069917e+01 -3.281323775263961906e+00
3.261108409150542675e-01 5.303818692124182693e-02 -2.881821298189001457e+00 -2.517542857459270422e+00 5.331138461106057491e+01 -2.947847774075891714e+00
3.665296659662471979e-01 6.006887111640950988e-02 -1.252145868788990590e+00 -1.067682244378591161e+00 5.154266249170979108e+01 -4.305176309983201222e+00
3.676301848926342153e-01 6.130896149626589853e-02 -3.842093558106348894e+00 -3.697788384151923236e+00 5.428274502094883047e+01 -1.549822356216849162e+00
3.651434780850891793e-01 6.110105605358782943e-02 -1.930655018217718899e+00 -1.898960584673587082e+00 5.231932352705823064e+01 -3.579521246508306831e+00
3.811395610598597994e-01 6.151649892401826053e-02 -3.669376749956659189e+00 -3.676479468790808891e+00 5.414654964971778384e+01 -1.573291877123854654e+00
4.303379298569390832e-01 6.778297355329251928e-02 -2.037246160048991062e+00 -2.320629358467358294e+00 5.244132676172291951e+01 -2.774995132424753486e+00
3.033467087928768402e-01 5.044697181772771211e-02 -3.306972084063281248e+00 -2.949602348993812129e+00 5.378510272845187501e+01 -2.711779483165484450e+00
3.387273333422096133e-01 5.655186554868159299e-02 -3.676502312073097301e+00 -3.377515808902170402e+00 5.410106823099415863e+01 -2.002160265532193950e+00
3.490503868586980474e-01 5.589908444737518717e-02 -1.556252875069258357e+00 -1.829444841267807487e+00 5.209906158478752758e+01 -3.916375786537994230e+00
4.004281873699319649e-01 6.409923299643643935e-02 -3.110710156501268031e+00 -3.117061838291989240e+00 5.350810567765930159e+01 -2.002474994854936519e+00
4.110117111108883003e-01 6.924394099568681460e-02 -2.238297947322075210e+00 -1.942297310605011873e+00 5.240972725074675509e+01 -3.010537078993443139e+00
4.436085385839219075e-01 6.902061074802555429e-02 -3.590424180935465781e+00 -3.776611426236045510e+00 5.403929249706121851e+01 -1.117028676689478806e+00
4.454290438744027414e-01 7.357833071426125859e-02 -1.215797419760942022e+00 -1.453903681697573669e+00 5.146810206641593055e+01 -3.681732380119381087e+00
3.515064640468955059e-01 5.463009138538551385e-02 -2.178811987605073774e+00 -1.949557837011739680e+00 5.254997899269734063e+01 -3.378903774799348447e+00
2.663572427056162262e-01 4.345654450797524493e-02 -2.976208493160131141e+00 -2.130306448014605003e+00 5.334906773067090313e+01 -3.556352941260470857e+00
4.605661173901366423e-01 7.697086705530148398e-02 -2.979985715213901543e+00 -3.654581219020302640e+00 5.350985985840314640e+01 -1.553632484391640922e+00
4.327392220838249814e-01 7.612959047624678899e-02 -1.556149849247574490e+00 -2.096290312644051301e+00 5.196563281523584976e+01 -3.334616508051982287e+00
3.573803518710129690e-01 5.730752486209986923e-02 -3.925109062899216461e+00 -3.838128149555911861e+00 5.445615307626639634e+01 -1.475669539088937832e+00
4.560340865259630005e-01 7.433292485043145603e-02 -2.923338063725582359e+00 -3.146654124656682594e+00 5.328475796189519542e+01 -1.788060900698515532e+00
4.655232040192338050e-01 7.591878327370528423e-02 -1.531911548251053468e+00 -1.685386955978040779e+00 5.176994141311115527e+01 -3.248868176725952406e+00
2.851285641556103867e-01 4.917119574066668164e-02 -3.399607085554553265e+00 -3.139272285620823943e+00 5.396116307335711326e+01 -2.800532334905944332e+00
2.773978297356476941e-01 4.386708457989135779e-02 -2.873969874643671485e+00 -2.102458206171741395e+00 5.324130346971921313e+01 -3.475439779220510506e+00
4.310627436431880288e-01 7.459031246662542469e-02 -1.362878221247158628e+00 -1.373328139770322975e+00 5.156544212890808865e+01 -3.764907201018472094e+00
2.903812434559222000e-01 4.968629478865483479e-02 -1.842304246505661602e+00 -1.175377610477856827e+00 5.212429434224001312e+01 -4.540555287365227954e+00
2.848614967261290376e-01 4.639673573398289674e-02 -3.269135507520674722e+00 -2.654961535496116909e+00 5.368270669771058579e+01 -2.961211084268322580e+00
4.228134418961109198e-01 6.541462786991125711e-02 -2.216507968831304520e+00 -2.204619880958488487e+00 5.251731283383006854e+01 -2.769676525728044680e+00
3.303492076314207271e-01 5.825000571820041634e-02 -2.599048477954075675e+00 -2.452694491160007928e+00 5.303224303688622143e+01 -3.255845425586997077e+00
3.193513492982595903e-01 4.907990926498981277e-02 -2.462411620200056550e+00 -2.144520401191868153e+00 5.292508447235729818e+01 -3.353194593692469638e+00
3.887632472458635857e-01 6.150259706631538981e-02 -2.341447208240881483e+00 -2.458638083311457834e+00 5.276311049460060332e+01 -2.821909732358755640e+00
3.651181188568467517e-01 6.025053450837739716e-02 -3.904778140790980512e+00 -3.792980662422749116e+00 5.436654715294809392e+01 -1.529505381675243525e+00
3.285746331727657510e-01 5.409195970789557745e-02 -2.268435382363589436e+00 -1.872993475088455373e+00 5.261640454982796911e+01 -3.597182326585433465e+00
3.484653747369995669e-01 5.579070216612395244e-02 -2.210401103498795816e+00 -2.025415081533674666e+00 5.259863224047202834e+01 -3.387017698721766834e+00
3.367803710423157293e-01 5.533047888550778753e-02 -2.239986007131428813e+00 -1.931382166359031594e+00 5.262527538845662178e+01 -3.554802407199535885e+00
3.665296659662471979e-01 6.006887111640950988e-02 -1.252145868788990590e+00 -1.067682244378591161e+00 5.154266249170979108e+01 -4.305176309983201222e+00
3.657474775819408164e-01 6.053877314334468046e-02 -3.678441388932724543e+00 -3.524641098836815534e+00 5.411277378530891013e+01 -1.730932643392804948e+00
3.478704631557165139e-01 5.924272799743252049e-02 -2.092246422748838874e+00 -1.926268581364090737e+00 5.246547690293969168e+01 -3.580357356602995367e+00
3.600846993628840087e-01 5.887408330290637426e-02 -3.832790041106378442e+00 -3.793163758782951867e+00 5.433725490876737041e+01 -1.579963926767326887e+00
4.303379298569390832e-01 6.778297355329251928e-02 -2.037246160048991062e+00 -2.320629358467358294e+00 5.244132676172291951e+01 -2.774995132424753486e+00
2.842243892007749184e-01 4.743919779018063859e-02 -3.015376343415611782e+00 -2.641900392956882726e+00 5.352208097087455485e+01 -3.196066061090628629e+00
3.651971985300311307e-01 6.093910478098770594e-02 -3.454882573317516581e+00 -3.125241383457717959e+00 5.379050297898112376e+01 -2.047065940338116619e+00
3.188285379468080993e-01 5.092467426576979123e-02 -2.259019806199888514e+00 -2.106901209108509754e+00 5.274043242024138323e+01 -3.569554489995383051e+00
4.285545453484420619e-01 6.874046440914842460e-02 -3.405610708859346580e+00 -3.554565867878675789e+00 5.381751394240246356e+01 -1.448376092702432949e+00
3.976841127280663080e-01 6.531453619035924862e-02 -2.551504808046376471e+00 -2.394181519863816998e+00 5.285029427576945693e+01 -2.704958820753077919e+00
4.462751520949686523e-01 6.809681424276388395e-02 -2.263943937867216150e+00 -2.565455705051219670e+00 5.267644402107747936e+01 -2.404684594496071082e+00
4.613932171706861540e-01 7.761150048756637609e-02 -1.082112270876320004e+00 -1.295490742287333408e+00 5.127813339583837404e+01 -3.751325295627135237e+00
3.065361082834040518e-01 4.739357861292608359e-02 -2.502608537091146168e+00 -2.234165067637420954e+00 5.298788158565381678e+01 -3.412764248439664083e+00
2.664689425055492000e-01 4.357487540780378976e-02 -2.996808939908537361e+00 -2.166377915643567853e+00 5.337605420930523792e+01 -3.530531838448965676e+00
4.574691926710824363e-01 7.796442261237755689e-02 -3.080214378430740751e+00 -3.473427105537692405e+00 5.348658821446189648e+01 -1.601691947613419043e+00
4.120191560340920600e-01 7.313150145074143182e-02 -1.522293209349966814e+00 -1.955756650450886980e+00 5.192324255774582298e+01 -3.567491144356241595e+00
3.752981096960560370e-01 6.076671586144659354e-02 -3.401689368623313836e+00 -3.372337652189037360e+00 5.387748650018956198e+01 -1.904455124417629763e+00
4.910148959150844039e-01 7.949623274699174624e-02 -3.048890266784148206e+00 -3.430471647801571766e+00 5.341090478356633042e+01 -1.350500904673801461e+00
4.676872534352719546e-01 7.512656842310190541e-02 -1.560480930693781465e+00 -1.628665312364883100e+00 5.177725731322804137e+01 -3.230953586035918423e+00
2.794504973822772853e-01 4.880802291616184729e-02 -3.420006209510935591e+00 -3.104437840752694910e+00 5.397446879041271472e+01 -2.864609039776089716e+00
2.946624156760648261e-01 4.861498245761811804e-02 -2.572358253853693544e+00 -1.876928681588395209e+00 5.289584680618781221e+01 -3.686498226091601271e+00
4.100615846889930638e-01 7.040147930216508754e-02 -1.602862233613787657e+00 -1.510262259161677445e+00 5.183087322513957673e+01 -3.687519561875753471e+00
2.937286425059340012e-01 5.018433698657774611e-02 -1.864149036523920167e+00 -1.215211814398418078e+00 5.214774419523386939e+01 -4.484934768427347507e+00
3.567242821370864569e-01 5.562589450166668947e-02 -3.704061803740010816e+00 -3.329763536727538664e+00 5.408046674765849815e+01 -1.791200854865383496e+00
4.228134418961109198e-01 6.541462786991125711e-02 -2.216507968831304520e+00 -2.204619880958488487e+00 5.251731283383006854e+01 -2.769676525728044680e+00
3.412946960650041217e-01 5.799301572689401912e-02 -1.812337551244089795e+00 -1.573384891564474142e+00 5.215344826146405666e+01 -3.990198731851488212e+00
2.982400259450379010e-01 4.439629394197684709e-02 -2.642706874401530293e+00 -2.218610801358510187e+00 5.315110702946849841e+01 -3.339905382294031888e+00
3.682633201476134821e-01 5.900372044466484223e-02 -1.762205004785386997e+00 -1.800838407451806455e+00 5.215054007914894640e+01 -3.611883625220153604e+00
3.651181188568467517e-01 6.025053450837739716e-02 -3.904778140790980512e+00 -3.792980662422749116e+00 5.436654715294809392e+01 -1.529505381675243525e+00
3.285746331727657510e-01 5.409195970789557745e-02 -2.268435382363589436e+00 -1.872993475088455373e+00 5.261640454982796911e+01 -3.597182326585433465e+00
3.761941047735751775e-01 6.008102217898293046e-02 -1.895187546955141800e+00 -1.967810747925295090e+00 5.229680879915970593e+01 -3.367370053269230112e+00
3.615452788509511683e-01 6.442314857682295004e-02 -1.899808721650705801e+00 -1.532068997710877234e+00 5.212328634186977894e+01 -3.893714289080217217e+00
3.659560291326575121e-01 6.056999068782029788e-02 -1.326683271192817815e+00 -1.121126999085753750e+00 5.160948459424880497e+01 -4.257822489873826832e+00
3.708799157749051445e-01 6.127782658076062761e-02 -3.803482271054492436e+00 -3.684625869109788177e+00 5.424818917335213087e+01 -1.539597428983263239e+00
3.605429622335985518e-01 6.287020926325888326e-02 -1.814212664675326714e+00 -1.486250125967770064e+00 5.207495786017271655e+01 -3.937783495089218544e+00
4.176341550142181891e-01 6.919930312356087354e-02 -3.702123587066155963e+00 -3.998130406482448329e+00 5.418485719910121645e+01 -1.214237683073679186e+00
4.057432141376300372e-01 6.523597023160135344e-02 -2.053649183928588862e+00 -2.203017024880823183e+00 5.244852918810470044e+01 -3.015182636019314799e+00
2.946825981231097624e-01 4.978825500813814642e-02 -2.808629159878244685e+00 -2.574761006985899048e+00 5.333674636865929841e+01 -3.315169451104185150e+00
3.734510610458657842e-01 6.166777080212096362e-02 -3.333643157057095685e+00 -3.068254325635644708e+00 5.367709003416985780e+01 -2.083472078810191697e+00
3.086718638999249031e-01 4.874355961560506573e-02 -1.849594262039699455e+00 -1.644795664209451225e+00 5.231168115976636557e+01 -4.086341152655769804e+00
4.310729073143366730e-01 6.910385966010981762e-02 -3.216941278068506271e+00 -3.369381454434307699e+00 5.361481079454801346e+01 -1.624724630933013225e+00
4.210968757781544114e-01 7.055030511058341114e-02 -2.828517073891437583e+00 -2.862116976859254258e+00 5.314530641693900037e+01 -2.216545585496053405e+00
4.588434234155140956e-01 7.228073022345210541e-02 -2.598120299210164408e+00 -2.965070011815999163e+00 5.301301227121619775e+01 -1.989178534239117502e+00
4.389658474822847323e-01 7.386847430325234332e-02 -1.314378414233777326e+00 -1.467589360369880414e+00 5.155507600723625927e+01 -3.692649798992565291e+00
3.374398404691805187e-01 5.424711871777411487e-02 -2.118524603973879650e+00 -1.907572622582839106e+00 5.252158924335325452e+01 -3.604631158973958360e+00
2.740332640186480817e-01 4.521179812545299270e-02 -3.033419448455299872e+00 -2.333028646820058505e+00 5.344887461298299769e+01 -3.389907890798310675e+00
4.687556661172188055e-01 7.900031948491696709e-02 -3.377067281051738146e+00 -3.770869704141976086e+00 5.378468997235617621e+01 -1.199247191114485300e+00
3.995229212600077684e-01 7.019536243829987976e-02 -1.710475572030898839e+00 -2.016715824818808400e+00 5.210701877501193025e+01 -3.491928040978653058e+00
3.526667840801228082e-01 5.721047800143178735e-02 -3.617365737840387396e+00 -3.548177548741886067e+00 5.414403124206747719e+01 -1.861166948267262145e+00
4.665175337688068913e-01 7.637453670983618270e-02 -2.817067655596395603e+00 -3.065425331946225906e+00 5.316006788196514776e+01 -1.836288129586828077e+00
4.613708100750693042e-01 7.517782294236176333e-02 -2.186880923454086467e+00 -2.178483966448555353e+00 5.241838278188890143e+01 -2.660123289796120005e+00
2.794504973822772853e-01 4.880802291616184729e-02 -3.420006209510935591e+00 -3.104437840752694910e+00 5.397446879041271472e+01 -2.864609039776089716e+00
2.800917567883468573e-01 4.665652873800316125e-02 -2.629419224029417634e+00 -1.972063721130163927e+00 5.300801752127961919e+01 -3.751141501082744689e+00
4.259394481559517498e-01 7.392137759231197369e-02 -1.258180051863739601e+00 -1.223827054430733696e+00 5.144849843213430063e+01 -3.899501237142382060e+00
2.846310458577563929e-01 4.891422521325940187e-02 -1.866643472906182266e+00 -1.138630968198212745e+00 5.213811466224570523e+01 -4.595500545465724507e+00
3.572184147765594675e-01 5.572968657247298618e-02 -3.691683815535362179e+00 -3.320159917611682943e+00 5.406723718364914077e+01 -1.800454426264560315e+00
4.228134418961109198e-01 6.541462786991125711e-02 -2.216507968831304520e+00 -2.204619880958488487e+00 5.251731283383006854e+01 -2.769676525728044680e+00
3.499030352536383615e-01 5.868856415505153273e-02 -1.766085244876425264e+00 -1.610243994052762195e+00 5.212179870638525614e+01 -3.896992419517689044e+00
3.055437951783618322e-01 4.745810498241010561e-02 -2.404171184853097998e+00 -2.015102934280446068e+00 5.286987336147648620e+01 -3.574326857147102299e+00
3.702666898233685777e-01 5.929747835176775450e-02 -2.039567545380506886e+00 -2.044403607357005548e+00 5.243167864941792544e+01 -3.329591248403128922e+00
3.798032596076926781e-01 6.250577895213905999e-02 -3.952514892694699356e+00 -3.938911712868747639e+00 5.442107465363312002e+01 -1.325300699228706192e+00
3.163795180795322404e-01 5.206307817461787446e-02 -2.877898115342723440e+00 -2.372386296755814250e+00 5.323459198823257310e+01 -3.088979825573187288e+00
3.761941047735751775e-01 6.008102217898293046e-02 -1.895187546955141800e+00 -1.967810747925295090e+00 5.229680879915970593e+01 -3.367370053269230112e+00
4.041532853587033181e-01 6.889262472568163931e-02 -1.922143653332700319e+00 -1.752803742441939150e+00 5.215889568039766999e+01 -3.450244723532347457e+00
3.659560291326575121e-01 6.056999068782029788e-02 -1.326683271192817815e+00 -1.121126999085753750e+00 5.160948459424880497e+01 -4.257822489873826832e+00
3.854566820807900918e-01 6.447382241231380817e-02 -3.137374621672244235e+00 -3.062643919403409853e+00 5.351995132853884485e+01 -2.153896146063435602e+00
3.704152764269230125e-01 6.207011441728155221e-02 -1.912728508451466247e+00 -1.774462293647688593e+00 5.223774551621319517e+01 -3.588843269452835827e+00
4.193441542850482873e-01 6.918715852492091090e-02 -3.640387097243485748e+00 -3.918125936906204032e+00 5.411232227068254730e+01 -1.266469643738550532e+00
3.953636424670337046e-01 6.266217407384030991e-02 -2.179781801504463434e+00 -2.381833594174709745e+00 5.263254658950712894e+01 -2.904307030806708489e+00
3.095381710051657853e-01 5.218891123617944161e-02 -3.381355814864072329e+00 -3.092396041212421842e+00 5.386771379443323582e+01 -2.572278691655547345e+00
3.129864346397997488e-01 5.321607227804132922e-02 -3.203185491891138881e+00 -2.466667269814633912e+00 5.349820757153477757e+01 -2.946845669548479929e+00
3.713606048902194923e-01 5.890925209521440109e-02 -2.195460572101386454e+00 -2.179557132346268133e+00 5.260796656030142771e+01 -3.183234289615797685e+00
4.343168056429393964e-01 7.002044681142997884e-02 -3.420668129885176434e+00 -3.596190328767899569e+00 5.383029991780659884e+01 -1.385415584944281298e+00
4.319048890071953695e-01 7.304374886212328111e-02 -3.038952097051152990e+00 -3.068426252878481808e+00 5.333604853863342043e+01 -1.948862985483789778e+00
4.598224141161603717e-01 7.242427323783007242e-02 -2.573961720151967114e+00 -2.947884823638099228e+00 5.298909908740539265e+01 -2.005678814589739734e+00
4.544450583776499242e-01 7.629392819517910596e-02 -1.196583384645688142e+00 -1.397312489717016160e+00 5.141465252179247614e+01 -3.691812555292562692e+00
3.185841924904410094e-01 5.004989580070787897e-02 -2.086234887601190024e+00 -1.805116048221484526e+00 5.251539929526528994e+01 -3.787028862752434222e+00
2.748422790506271918e-01 4.534112282471546018e-02 -3.034172930011454827e+00 -2.339371300686536870e+00 5.345002372978007799e+01 -3.380480582338123874e+00
4.631113273742167857e-01 7.677203361647058633e-02 -3.533323348043524437e+00 -3.977925822973462644e+00 5.399405718297644796e+01 -1.024838804846084361e+00
4.008003466022149741e-01 6.573563154351461102e-02 -1.975516765624350857e+00 -2.035989467275983067e+00 5.231274796397653404e+01 -3.183804790434202836e+00
3.733297508656446828e-01 6.108478909805983154e-02 -3.125899895014096153e+00 -3.111510159935016784e+00 5.358991434205709226e+01 -2.232823567866130787e+00
4.596617945564628327e-01 7.493631887911947342e-02 -2.687540824505016968e+00 -2.895000796764777284e+00 5.302226170913729675e+01 -2.026890556493472939e+00
4.600302970268297931e-01 7.533806740706537608e-02 -2.428204176373082834e+00 -2.526965442099538883e+00 5.271304908254440846e+01 -2.364491303375187758e+00
2.660873243372185448e-01 4.698533954141567714e-02 -3.836959009690266154e+00 -3.595570199766815023e+00 5.447169448710413775e+01 -2.507660343673424386e+00
2.800917567883468573e-01 4.665652873800316125e-02 -2.629419224029417634e+00 -1.972063721130163927e+00 5.300801752127961919e+01 -3.751141501082744689e+00
4.476075199446633568e-01 7.719464734095415892e-02 -1.757359463924602849e+00 -1.859971619066010051e+00 5.198621429136839822e+01 -3.170998083465895512e+00
2.744620390631551943e-01 4.735470400735600216e-02 -1.861180475377614663e+00 -1.063258454790835916e+00 5.212630425345349039e+01 -4.714831389977479859e+00
3.530057883605274283e-01 5.479709514212945803e-02 -3.738313566968866741e+00 -3.323264802900038450e+00 5.410970923142778588e+01 -1.795796740473569075e+00
4.152025103719801935e-01 6.461956315936823181e-02 -2.220231246302545092e+00 -2.259745300309345062e+00 5.256055521177602685e+01 -2.795516427411327776e+00
3.483771286899978725e-01 5.969634242670773805e-02 -1.512089774610474890e+00 -1.366902042669188022e+00 5.183636036488238830e+01 -4.179984390306969111e+00
3.078711096000676384e-01 4.771957653183789977e-02 -2.316039795499302834e+00 -1.906004856199940978e+00 5.276297730900435567e+01 -3.654674901209728155e+00
3.466765156265569359e-01 5.659870737034874283e-02 -2.491439577430310415e+00 -2.198279213263895748e+00 5.284491735789109157e+01 -3.196865855631235931e+00
3.504997847647797204e-01 5.653705161100897048e-02 -3.502563905740191164e+00 -3.375895574392915321e+00 5.396557555956569274e+01 -2.000006513785130835e+00
2.904912968485238167e-01 4.739841421340559857e-02 -2.981637333833362824e+00 -2.272943864276727233e+00 5.332605707710453657e+01 -3.241856782841514129e+00
3.991124195192657376e-01 6.459824697160665430e-02 -2.396008590041001085e+00 -2.558213744205953155e+00 5.281522432567260950e+01 -2.691396008835022613e+00
3.428156937286883643e-01 5.642878739515412578e-02 -2.077741954508440347e+00 -1.716063416896806304e+00 5.241286412422834218e+01 -3.720676971314492043e+00
3.658534391327934454e-01 6.025167358837452136e-02 -1.443326685651469710e+00 -1.231780694807078635e+00 5.173191240581243733e+01 -4.133126032692866048e+00
3.858882049178001261e-01 6.538037777390294514e-02 -3.063430965980381782e+00 -2.886217406703439625e+00 5.339470888891329281e+01 -2.307594407280007420e+00
3.709069922330497926e-01 6.353288806887752438e-02 -1.682173879566011054e+00 -1.535257961775384983e+00 5.198548521137431067e+01 -3.866396844789480980e+00
3.914772979640042672e-01 6.506657101901504314e-02 -3.159918198650232490e+00 -3.257622750663706324e+00 5.359505795281220486e+01 -2.036942437275238937e+00
3.883240637965451603e-01 6.181174597186761543e-02 -2.233380216869284229e+00 -2.454423919381494290e+00 5.271326818018602012e+01 -2.886771540495260080e+00
2.790177162376009656e-01 4.653743844183150236e-02 -3.377112132816304513e+00 -2.998063049271334712e+00 5.390566705069269915e+01 -2.832722791748983227e+00
3.129864346397997488e-01 5.321607227804132922e-02 -3.203185491891138881e+00 -2.466667269814633912e+00 5.349820757153477757e+01 -2.946845669548479929e+00
3.927015870067758208e-01 6.095453295023992024e-02 -1.817709264382188827e+00 -2.081395841242795086e+00 5.227865497455940158e+01 -3.271882182099783876e+00
4.162512359576680532e-01 6.598824953653378844e-02 -3.337145190649744464e+00 -3.351002603069808128e+00 5.371662959356561373e+01 -1.629895176503270093e+00
4.438379031710806277e-01 7.505183579306175246e-02 -2.986405736215330897e+00 -3.051309742389092250e+00 5.326590474818598153e+01 -1.904881764349635853e+00
4.466504995907784603e-01 7.091896231433786335e-02 -2.449131239261150395e+00 -2.762419625112455535e+00 5.285408542256560338e+01 -2.262166747270506040e+00
3.919074859481890827e-01 6.334304735742787851e-02 -2.747838478995634937e+00 -2.611213497726677879e+00 5.307923794315799171e+01 -2.531626758685751710e+00
3.281530976683663114e-01 5.127613046429981003e-02 -2.623391043513965570e+00 -2.286886904928917552e+00 5.303275562115913999e+01 -3.154212079136798241e+00
2.682321666060400456e-01 4.434317855253341878e-02 -3.009299361940748430e+00 -2.264932998637568140e+00 5.342251721845067891e+01 -3.483970360787745690e+00
4.359260066734791939e-01 7.195702146261911958e-02 -2.853676341880300615e+00 -3.130688916155608403e+00 5.326052787964446367e+01 -1.966762394766035760e+00
4.008003466022149741e-01 6.573563154351461102e-02 -1.975516765624350857e+00 -2.035989467275983067e+00 5.231274796397653404e+01 -3.183804790434202836e+00
3.949034811604682504e-01 6.434070738493119501e-02 -3.241325579558605785e+00 -3.368914381972516914e+00 5.372038094301650091e+01 -1.890598222779158455e+00
4.581279896232323123e-01 7.412008419781374036e-02 -2.311470940384250827e+00 -2.413487549820468647e+00 5.259016125652119911e+01 -2.472444201357697935e+00
4.656759704220793106e-01 7.586353932042548542e-02 -2.352943702889937594e+00 -2.468985536436856254e+00 5.263760351690409323e+01 -2.404216920636329746e+00
2.721046535041173886e-01 4.778122677392221407e-02 -3.776679829890609241e+00 -3.578392235604137994e+00 5.441194582655042211e+01 -2.501378182840557240e+00
2.800917567883468573e-01 4.665652873800316125e-02 -2.629419224029417634e+00 -1.972063721130163927e+00 5.300801752127961919e+01 -3.751141501082744689e+00
4.283859047887936811e-01 7.424258403797287520e-02 -2.135175277601008226e+00 -2.223696946793584317e+00 5.241653214057108556e+01 -2.897587718290503211e+00
2.813688825449036091e-01 4.813237606524733980e-02 -2.171333535862078001e+00 -1.395115668715558588e+00 5.245119862079857853e+01 -4.309940942717063628e+00
2.927720189296829090e-01 4.656054325264694094e-02 -3.374214046744205220e+00 -2.731093057628781295e+00 5.376502613195923175e+01 -2.764560765199947312e+00
4.114977506448908029e-01 6.229516190479501142e-02 -1.273824828731350944e+00 -1.272313282011144686e+00 5.155841261757588967e+01 -3.784770432861843670e+00
3.483771286899978725e-01 5.969634242670773805e-02 -1.512089774610474890e+00 -1.366902042669188022e+00 5.183636036488238830e+01 -4.179984390306969111e+00
3.078711096000676384e-01 4.771957653183789977e-02 -2.316039795499302834e+00 -1.906004856199940978e+00 5.276297730900435567e+01 -3.654674901209728155e+00
3.176865378033865150e-01 5.178413454619840844e-02 -1.945906526403319070e+00 -1.384231364480950077e+00 5.220454937507840754e+01 -4.085891511203638693e+00
3.530065646339670682e-01 5.683977131833752028e-02 -3.556676332442008981e+00 -3.452137605540218424e+00 5.402621186909318141e+01 -1.910505328745886633e+00
2.965634620969189728e-01 5.000539379591811828e-02 -3.415883143405602063e+00 -2.567899826607497271e+00 5.370221851028936300e+01 -2.861605071371254638e+00
3.803151816501716409e-01 6.106919699796379414e-02 -2.456242565700611280e+00 -2.486338830450766757e+00 5.287284871382311024e+01 -2.813996726206331456e+00
3.105483825391974761e-01 5.140446270896181086e-02 -2.602949383879916034e+00 -2.194912504557581467e+00 5.301711325897527161e+01 -3.429250849963736858e+00
3.661774309148480011e-01 6.029475618428409289e-02 -1.435553332907025581e+00 -1.224104257013715280e+00 5.172301492713665994e+01 -4.138404754093745197e+00
3.748413440115593853e-01 6.286814301132863381e-02 -2.952526868907741964e+00 -2.760467393813639259e+00 5.328959404618605333e+01 -2.489134733711709124e+00
3.766633894244760250e-01 6.433402344714646282e-02 -2.190133809100169859e+00 -2.205861622253046050e+00 5.256970361114148460e+01 -3.223976042568299505e+00
3.940220013321557579e-01 6.510751979811790768e-02 -3.169257119248158450e+00 -3.340757359114050473e+00 5.362995712144626026e+01 -1.973679514614989472e+00
3.789483757811438203e-01 6.077780444314506009e-02 -2.288534318964250414e+00 -2.468185572666152350e+00 5.276738216339072096e+01 -2.927481859132339270e+00
2.749591637913445519e-01 4.589201447351317492e-02 -3.432395337068377295e+00 -3.037274942603941597e+00 5.396759775691909766e+01 -2.813474747182684865e+00
3.192675187318376739e-01 5.444401937994734070e-02 -3.121837743677284394e+00 -2.427950149609521269e+00 5.342018211915900849e+01 -2.979446550041266129e+00
3.994064810659929687e-01 6.238769811145332411e-02 -2.250312609622562299e+00 -2.442869545274096055e+00 5.268806521674114407e+01 -2.804386936540350650e+00
4.221363718135266452e-01 6.693271094845046343e-02 -3.463177526931199512e+00 -3.464206004160474972e+00 5.383001828637249986e+01 -1.464001848697903618e+00
4.405130655997808176e-01 7.504480399654425704e-02 -2.955059738649251422e+00 -2.927778035424145386e+00 5.319067196551243626e+01 -2.008208915295683017e+00
4.254146097187325171e-01 6.807437062486945689e-02 -2.334520147222353792e+00 -2.512082200715004543e+00 5.271436469768385535e+01 -2.595890248319200566e+00
3.759947581878115286e-01 6.103684810250550180e-02 -1.947340669162751059e+00 -1.482703220706573566e+00 5.211384571608019911e+01 -3.641538057317631250e+00
3.058621938003148188e-01 4.692693354196465078e-02 -1.935459341896117458e+00 -1.428097878294809053e+00 5.230801388291475718e+01 -4.110693113860300230e+00
2.738152370484157605e-01 4.551198461278552904e-02 -2.905043761276055569e+00 -2.206323145516811302e+00 5.331165261606516026e+01 -3.531753341567084981e+00
4.334479551338995540e-01 7.083338863676875985e-02 -2.737302353049920534e+00 -3.073991425814293521e+00 5.317769627244985742e+01 -2.065210556896721172e+00
4.198797162887801804e-01 7.085726319631090175e-02 -1.918868991195587181e+00 -1.885862771273401961e+00 5.213080720595154105e+01 -3.172057942935445407e+00
4.061339601059802962e-01 6.660919612502430587e-02 -3.668616485869523824e+00 -3.881570883309919839e+00 5.418835319443903842e+01 -1.349922715777725157e+00
4.581279896232323123e-01 7.412008419781374036e-02 -2.311470940384250827e+00 -2.413487549820468647e+00 5.259016125652119911e+01 -2.472444201357697935e+00
4.679104545272222415e-01 7.639125245521384555e-02 -2.424498383033464322e+00 -2.580727898573224710e+00 5.271915549239327703e+01 -2.297895234864514968e+00
2.799072043188245429e-01 4.805186861934282461e-02 -3.319117616633505019e+00 -2.959826835380478194e+00 5.385078585023237707e+01 -2.952726672635161975e+00
2.850252604561280267e-01 4.742745178191289102e-02 -2.603453523106980416e+00 -1.982749279985390300e+00 5.298401102881950919e+01 -3.727117187379331842e+00
4.255117121236203781e-01 7.058177570508648857e-02 -1.885485408432873822e+00 -1.947528770312126456e+00 5.216762465205685118e+01 -3.136035892705949735e+00
2.983799053753689590e-01 5.063339286523975413e-02 -2.184820142731349168e+00 -1.493122202046273106e+00 5.246457216973720250e+01 -4.133103100894755855e+00
3.250690361131978734e-01 5.208684784836961623e-02 -3.356646189628087473e+00 -2.962169045626894537e+00 5.378157863012302897e+01 -2.461582586270681716e+00
4.227211323412417010e-01 6.605716881899301174e-02 -1.829272258243819671e+00 -1.912993529217847932e+00 5.215193124837374938e+01 -3.144402335191339937e+00
3.361105815007639497e-01 5.855340633097797648e-02 -1.741770143017737027e+00 -1.552360236371530089e+00 5.207463641423487388e+01 -4.064911086455262890e+00
3.444281496155561229e-01 5.599998661959920687e-02 -2.667342379742661418e+00 -2.358992027038293138e+00 5.304910792921242546e+01 -3.020758049705893455e+00
3.200497245056397322e-01 5.166943511233285102e-02 -2.098872011001100102e+00 -1.588036969896645223e+00 5.239154548580717830e+01 -3.875532761717096264e+00
3.638588726070402513e-01 5.823757497653696963e-02 -3.900060190367294233e+00 -3.864716302376201007e+00 5.438371236657311414e+01 -1.417220428092616835e+00
3.002065943320115227e-01 5.081936671334565808e-02 -3.672403928064986722e+00 -2.752658325821494500e+00 5.392898910320197814e+01 -2.588323741415573309e+00
3.516776071598937681e-01 5.671198345656518203e-02 -2.794963438844288550e+00 -2.669931203370137229e+00 5.323077920230304727e+01 -2.727204043810349088e+00
3.174515361564484994e-01 5.221120255031994756e-02 -2.502367385759546980e+00 -2.176446404305858007e+00 5.293120315291918843e+01 -3.447886169396663369e+00
3.661774309148480011e-01 6.029475618428409289e-02 -1.435553332907025581e+00 -1.224104257013715280e+00 5.172301492713665994e+01 -4.138404754093745197e+00
3.674071970389312103e-01 6.304625717756533188e-02 -2.860025527351111041e+00 -2.577820651449770128e+00 5.316814835767738856e+01 -2.715718631984878950e+00
3.737578943928427933e-01 6.465509105196062811e-02 -1.191422139590807783e+00 -1.132080246289584480e+00 5.147417693575940234e+01 -4.337410590708910441e+00
3.748492373119274301e-01 6.184951105209063327e-02 -2.902815303802178004e+00 -2.863736358875796029e+00 5.330549667883105514e+01 -2.470650244786255278e+00
3.504203196991612090e-01 5.686786045280785989e-02 -1.881212895309496425e+00 -1.945619973663106350e+00 5.234189402983414396e+01 -3.613863440684295103e+00
2.983417682346986566e-01 4.940402923609954478e-02 -3.185832344204004407e+00 -2.805696072080949399e+00 5.365593140230880920e+01 -2.889550014545108514e+00
2.996686097290079398e-01 5.074650683920328004e-02 -3.587236452002401599e+00 -2.755094690645921496e+00 5.389296963759349524e+01 -2.676198700128075814e+00
3.810520642996075291e-01 6.060997584026554114e-02 -2.031845670820652483e+00 -2.023653364361933438e+00 5.241153577348008241e+01 -3.277404864496623382e+00
3.947410706664038482e-01 6.331174557487156962e-02 -3.510551763771559752e+00 -3.304649272951315275e+00 5.385262836592886515e+01 -1.716247176894055038e+00
3.894834439114056024e-01 6.862264847255650224e-02 -2.408121575931724490e+00 -2.336184572965986472e+00 5.268630242267789043e+01 -2.997818778591777367e+00
4.401035888319914657e-01 7.042171455412128689e-02 -1.960937016327499949e+00 -2.189304584858803526e+00 5.231601006509146856e+01 -2.877154955446691531e+00
3.878217191855408141e-01 6.318554000466042320e-02 -1.439724501930486955e+00 -1.049635467347650675e+00 5.157668724558584472e+01 -4.070433292066887532e+00
2.954885941328692645e-01 4.452877134453175900e-02 -1.986729854212658353e+00 -1.407973561172971344e+00 5.236682858089702819e+01 -4.151799972218488399e+00
2.738152370484157605e-01 4.551198461278552904e-02 -2.905043761276055569e+00 -2.206323145516811302e+00 5.331165261606516026e+01 -3.531753341567084981e+00
4.037898031046671110e-01 6.631967588759285492e-02 -2.929218457596412861e+00 -2.993015623244939860e+00 5.333044388382783296e+01 -2.192108451246615797e+00
3.751719078414942898e-01 6.379699472839808760e-02 -2.109000274443445289e+00 -1.976231391363934664e+00 5.240260127683190916e+01 -3.335856512893720094e+00
4.061339601059802962e-01 6.660919612502430587e-02 -3.668616485869523824e+00 -3.881570883309919839e+00 5.418835319443903842e+01 -1.349922715777725157e+00
4.266315950320895833e-01 7.027547905793141148e-02 -2.501917818478207600e+00 -2.470540625150396075e+00 5.279082649861208409e+01 -2.556904083626133861e+00
4.607515461953385350e-01 7.523744111407409951e-02 -2.839109081581259186e+00 -3.050167199268821516e+00 5.319634173212261885e+01 -1.880201726119656414e+00
2.877230244355610256e-01 4.922690461669008977e-02 -3.527097653171835656e+00 -3.230246764919582958e+00 5.407954910755724143e+01 -2.653397067096215256e+00
2.668783777747470443e-01 4.385403652186373180e-02 -2.606768280919800951e+00 -1.925381804898453009e+00 5.301391336492334005e+01 -3.875908955514175691e+00
4.492019335797626245e-01 7.457856105544989622e-02 -2.226021185780373557e+00 -2.227016774516912712e+00 5.244768316141276898e+01 -2.651265428210733965e+00
3.124360366670742017e-01 5.262016423448707264e-02 -1.842304896557797722e+00 -1.376128929770876308e+00 5.216222108135177393e+01 -4.265892797241617629e+00
3.267808937505545797e-01 5.215938773768494241e-02 -3.492952275444129562e+00 -3.091547316900842279e+00 5.391787215445253167e+01 -2.299445545019521475e+00
4.076795016703662622e-01 6.401721896969216063e-02 -2.096178528870816571e+00 -2.148434557520986665e+00 5.245578279129027521e+01 -2.968917708746592332e+00
3.744970248163852489e-01 6.461141924416061166e-02 -1.140898401103734194e+00 -1.115077571064945650e+00 5.141082563751938750e+01 -4.329469309838954949e+00
3.853369911538884196e-01 6.190361309668079848e-02 -2.711340561466781818e+00 -2.618098194043491311e+00 5.309393805145889189e+01 -2.534311440102739788e+00
3.220202624668861979e-01 5.198506674482954865e-02 -2.142693140044717559e+00 -1.655295763520368002e+00 5.244397481386679516e+01 -3.803958323051547907e+00
3.396857075047882146e-01 5.283135357055498971e-02 -3.913508782960259502e+00 -3.804353773716357523e+00 5.442978304930477407e+01 -1.564143245137715743e+00
3.005655071973398762e-01 5.047974573621315936e-02 -2.846170637347538168e+00 -2.092653112790933356e+00 5.312519603618196129e+01 -3.381532413471581400e+00
3.738188361908695856e-01 6.057281439941785556e-02 -2.432093470442139527e+00 -2.518154294110691804e+00 5.287662733006567350e+01 -2.849348220861335879e+00
3.144008168057266239e-01 5.168546723658933029e-02 -2.420775182599295583e+00 -2.091526929001130686e+00 5.285155876731015923e+01 -3.558211557379549639e+00
3.567063607374805767e-01 5.900324290948402717e-02 -1.713229644555919196e+00 -1.445046181122372708e+00 5.201487533968651178e+01 -3.950352391131792817e+00
3.718126555958596313e-01 6.426944309387021270e-02 -3.904830191992168853e+00 -3.491230881152429077e+00 5.420568287008728703e+01 -1.655782530835468780e+00
3.627751332432005982e-01 6.173371840106509773e-02 -1.729497270296926015e+00 -1.590184393486673953e+00 5.204548886590569623e+01 -3.860954388267203718e+00
4.152775840798160756e-01 6.753033918768387711e-02 -3.455287462282773170e+00 -3.785279754719718337e+00 5.394513533401894279e+01 -1.439129791302996120e+00
3.509725570295212371e-01 5.686879014160666629e-02 -1.844893386964083337e+00 -1.929321468442857457e+00 5.231053884212431626e+01 -3.635877593035370392e+00
2.983417682346986566e-01 4.940402923609954478e-02 -3.185832344204004407e+00 -2.805696072080949399e+00 5.365593140230880920e+01 -2.889550014545108514e+00
3.051864784456876367e-01 4.866753198387240714e-02 -2.790993204801342831e+00 -2.112094621587880194e+00 5.312882137806047922e+01 -3.331929345766395656e+00
3.735749629954362439e-01 5.817516948265983451e-02 -2.603167939949150966e+00 -2.941766714919051395e+00 5.320785584035806437e+01 -2.534254356237533479e+00
3.988721320652519053e-01 6.398740404731662057e-02 -3.809281324646081046e+00 -3.653861737152081179e+00 5.418131640763689205e+01 -1.342890752184310976e+00
3.385034634950430665e-01 5.903340820157362834e-02 -2.652784795249579552e+00 -2.303733428488085266e+00 5.298084664109477870e+01 -3.216156126697894635e+00
4.294729994915161275e-01 6.901997814429758349e-02 -2.429911957759600671e+00 -2.666456029260580340e+00 5.282507385333735783e+01 -2.454827476885396376e+00
3.691015503580776236e-01 6.020366274278787788e-02 -1.625949602427068985e+00 -1.192458535478219339e+00 5.180569619586029262e+01 -4.034060788514430840e+00
3.329575303960641275e-01 5.131275957569859936e-02 -2.059391612618292733e+00 -1.757539940554787350e+00 5.245527811367804816e+01 -3.670659670247723660e+00
2.621171932962100271e-01 4.236632237328888384e-02 -2.600751970408056835e+00 -1.678268457949747550e+00 5.294046618193475240e+01 -4.002461238683377331e+00
4.109974436399083109e-01 6.491051658401672531e-02 -3.152137955004450376e+00 -3.271125053629563517e+00 5.360981596994150067e+01 -1.828903609005602782e+00
3.757480315954394023e-01 6.387401203117366866e-02 -2.113915380826782098e+00 -1.983461147659328461e+00 5.240794475268149455e+01 -3.326057017168616348e+00
4.100139789553149949e-01 6.730319067307599656e-02 -3.447770869422044360e+00 -3.614475483358830843e+00 5.392381389798830327e+01 -1.578393486914467569e+00
4.321791341841768053e-01 7.222878882962796565e-02 -2.600582237768338079e+00 -2.541518505714510212e+00 5.286535530297567931e+01 -2.461087468060983330e+00
4.607515461953385350e-01 7.523744111407409951e-02 -2.839109081581259186e+00 -3.050167199268821516e+00 5.319634173212261885e+01 -1.880201726119656414e+00
2.985146601362802521e-01 5.186730593595244299e-02 -3.898011117878804832e+00 -3.774901288934500165e+00 5.451000226744478994e+01 -2.136322600121608239e+00
2.703083990376980439e-01 4.435822619123581945e-02 -2.568724523322631903e+00 -1.900597769338521204e+00 5.296939008148153505e+01 -3.879712933392840846e+00
4.064243382059999354e-01 6.695221645373644614e-02 -2.281354068230566856e+00 -2.383906894967295020e+00 5.265060385326671621e+01 -2.810941485907942905e+00
3.000405735787524675e-01 5.085305492622820001e-02 -1.640657309619929283e+00 -1.077189340445389387e+00 5.193878910183098441e+01 -4.615602753909936240e+00
3.466767461991426824e-01 5.494539083668344148e-02 -3.961078452979638787e+00 -3.581632933110175276e+00 5.437309465474840664e+01 -1.625009808914007481e+00
4.081611526100791254e-01 6.377196557539974164e-02 -2.173416220627600648e+00 -2.234220912886165422e+00 5.254268404264382042e+01 -2.875923964757060247e+00
3.564672722878758915e-01 6.116511400970200962e-02 -1.556764832679504496e+00 -1.353479888004569753e+00 5.182891084698795936e+01 -4.098294998739135053e+00
3.270777422684199021e-01 5.265326639169090606e-02 -3.233577983432588177e+00 -2.837896638946488359e+00 5.366471849501911606e+01 -2.581850043976448017e+00
3.169150631125974282e-01 5.052358263013816131e-02 -2.109558637987757557e+00 -1.601503833146658451e+00 5.241941541015617645e+01 -3.858013556373914188e+00
3.656740084426298165e-01 5.909991473548394103e-02 -2.660963896111122384e+00 -2.604635291034838929e+00 5.307329566152260725e+01 -2.730367831660321265e+00
3.016175115933321105e-01 5.108298415216305094e-02 -2.635358272666864288e+00 -1.649738141365963084e+00 5.279687845389615575e+01 -3.689775877652827329e+00
3.724248531219138680e-01 6.033460307094810904e-02 -2.334771815205520795e+00 -2.410506311224588138e+00 5.277162871486331142e+01 -2.963129198574473655e+00
2.818987643981447633e-01 4.551349198315055022e-02 -3.138105440923708578e+00 -2.702760505731730767e+00 5.366270697898102071e+01 -3.095256050841675766e+00
3.972701815307456696e-01 6.586441785831181894e-02 -1.280685094695760640e+00 -1.213963771578214113e+00 5.153803165858647617e+01 -4.006559709221646060e+00
3.706353564438730208e-01 6.229986336014807502e-02 -3.466901320408216414e+00 -3.188020934846654164e+00 5.380878109631515827e+01 -2.013971252751116214e+00
3.483129713558685281e-01 6.074342698237373411e-02 -1.289014250041021326e+00 -1.066665868155420194e+00 5.156217165160527571e+01 -4.492836656320822186e+00
4.149704093638157953e-01 6.723756441694600516e-02 -3.510319127665109562e+00 -3.848935556462256713e+00 5.401043422976887598e+01 -1.373117369869858440e+00
3.535507507563331875e-01 5.721419901844695260e-02 -1.901042260124094163e+00 -1.986954723269256373e+00 5.236634549715510900e+01 -3.558264302061960205e+00
3.069744277255452292e-01 5.069539061424960247e-02 -3.136068430330706924e+00 -2.796529591558814865e+00 5.360123420899395086e+01 -2.860931266710252885e+00
2.784218407600020373e-01 4.404041819742841868e-02 -3.038014464597530662e+00 -2.202846824601073727e+00 5.340086310707122408e+01 -3.347876379029146587e+00
3.685893264417374193e-01 5.771767831573519636e-02 -3.058600899416426433e+00 -3.165669153531274205e+00 5.360118934956801695e+01 -2.216217411659932246e+00
4.020416115110234667e-01 6.454351109737413439e-02 -3.827919313024562786e+00 -3.692208448570153401e+00 5.420051620951013405e+01 -1.291760463000020120e+00
3.441283330845849586e-01 6.032917432481296749e-02 -2.568629169263016987e+00 -2.282579886653344658e+00 5.290080984293380340e+01 -3.253947720976413382e+00
4.577968505374622743e-01 7.477458485781543485e-02 -2.553976926142817572e+00 -2.762098352004116020e+00 5.288589082381896134e+01 -2.221377569697334131e+00
3.691015503580776236e-01 6.020366274278787788e-02 -1.625949602427068985e+00 -1.192458535478219339e+00 5.180569619586029262e+01 -4.034060788514430840e+00
3.401160112683417336e-01 5.361790036410984950e-02 -2.280270122910770692e+00 -1.997078054454272555e+00 5.266268772214410632e+01 -3.398083136479332023e+00
2.621171932962100271e-01 4.236632237328888384e-02 -2.600751970408056835e+00 -1.678268457949747550e+00 5.294046618193475240e+01 -4.002461238683377331e+00
4.117246305296926590e-01 6.469182168250858789e-02 -3.374362870517587432e+00 -3.513516291626281429e+00 5.385650258227781251e+01 -1.578424959204582478e+00
3.646539563560931563e-01 6.108487701623162985e-02 -1.750910092749142999e+00 -1.477572788959863770e+00 5.199855639845156929e+01 -3.845028263886209441e+00
4.096135083133445320e-01 6.638312123283837685e-02 -3.306842274708006180e+00 -3.430822863891324292e+00 5.375770883987182458e+01 -1.705012301319044354e+00
4.271389700280144308e-01 7.072933354487129232e-02 -2.864179206630252938e+00 -2.864792923879050157e+00 5.318722036682256515e+01 -2.166835457399379106e+00
4.607515461953385350e-01 7.523744111407409951e-02 -2.839109081581259186e+00 -3.050167199268821516e+00 5.319634173212261885e+01 -1.880201726119656414e+00
3.203919967452079076e-01 5.576675318945212290e-02 -2.751829625144299740e+00 -2.585122429660673404e+00 5.321496472361226182e+01 -3.171583635456892480e+00
2.796679033174462314e-01 4.654341119167326041e-02 -2.701340210371139250e+00 -1.999931546582558894e+00 5.306842889010440700e+01 -3.691076152083634376e+00
4.423914834670507057e-01 7.231361822496232272e-02 -1.794317673468091456e+00 -2.189709308407894461e+00 5.218954635683539323e+01 -2.932467587300720879e+00
2.987700952825971812e-01 5.067414973473398365e-02 -1.624093970263435383e+00 -1.051467564156527867e+00 5.192056227770387267e+01 -4.646909880991779040e+00
3.466767461991426824e-01 5.494539083668344148e-02 -3.961078452979638787e+00 -3.581632933110175276e+00 5.437309465474840664e+01 -1.625009808914007481e+00
4.131682906130975108e-01 6.292974693512101703e-02 -2.786248199517161517e+00 -2.887057796512749519e+00 5.321031187508027216e+01 -2.167512287618268196e+00
3.735946999761944887e-01 6.239040922446250498e-02 -1.828158069164628197e+00 -1.761715493781610409e+00 5.216064290349820709e+01 -3.618339869312206414e+00
2.743824913364549811e-01 4.095230225361631837e-02 -3.195159150862772801e+00 -2.510335791928860694e+00 5.368513681883026578e+01 -3.075584210948474340e+00
2.952074704244547210e-01 4.669040103537758224e-02 -2.027788895307135686e+00 -1.341877895501076390e+00 5.231442289950092572e+01 -4.179077185279309603e+00
3.427968041514055098e-01 5.577799967182580504e-02 -3.124262837023713324e+00 -2.954277674146188915e+00 5.357277275683411943e+01 -2.443126785784604404e+00
3.017659826405635903e-01 5.036722877744184007e-02 -2.858948455860007343e+00 -2.114844425563539687e+00 5.314934057394434319e+01 -3.329617847178781176e+00
3.657576778237706661e-01 5.904743882345028783e-02 -2.480833670547488712e+00 -2.570197512673299656e+00 5.294642946932038541e+01 -2.839834857830608073e+00
2.642442892443860325e-01 4.336125889200762029e-02 -3.206027081716547045e+00 -3.063373055847057103e+00 5.391395903244419685e+01 -3.095763004234547200e+00
4.046590694620638695e-01 6.681672547751923985e-02 -1.215160424262933470e+00 -1.158371942376810404e+00 5.145962311633266495e+01 -4.012148973166254073e+00
3.232781204367214944e-01 5.506525407539525352e-02 -3.648531620209334747e+00 -3.238845347643103612e+00 5.404299431045432556e+01 -2.183512519609001501e+00
3.596456370653522971e-01 6.304671984762537373e-02 -1.212366571176114682e+00 -1.070142398228398406e+00 5.148019172874045779e+01 -4.457593237117709606e+00
4.376581227261515661e-01 7.023197234471999229e-02 -3.434789625642361344e+00 -3.863358788048517400e+00 5.391310922418558960e+01 -1.224431009467370046e+00
3.633322951965079484e-01 5.983941226337523983e-02 -1.629817395164971927e+00 -1.978278440385498937e+00 5.215305886604963348e+01 -3.672789703214798696e+00
3.638759815191424662e-01 5.954693977424167090e-02 -3.424183972316213520e+00 -3.246848881205231852e+00 5.384604310437248387e+01 -2.051835898217889032e+00
2.807016158850622056e-01 4.269878906558322029e-02 -3.165870685547266916e+00 -2.320481992607160038e+00 5.354499649300848318e+01 -3.152202175491429337e+00
3.706580249448957476e-01 5.820633420816666986e-02 -3.212824724523266617e+00 -3.238745506976030253e+00 5.371525983412839622e+01 -2.069260783070526966e+00
3.951641824044382911e-01 6.351560834413125245e-02 -3.586488903706417819e+00 -3.485784963251752799e+00 5.397431741690250817e+01 -1.574940571583832716e+00
3.321092354957161930e-01 6.060692970536722679e-02 -2.945883574947504968e+00 -2.554214310664872034e+00 5.324615236896801207e+01 -3.027706387393576115e+00
4.406528314259655077e-01 7.194340721161195107e-02 -2.412675447332307765e+00 -2.578553588847726008e+00 5.275150086331186117e+01 -2.476169838360682718e+00
3.571439766412050076e-01 5.928934563168558602e-02 -1.784146426979612565e+00 -1.411002263319137251e+00 5.203811399266290039e+01 -3.918358005703276525e+00
3.358884584603570866e-01 5.214469634072617377e-02 -2.527335286930881608e+00 -2.319735744284903145e+00 5.297818259520603590e+01 -3.105963009187748369e+00
2.738768083636946571e-01 4.479183218551605061e-02 -2.660241501060798708e+00 -1.824221045798331664e+00 5.300206209090106313e+01 -3.825456197410660675e+00
4.117246305296926590e-01 6.469182168250858789e-02 -3.374362870517587432e+00 -3.513516291626281429e+00 5.385650258227781251e+01 -1.578424959204582478e+00
3.904121808391537440e-01 6.416304469935174559e-02 -1.699498320093140835e+00 -1.451706641447516599e+00 5.190311916751812760e+01 -3.667003024653626930e+00
4.012255871908195770e-01 6.627149219356076593e-02 -3.252776170270905265e+00 -3.352137603589570247e+00 5.369408302666499111e+01 -1.855441423861117656e+00
4.377355611379459277e-01 7.210393337019468940e-02 -2.858167931578377008e+00 -2.798574501690451299e+00 5.312914839675286771e+01 -2.109313802895322443e+00
4.767479650606789576e-01 7.862586240389657366e-02 -2.726910139848776726e+00 -3.178645960847447771e+00 5.312746288384654747e+01 -1.786562995793465003e+00
2.958229480501394781e-01 5.006403514507031666e-02 -2.379643240735138665e+00 -2.085348097988172000e+00 5.284122927200852615e+01 -3.753974393912815177e+00
3.070346663093665995e-01 5.164541434817788990e-02 -2.625267784667693505e+00 -2.051286768299797725e+00 5.297226240531070118e+01 -3.531715182482823234e+00
4.133384057066682993e-01 6.866182644881674291e-02 -1.507138400747859652e+00 -1.665292096954356760e+00 5.184425084129093619e+01 -3.582443750745580413e+00
2.979760343650713628e-01 4.978622600620183358e-02 -1.714072111478070815e+00 -1.116196100937316471e+00 5.200834848567540547e+01 -4.542636297777713494e+00
3.466767461991426824e-01 5.494539083668344148e-02 -3.961078452979638787e+00 -3.581632933110175276e+00 5.437309465474840664e+01 -1.625009808914007481e+00
3.975111631790352318e-01 5.826726450069267399e-02 -2.605727591219447525e+00 -2.570626128880777905e+00 5.302626400077148361e+01 -2.476063432273331699e+00
4.168234855359029822e-01 7.146989576342097084e-02 -1.813756750113518112e+00 -2.092883975253593487e+00 5.218418383261623461e+01 -3.226712705262406722e+00
2.828418291815126273e-01 4.441469379895748859e-02 -3.182259754948839614e+00 -2.701918829846488901e+00 5.371153138906551305e+01 -3.013869088219986558e+00
2.971335294997639598e-01 4.629182976121921228e-02 -1.935355176010163936e+00 -1.317270481564996931e+00 5.223614682694203992e+01 -4.205381881667836552e+00
3.463625415547466058e-01 5.628391946362600734e-02 -3.123087715498470640e+00 -2.969979821644730400e+00 5.356993972132264759e+01 -2.401538783715467140e+00
3.449284535863356704e-01 5.708632576420814148e-02 -2.906126706534294168e+00 -2.464743399612336461e+00 5.321855412955012810e+01 -2.844891825922523765e+00
3.838204231060768912e-01 6.174722983174028845e-02 -2.912909117145871196e+00 -2.984102246715970352e+00 5.335500281624067043e+01 -2.265720787453521456e+00
2.642442892443860325e-01 4.336125889200762029e-02 -3.206027081716547045e+00 -3.063373055847057103e+00 5.391395903244419685e+01 -3.095763004234547200e+00
4.159074746675021084e-01 6.817541048927291958e-02 -1.801578708698815090e+00 -1.868395090145781090e+00 5.210367014830463006e+01 -3.270506360442954730e+00
3.232781204367214944e-01 5.506525407539525352e-02 -3.648531620209334747e+00 -3.238845347643103612e+00 5.404299431045432556e+01 -2.183512519609001501e+00
4.014117997981361263e-01 7.022845796049491385e-02 -1.700157382419484886e+00 -2.474740775350223743e+00 5.226181716475846883e+01 -3.259476280849870289e+00
4.409359208289859722e-01 7.119857457751642416e-02 -3.106398209068283567e+00 -3.448243593358615300e+00 5.353671742663173916e+01 -1.620302454680989435e+00
4.008828259766534785e-01 6.545589873948473580e-02 -2.249668429788236779e+00 -2.570507188752755745e+00 5.271199723808508253e+01 -2.794121931296137173e+00
3.275438911859520630e-01 5.334288104458874413e-02 -3.709928831187893739e+00 -3.487282142931090956e+00 5.421076711417223493e+01 -2.009835713623902897e+00
3.184209159373320719e-01 5.128172938171805806e-02 -2.329288424908578126e+00 -1.772490196828447218e+00 5.263609603188965735e+01 -3.664065454609596095e+00
3.654998085733521807e-01 5.686770464737076619e-02 -3.264592939801278959e+00 -3.267295719923140496e+00 5.377683768541721321e+01 -2.048107195345528098e+00
4.054940560925049953e-01 6.502755886919532602e-02 -3.597418081836102122e+00 -3.541992279893660722e+00 5.398491287401448346e+01 -1.475533472548239411e+00
3.156692790100982249e-01 5.343905634463898269e-02 -3.070268760937255426e+00 -2.612090571264822803e+00 5.342976823298915434e+01 -2.880308453335922891e+00
5.015342862443136207e-01 8.302901438724605288e-02 -2.234127162351192908e+00 -2.659635518834132739e+00 5.252800057829261249e+01 -2.208070603775829088e+00
3.557050532859579173e-01 5.923428651710984510e-02 -1.433598801085736119e+00 -1.018601689786419406e+00 5.165168060905146064e+01 -4.317315270625615931e+00
3.772046744228710335e-01 6.082420587296877290e-02 -2.669517576511849732e+00 -2.502475088176124185e+00 5.303579981878865368e+01 -2.713489698536063255e+00
2.738768083636946571e-01 4.479183218551605061e-02 -2.660241501060798708e+00 -1.824221045798331664e+00 5.300206209090106313e+01 -3.825456197410660675e+00
4.194182173869793195e-01 6.597081543316087038e-02 -3.402875328835102575e+00 -3.563090819402500831e+00 5.388029833793836332e+01 -1.489611819806276882e+00
3.904121808391537440e-01 6.416304469935174559e-02 -1.699498320093140835e+00 -1.451706641447516599e+00 5.190311916751812760e+01 -3.667003024653626930e+00
4.030797420110723284e-01 6.623495467856155283e-02 -3.260766760019274457e+00 -3.369200994124056159e+00 5.370560597016294935e+01 -1.824590681205939591e+00
4.370262026096707886e-01 7.203805337576622836e-02 -2.848871640703673158e+00 -2.762765909609828263e+00 5.311171591017019011e+01 -2.136398133991216586e+00
4.621030702680296587e-01 7.580710464217443878e-02 -2.793986885890912486e+00 -3.186942237847684378e+00 5.320860370159913799e+01 -1.825587236435593397e+00
3.386197302930308850e-01 5.778608211753525487e-02 -1.668637042774838486e+00 -1.282897525765695157e+00 5.190569357866314704e+01 -4.177066906117136824e+00
3.071950266247823746e-01 5.265410858602642685e-02 -2.671591624121265163e+00 -2.115139391652669509e+00 5.302497596982709638e+01 -3.508385910255930273e+00
4.125103580605116727e-01 6.841981312173557594e-02 -1.555883905302975823e+00 -1.673220198920908119e+00 5.188096234894881320e+01 -3.559755764506129960e+00
3.117810830122438315e-01 5.405828114760545533e-02 -1.836920113939725319e+00 -1.282010571506334573e+00 5.209756084385982433e+01 -4.327638516175174033e+00
3.466767461991426824e-01 5.494539083668344148e-02 -3.961078452979638787e+00 -3.581632933110175276e+00 5.437309465474840664e+01 -1.625009808914007481e+00
3.868621750286618255e-01 5.903076385180505703e-02 -2.074679265328078337e+00 -1.970435381757645210e+00 5.243396122638511514e+01 -3.177280070082527885e+00
4.536081271339812426e-01 7.760338027064705990e-02 -1.480410382828190929e+00 -2.153127615512170578e+00 5.191405394376300109e+01 -3.152938623857150180e+00
2.958527896076490471e-01 4.753375351236775737e-02 -2.829186498054086840e+00 -2.370912648844330395e+00 5.329029495278960127e+01 -3.285200932460048850e+00
3.265010073165848792e-01 5.191607522265506702e-02 -2.302583902500170421e+00 -1.886751031515542465e+00 5.264252956231289460e+01 -3.547019034913360791e+00
3.464762697323850449e-01 5.579943133089442647e-02 -3.426403281169993154e+00 -3.191371182194294054e+00 5.386064626741902828e+01 -2.120469656435853167e+00
3.175595565564035549e-01 5.543997995759179093e-02 -2.879272451621060824e+00 -2.167455685697805556e+00 5.311036519449088189e+01 -3.231887720773517714e+00
3.465513004280237896e-01 5.529798108164312581e-02 -1.943743880075378794e+00 -1.575268645242169585e+00 5.224664236408986540e+01 -3.725646084164175420e+00
2.642442892443860325e-01 4.336125889200762029e-02 -3.206027081716547045e+00 -3.063373055847057103e+00 5.391395903244419685e+01 -3.095763004234547200e+00
3.724507096805392825e-01 5.963714500544359948e-02 -1.918046576645960677e+00 -1.553049884083905319e+00 5.215746848171948358e+01 -3.614705946156075100e+00
3.220505708208348250e-01 5.495343287453458014e-02 -3.442238070365893243e+00 -3.016653404057249244e+00 5.382164850025577607e+01 -2.426588958646314964e+00
3.649943262143187650e-01 6.239458229246303000e-02 -2.026540756176552716e+00 -2.355435495463962692e+00 5.253763311544721404e+01 -3.347149431359962790e+00
3.552419081537752099e-01 5.887762663619017234e-02 -3.114344664750816172e+00 -2.869132471271873097e+00 5.348906610585290622e+01 -2.456886724641570208e+00
3.897532323965369194e-01 6.441818133874666064e-02 -1.803753022519750893e+00 -2.122445305808001503e+00 5.225662728996529438e+01 -3.379026835082008073e+00
3.248466307097716554e-01 5.271606142617164814e-02 -3.212019348626953263e+00 -2.930016074928609271e+00 5.366717233303663903e+01 -2.561968407647750468e+00
3.116198443785389016e-01 4.993836348409889936e-02 -2.341165524925731933e+00 -1.752955988517592711e+00 5.265393282003959996e+01 -3.708353334415144698e+00
3.634187841854535916e-01 5.754805761551527038e-02 -2.850229239714301421e+00 -2.798350261647326587e+00 5.329945561093031614e+01 -2.531808387232077351e+00
3.752522472548643351e-01 6.150641266531384210e-02 -3.477883953384365068e+00 -3.278715005692969253e+00 5.385567383022479504e+01 -1.897357239496957559e+00
3.164088702757671401e-01 5.352454508026713298e-02 -2.792956758873602396e+00 -2.237608731194073997e+00 5.309781776931594521e+01 -3.212239030776181004e+00
5.015342862443136207e-01 8.302901438724605288e-02 -2.234127162351192908e+00 -2.659635518834132739e+00 5.252800057829261249e+01 -2.208070603775829088e+00
3.601205164175674822e-01 5.989688883043837314e-02 -1.453100620082857564e+00 -1.077097841870833683e+00 5.167927181959058203e+01 -4.247745084838444818e+00
3.531566522696094057e-01 5.823013156280941460e-02 -3.346878946220688267e+00 -3.102261861901026485e+00 5.376779670204938100e+01 -2.232487002864711467e+00
2.693888051856018762e-01 4.531339697580222953e-02 -2.036875361151964547e+00 -1.213986064352424732e+00 5.235689200566239521e+01 -4.568361020952745655e+00
4.280128369910831121e-01 6.716929148181491338e-02 -3.400103072172318885e+00 -3.606889881312781210e+00 5.388261390635924641e+01 -1.415278966017205597e+00
3.904121808391537440e-01 6.416304469935174559e-02 -1.699498320093140835e+00 -1.451706641447516599e+00 5.190311916751812760e+01 -3.667003024653626930e+00
3.648647769303394739e-01 5.985874633486519547e-02 -3.616561760405351489e+00 -3.574808613412434610e+00 5.410268933972540850e+01 -1.741468004779435530e+00
4.327025934897161807e-01 7.174824741629817759e-02 -2.688924703752626932e+00 -2.549263464458445316e+00 5.292417896301090963e+01 -2.365498173018401928e+00
4.636929657291214424e-01 7.606786839701122627e-02 -2.780537369095539724e+00 -3.180600425698853595e+00 5.319398494751479944e+01 -1.826962628578030490e+00
3.380991692686813321e-01 5.801353116826177964e-02 -1.533341935004914447e+00 -1.147407870490650739e+00 5.175895355841163337e+01 -4.329501335294420272e+00
3.257457572754727804e-01 5.411045987538946889e-02 -2.299175703713453700e+00 -1.832761532029651974e+00 5.262347523158118889e+01 -3.645241488492472204e+00
3.994671257450839730e-01 6.517275151393454868e-02 -1.743261477475177790e+00 -1.719101603052642258e+00 5.205510138110347640e+01 -3.490382250726941304e+00
3.117810830122438315e-01 5.405828114760545533e-02 -1.836920113939725319e+00 -1.282010571506334573e+00 5.209756084385982433e+01 -4.327638516175174033e+00
3.466767461991426824e-01 5.494539083668344148e-02 -3.961078452979638787e+00 -3.581632933110175276e+00 5.437309465474840664e+01 -1.625009808914007481e+00
3.860710008929797987e-01 6.001192704796463190e-02 -2.127975254087992596e+00 -1.985369646032424829e+00 5.246716822533590374e+01 -3.173095666156640959e+00
4.233809526606301388e-01 7.050112851430681560e-02 -2.159757598571293791e+00 -2.506989479918551922e+00 5.259417604663867962e+01 -2.760282819970234947e+00
2.826962054511522049e-01 4.543455555731433504e-02 -2.737001285243698234e+00 -2.230387021826077287e+00 5.320694313252885621e+01 -3.502354956623863202e+00
3.494760099386839958e-01 5.572407733858632251e-02 -2.213771862481681119e+00 -2.018622098167767831e+00 5.258302381540821813e+01 -3.379624477163805985e+00
3.448111788731350602e-01 5.562580865819198583e-02 -3.364158489695559417e+00 -3.121259651132253232e+00 5.379222083653425557e+01 -2.201611375012592298e+00
3.777217945279798816e-01 6.544585446449409372e-02 -2.400551554458670189e+00 -1.991013840538165658e+00 5.259036200622104218e+01 -3.218584329293986190e+00
3.412914439796915222e-01 5.533089594888074975e-02 -1.987087660857436155e+00 -1.596126230673264645e+00 5.228701383791359802e+01 -3.759927749807510988e+00
2.877242008894977943e-01 4.704850406198964052e-02 -2.836747285954731801e+00 -2.614267750821857916e+00 5.341842306617380842e+01 -3.298804741689777664e+00
3.577752156515721094e-01 5.676316464776158532e-02 -1.774039784504928052e+00 -1.276717740524468736e+00 5.197934822140808109e+01 -3.888074825103419396e+00
3.220505708208348250e-01 5.495343287453458014e-02 -3.442238070365893243e+00 -3.016653404057249244e+00 5.382164850025577607e+01 -2.426588958646314964e+00
3.582496002827744719e-01 5.975013633694575832e-02 -2.651070682202731010e+00 -2.757549720301280871e+00 5.313519030240922092e+01 -2.777029042426949701e+00
3.662683440015929159e-01 6.198058311603511783e-02 -2.775719890448621552e+00 -2.470122129851962445e+00 5.306904806606782188e+01 -2.804748499411807039e+00
4.140540949544028182e-01 6.662549755052468714e-02 -2.168447345505929214e+00 -2.886460412199653103e+00 5.277603522626545640e+01 -2.641802812802287015e+00
3.208932556642069556e-01 5.155699494659391618e-02 -2.639225650664278167e+00 -2.220657711125334721e+00 5.300772202956459012e+01 -3.201278244163423103e+00
3.208785343849874239e-01 5.059853504806362257e-02 -2.220771659847169399e+00 -1.687130391503439020e+00 5.253876256417309776e+01 -3.734900288315059047e+00
3.479222482958852503e-01 5.528956225361859877e-02 -3.394313485803678088e+00 -3.379196707026594915e+00 5.391600976341081264e+01 -2.037090982149717622e+00
3.348081218918055324e-01 5.480023796656802865e-02 -3.803449890155712332e+00 -3.359957129688006194e+00 5.417838775044075561e+01 -1.908786409040696075e+00
3.046007011633628525e-01 5.283739033259222950e-02 -3.484305621316513779e+00 -2.872610482553863864e+00 5.381619917923832475e+01 -2.625465909245348506e+00
4.715651675718153801e-01 7.811740128375231629e-02 -2.432144688068801130e+00 -2.611579847626025241e+00 5.270049549381694476e+01 -2.276614109189452506e+00
3.573553062324774099e-01 5.954528468589118800e-02 -1.554266460273434403e+00 -1.166524829672251018e+00 5.178570324902960920e+01 -4.166946132628858379e+00
3.678460959615608150e-01 6.012367102222943710e-02 -3.577337510733848980e+00 -3.467000306124643494e+00 5.404738458086130493e+01 -1.823503652235085148e+00
2.941090293345544060e-01 4.933933437982432335e-02 -1.846716871370617685e+00 -1.113145516730176698e+00 5.212228579869610456e+01 -4.530275985816597739e+00
4.100489296149876228e-01 6.485108151434507140e-02 -3.193808028811155886e+00 -3.272524626898808631e+00 5.364627188878361608e+01 -1.832183070613866871e+00
3.876753318011881277e-01 6.385786171338918293e-02 -1.686270944728225585e+00 -1.370886752311960777e+00 5.185718267874208465e+01 -3.720386496361932860e+00
3.515150832659076352e-01 5.737243056540557162e-02 -3.584437127362290809e+00 -3.408892192984533942e+00 5.404598308621654468e+01 -1.909952765396937036e+00
4.403745811141602240e-01 7.155320123974237556e-02 -2.457798597639498261e+00 -2.393361984813041854e+00 5.272277904494291079e+01 -2.510363680104530815e+00
4.639905275509706439e-01 7.611636384104168707e-02 -2.789511771877679180e+00 -3.191615749232297183e+00 5.320372957868121944e+01 -1.814892065937342425e+00
3.376630253926600211e-01 5.857143467402797093e-02 -1.412633906633141478e+00 -1.020137575639496141e+00 5.161844500080999865e+01 -4.469804055418111766e+00
3.257457572754727804e-01 5.411045987538946889e-02 -2.299175703713453700e+00 -1.832761532029651974e+00 5.262347523158118889e+01 -3.645241488492472204e+00
4.088128529250926180e-01 6.763132508198908821e-02 -1.423098686115717770e+00 -1.452821877541985440e+00 5.170535070439607495e+01 -3.756576050028731295e+00
3.035165594428544389e-01 5.257460051897160092e-02 -1.778053830783218991e+00 -1.208454012157864188e+00 5.205011261406156819e+01 -4.450784615281708767e+00
3.498647687373740989e-01 5.555700803837182455e-02 -3.897814024455412252e+00 -3.538531117899283096e+00 5.430742461746791605e+01 -1.664649310838322460e+00
3.694110849135374686e-01 5.710759159839513821e-02 -1.608440903860522075e+00 -1.327032049412803616e+00 5.189046201154172167e+01 -3.884970399254394025e+00
4.356575671316850751e-01 7.358286568788757753e-02 -2.066780511665473163e+00 -2.556017115186278943e+00 5.252000838769561852e+01 -2.733981449268101382e+00
2.785937925370938206e-01 4.440789350452666040e-02 -2.693093614609024744e+00 -2.053135598712259924e+00 5.311496290787020058e+01 -3.608719215014533965e+00
3.633300472363013567e-01 5.786158909312819065e-02 -2.214799319735029748e+00 -2.022421419469434767e+00 5.254414624081086771e+01 -3.257471954549780779e+00
3.649566908479611183e-01 5.757548999451320149e-02 -3.569201623608707408e+00 -3.477548084286715913e+00 5.403130499365035888e+01 -1.722887005624620826e+00
4.211373233234502189e-01 7.204227314172791108e-02 -3.037339741748611210e+00 -2.784279840876331846e+00 5.322778274575150448e+01 -2.147118163920615164e+00
3.317872698807159959e-01 5.358855113807729081e-02 -1.614583055048972593e+00 -1.144133117170667679e+00 5.188789502991183156e+01 -4.249819014687421515e+00
3.217386859557339052e-01 5.305199521058146656e-02 -3.049992311089964936e+00 -2.806886342383802191e+00 5.354069276247613374e+01 -2.828571800654365642e+00
3.601032307823249790e-01 5.677427374270925531e-02 -1.595554766613841879e+00 -1.084330472091282971e+00 5.178238344554904415e+01 -4.058232536189881223e+00
3.316444373756848862e-01 5.662088821869813715e-02 -3.686176162681489288e+00 -3.282208210834754336e+00 5.406833222557204977e+01 -2.096865599003287617e+00
3.656533308500677926e-01 6.178786624788461940e-02 -2.056247221526322555e+00 -2.354511303407668343e+00 5.255634494720284522e+01 -3.311820984081954133e+00
3.656981020031292440e-01 6.156294026613592929e-02 -2.674629008048015955e+00 -2.351543811814833518e+00 5.295866734058286340e+01 -2.913401110791239645e+00
4.125954602763551304e-01 6.777633423628882936e-02 -2.161612193535505710e+00 -2.296597792527428794e+00 5.251208046024525800e+01 -2.905504343754613306e+00
3.448291880542991850e-01 5.772298442342049807e-02 -2.332425858285457121e+00 -2.052625668439108431e+00 5.265427300018157553e+01 -3.345660223616087947e+00
3.108695313877518629e-01 4.732365164681223701e-02 -2.323674137611256185e+00 -1.734124610594327320e+00 5.265387385602295467e+01 -3.670538348176545895e+00
3.640281775824872890e-01 5.836999898032833867e-02 -2.789905194915607289e+00 -3.109020154028916849e+00 5.337686246202323304e+01 -2.443681344747473894e+00
3.326437194858680169e-01 5.490770092673089714e-02 -3.253585869073583048e+00 -3.023078936983988108e+00 5.368792724279256845e+01 -2.432386621475528532e+00
3.434739551858919659e-01 5.865717310565482512e-02 -3.002305756599640496e+00 -2.673561603737745873e+00 5.334576610283884435e+01 -2.745561756004650356e+00
4.745526943200976677e-01 7.874613980520266121e-02 -2.429687480630764451e+00 -2.632481400823553308e+00 5.269836110929275463e+01 -2.254224882989542156e+00
3.739668262711699498e-01 6.103808771193318383e-02 -1.972512066821166199e+00 -1.783713559432309026e+00 5.229081664873439195e+01 -3.503910291589260595e+00
3.724448576268387656e-01 6.104370868154349733e-02 -3.693001660061554503e+00 -3.621438395656328524e+00 5.417570948579777479e+01 -1.655723715923363315e+00
2.941949303497287116e-01 4.951836113339663087e-02 -1.834641860028270566e+00 -1.108558808553834929e+00 5.210907308488906864e+01 -4.539647388216845769e+00
4.083077787560880911e-01 6.412415555324103844e-02 -2.837150129323956715e+00 -3.059626226879284872e+00 5.333503627573744410e+01 -2.133218009371681045e+00
3.972802017640512662e-01 6.486698449067015981e-02 -2.111132279790045807e+00 -1.887597063218032112e+00 5.235461202266061775e+01 -3.199137979113011454e+00
3.515150832659076352e-01 5.737243056540557162e-02 -3.584437127362290809e+00 -3.408892192984533942e+00 5.404598308621654468e+01 -1.909952765396937036e+00
4.536950881570265826e-01 7.361991617192811810e-02 -2.564953433097791002e+00 -2.549694325636603143e+00 5.283657976529718070e+01 -2.297462994696130689e+00
4.547372905167733625e-01 7.488554244139510041e-02 -2.573798794192871497e+00 -3.037617237927551450e+00 5.301537271174487387e+01 -2.083038993468648847e+00
3.644745873954483573e-01 6.109622883987056441e-02 -2.180025038479834976e+00 -1.974898853457784265e+00 5.249377184579665112e+01 -3.376478050444841728e+00
3.083430684569806735e-01 5.108294960126100875e-02 -1.710868634485959161e+00 -1.099816473222498425e+00 5.199103190014575659e+01 -4.483129297300348703e+00
4.271769782054236630e-01 7.163887689576153850e-02 -1.897158187615768821e+00 -2.174184000291599972e+00 5.228796315073674350e+01 -3.082215280144672498e+00
2.953264933112894619e-01 5.187665740102337386e-02 -1.675579297523016820e+00 -1.048138695039398938e+00 5.193502371497876879e+01 -4.663095659840710283e+00
3.475956391857825123e-01 5.496506514456062087e-02 -3.919224194609187695e+00 -3.587311492242275968e+00 5.434938272730918385e+01 -1.642927455898830935e+00
3.885963808470120906e-01 6.227244421356439158e-02 -1.396268777282812845e+00 -1.310733809103151293e+00 5.164561930188345684e+01 -3.878940981898305829e+00
4.123696669002727133e-01 7.076347072707844799e-02 -1.874508457696990815e+00 -2.250641496271262199e+00 5.230169257363760238e+01 -3.147770049002371895e+00
2.936968762863961246e-01 4.670917879356734775e-02 -2.512857694893892102e+00 -1.978106599779042352e+00 5.292202145403656033e+01 -3.630621122552481594e+00
3.666383389285641781e-01 5.795372821794151502e-02 -2.567836817567905605e+00 -2.444022557365656212e+00 5.293711596573896827e+01 -2.814479032182202189e+00
3.411993985718163591e-01 5.562705003968498874e-02 -2.923195443810289618e+00 -2.649988604256448887e+00 5.331672121308567824e+01 -2.725412773065307714e+00
3.807601112637855056e-01 6.245132497981856906e-02 -2.871690847939474267e+00 -2.394557192158904169e+00 5.306703478323239409e+01 -2.594398861593164352e+00
3.048020020813745345e-01 4.870733832049537609e-02 -2.097634084351153394e+00 -1.485137934186361308e+00 5.242728498990775421e+01 -3.993913424877936880e+00
3.273903940465517914e-01 5.379983309807572639e-02 -3.013168434450284039e+00 -2.761320682302445206e+00 5.347564777451628970e+01 -2.798612737881701840e+00
3.602909350797215415e-01 5.756103177951638061e-02 -1.749447563599184186e+00 -1.296273867506590127e+00 5.196209553397611813e+01 -3.887766848071462000e+00
3.685693114826730232e-01 6.032919071637272979e-02 -3.605152849765218104e+00 -3.483174257806131102e+00 5.403101246553309522e+01 -1.727588982845116305e+00
3.966595473638703240e-01 6.716031840881181436e-02 -1.219880931025006054e+00 -2.071048895148432045e+00 5.183315488909687474e+01 -3.766057414681529991e+00
3.685730330270420851e-01 6.192521502831176833e-02 -2.835883023749577792e+00 -2.452482861801811076e+00 5.309957394011981080e+01 -2.745705558796950996e+00
4.436812864958521452e-01 7.443971843581789760e-02 -2.604245009824079471e+00 -2.779510533822833196e+00 5.290747696340714867e+01 -2.248810274633463280e+00
3.926284126677138109e-01 6.521449331219006385e-02 -2.084408383943393783e+00 -1.783375295140964045e+00 5.228274944446533112e+01 -3.301266870440547674e+00
3.336243419782739528e-01 5.164007366951022665e-02 -2.422730707728236510e+00 -1.886323297601181004e+00 5.272227358457930535e+01 -3.392675660866894205e+00
3.672331566566756633e-01 5.844310410648390769e-02 -2.330740969122721218e+00 -2.826694665894273317e+00 5.296227722419531148e+01 -2.839711744744473076e+00
3.484445480611945145e-01 5.723560019004721167e-02 -3.160502260392215934e+00 -2.907161867468809557e+00 5.354768441518454836e+01 -2.427889231455736763e+00
3.282488476167958469e-01 5.560968275692512036e-02 -2.714653077022746164e+00 -2.225392697164263023e+00 5.302439793577834592e+01 -3.225728940437000869e+00
4.745526943200976677e-01 7.874613980520266121e-02 -2.429687480630764451e+00 -2.632481400823553308e+00 5.269836110929275463e+01 -2.254224882989542156e+00
3.852589231654692803e-01 6.356045875767021847e-02 -1.862426849054557465e+00 -1.679094440729715254e+00 5.215499577954165744e+01 -3.566272136863043229e+00
3.449126945904116837e-01 5.691297053451770810e-02 -3.844745631600547497e+00 -3.656128382275027899e+00 5.434690301263083967e+01 -1.752237221004993017e+00
2.918167584377985291e-01 4.919250144239289274e-02 -1.762044113080746488e+00 -1.013119631150937394e+00 5.202871208222688892e+01 -4.648751526478468676e+00
4.055004873304511870e-01 6.538257484921680684e-02 -2.321275441690385577e+00 -2.404688377589961235e+00 5.271391523544873792e+01 -2.802183187719775148e+00
4.553194241629161532e-01 7.424325531984457549e-02 -1.873759647083414359e+00 -1.871342935126259599e+00 5.208152735620220852e+01 -3.052287948217033975e+00
3.534278899532772300e-01 5.775811645207709621e-02 -3.560405469762637942e+00 -3.397678151837178806e+00 5.402581288962705486e+01 -1.932049157507655934e+00
4.257315784969344374e-01 6.928082596621983058e-02 -2.877305965924005449e+00 -2.872791190289465835e+00 5.323259763811410039e+01 -2.147290267155123278e+00
4.414357814443456984e-01 7.231859320069305985e-02 -2.328658380333847866e+00 -2.682354030789700694e+00 5.273034531414832315e+01 -2.450828290918733554e+00
3.409921703473352550e-01 5.666203285041307436e-02 -1.352425105634953661e+00 -1.107027784117514679e+00 5.165967277286222270e+01 -4.404327006457229743e+00
3.145791240528341137e-01 5.196473962059610513e-02 -1.932522375830059147e+00 -1.382578967246926638e+00 5.223247593538177114e+01 -4.160942262258721769e+00
4.668779672859219021e-01 7.902029671146634793e-02 -1.624139255348163280e+00 -2.079523599675834333e+00 5.198678930762797279e+01 -3.043659628786932636e+00
3.052278500787957705e-01 5.274302394230997310e-02 -1.686837703449512782e+00 -1.085957458693552757e+00 5.193914978350089484e+01 -4.544926289513195883e+00
3.329658532323427345e-01 5.322315896117835177e-02 -3.270270903599455714e+00 -2.919341843641257039e+00 5.369268899891945068e+01 -2.453172301862915461e+00
3.615346084003955851e-01 5.850871528173474251e-02 -1.953091478276446136e+00 -1.728150256636894477e+00 5.225593753248762852e+01 -3.580685179590955336e+00
3.872369640163441096e-01 6.790747622956662399e-02 -2.178786614187017356e+00 -2.788041309058018946e+00 5.277980474319205939e+01 -2.927607617659679473e+00
3.062174935124839514e-01 4.886416439628789993e-02 -2.389269840424480762e+00 -1.912120328613662545e+00 5.277973688307053379e+01 -3.644086189024756450e+00
3.846257444801501890e-01 6.046772547907017237e-02 -2.700222317227826352e+00 -2.641703253465531809e+00 5.307947728734686166e+01 -2.535673992975075564e+00
3.597128668324079959e-01 5.917075205883579048e-02 -3.407179250649875257e+00 -3.331209560024717575e+00 5.386974168774442973e+01 -2.017602031898751314e+00
4.141647810076100056e-01 6.691800900371135119e-02 -2.773340510179630680e+00 -2.425029125208743697e+00 5.296437378337027013e+01 -2.409183280793558701e+00
3.318753170832596799e-01 5.313811132260812947e-02 -2.212825483729520926e+00 -1.739780687106867507e+00 5.253996155986592242e+01 -3.631323500879271027e+00
2.821394971374606708e-01 4.589627376095775646e-02 -2.878992728879905982e+00 -2.323967311905127620e+00 5.331712904336280445e+01 -3.399968372711970499e+00
3.900610511984616280e-01 6.372775252265476531e-02 -1.403549015404298217e+00 -1.032524429193558912e+00 5.154538699400585955e+01 -4.018619417668188198e+00
3.723381355879096244e-01 6.108307379914110213e-02 -3.807212517927104134e+00 -3.726126182982211432e+00 5.424911211288526403e+01 -1.467205791862267628e+00
4.056747946442277875e-01 6.780481478115840677e-02 -2.000855222246122445e+00 -2.442478692210574565e+00 5.248583702176747323e+01 -3.036819240178168844e+00
3.646016479209117089e-01 6.103434831434600971e-02 -3.343362591677575324e+00 -2.896129339150046889e+00 5.359879381748643823e+01 -2.228763193739563331e+00
4.327730607096720306e-01 7.164876716380741417e-02 -2.606094955200908725e+00 -2.800647968765987095e+00 5.295957058429969067e+01 -2.293441633391374523e+00
3.952587256166155694e-01 6.578175406402114733e-02 -2.095516852833722687e+00 -1.788046937524508939e+00 5.228501754002074620e+01 -3.277630084462221927e+00
3.321642713131829350e-01 5.298060600511821094e-02 -2.312469042252455420e+00 -1.828921633001447944e+00 5.262500835456295789e+01 -3.525849379519895077e+00
3.184734677684169513e-01 5.090100021851767104e-02 -2.198981067702227232e+00 -2.097176305462745916e+00 5.269909838353317610e+01 -3.599168692820200910e+00
3.379555218580450604e-01 5.482654909510825680e-02 -3.244668059521497838e+00 -2.958822482846048985e+00 5.365115925952703435e+01 -2.418433046034546674e+00
3.110879378373049842e-01 5.412558604686141389e-02 -2.718087283491373185e+00 -2.097688919949196595e+00 5.300669825473911345e+01 -3.436640035749906730e+00
4.088495767484798815e-01 6.749575319938552753e-02 -2.308525210175723430e+00 -2.264192967803050127e+00 5.260670358691444903e+01 -2.871718416191595402e+00
3.701854343915188528e-01 6.110646518237246305e-02 -1.662714063652301233e+00 -1.419843531031309780e+00 5.195801713328587823e+01 -3.902157117860353797e+00
3.319869690924097672e-01 5.421528320034206538e-02 -3.358997695068913991e+00 -3.078005566183678265e+00 5.381825008556728562e+01 -2.373245725144028206e+00
3.146113851123336080e-01 5.261407348185071636e-02 -1.691219215226753114e+00 -1.173397965609463967e+00 5.198431430602710179e+01 -4.411309534058299953e+00
4.643290805727422477e-01 7.486253388890010130e-02 -2.048806592482632194e+00 -2.421826501774185125e+00 5.241912960006094124e+01 -2.570069759874594517e+00
4.684879040701760422e-01 7.680929501015539007e-02 -1.719810141063426778e+00 -1.727843906373988991e+00 5.189563402492137101e+01 -3.148520320332079958e+00
3.534278899532772300e-01 5.775811645207709621e-02 -3.560405469762637942e+00 -3.397678151837178806e+00 5.402581288962705486e+01 -1.932049157507655934e+00
4.348537134284046202e-01 7.061663801273071472e-02 -2.841019801339910167e+00 -2.838099035696597383e+00 5.318281490660545074e+01 -2.130845695451573096e+00
4.642019679949602184e-01 7.586636025948775841e-02 -1.970958954689038034e+00 -2.430841930874946488e+00 5.235199645598893170e+01 -2.645216848434068790e+00
3.424137841336665211e-01 5.678733380672867925e-02 -1.604834730896433470e+00 -1.368887993707565531e+00 5.193016274183652570e+01 -4.121703693526566070e+00
3.116918769527899924e-01 5.152350586296583490e-02 -1.893263333260070125e+00 -1.262643431562481044e+00 5.216832839234484709e+01 -4.270396125021523659e+00
4.667517302946151969e-01 7.919366389288448604e-02 -1.616637591378209171e+00 -2.107099208122261480e+00 5.199393689798253604e+01 -3.035437381592839490e+00
3.052278500787957705e-01 5.274302394230997310e-02 -1.686837703449512782e+00 -1.085957458693552757e+00 5.193914978350089484e+01 -4.544926289513195883e+00
3.414917802823493886e-01 5.362673420040723476e-02 -2.729361051418697670e+00 -2.316237092427971600e+00 5.306744957927563888e+01 -2.963540163209040568e+00
3.505427681652429905e-01 5.646221832716836336e-02 -1.462987782992650310e+00 -1.129438097068645508e+00 5.170625724932722989e+01 -4.203556847221025627e+00
3.846767146116051861e-01 6.764454530508688668e-02 -2.035879091581479283e+00 -2.618870074091462108e+00 5.262062263697330877e+01 -3.111641181615078189e+00
2.909392066267369459e-01 4.599904733942959678e-02 -2.184866132110367509e+00 -1.622310491808330424e+00 5.256677286542904426e+01 -4.002392008714995342e+00
4.096056481403001492e-01 6.451547883956634810e-02 -2.721863859494912496e+00 -2.855937212572330797e+00 5.312192554599864991e+01 -2.255426308400398039e+00
3.551452200112263924e-01 5.852088080833613842e-02 -3.460348208103517287e+00 -3.407223640433100442e+00 5.394568760981263722e+01 -1.984754612779677352e+00
4.216353852159329119e-01 6.658626606590170582e-02 -2.174241460566334716e+00 -1.894377707756926155e+00 5.236140848147633875e+01 -2.939546019000825794e+00
2.830362581585596504e-01 4.403234978249608023e-02 -2.746021426585320224e+00 -2.078310945381649066e+00 5.317349434105566530e+01 -3.481586441069741689e+00
2.874496241824973097e-01 4.689697402893942824e-02 -2.707924599664539134e+00 -2.151424350416424325e+00 5.312170432263646802e+01 -3.543119228723294878e+00
3.918825131811026208e-01 6.432610778257587258e-02 -1.557702428413222595e+00 -1.323837955190826365e+00 5.176155741629143847e+01 -3.815301270085643015e+00
3.876779014529279088e-01 6.419964753311883932e-02 -3.229329397011686531e+00 -3.364117743953093154e+00 5.369230093973244777e+01 -1.914642739051442222e+00
3.619252941749790398e-01 6.160663390415913043e-02 -1.812298158958897565e+00 -2.230857944670222359e+00 5.236487189139360510e+01 -3.565065617612520832e+00
3.773276608487975414e-01 6.275109787087880531e-02 -3.246339045460869155e+00 -2.891270809436139899e+00 5.352255919282840324e+01 -2.211802181233637921e+00
4.148103386536479142e-01 6.817863134398841063e-02 -3.286181088296447950e+00 -3.257242445500068584e+00 5.362803882103257536e+01 -1.757282827384301749e+00
3.768150958755452362e-01 6.307960115997324202e-02 -1.848598208585526592e+00 -1.466525041471401281e+00 5.201877669204134946e+01 -3.684713234707662544e+00
3.405450568189100635e-01 5.509275440715254851e-02 -2.131726295906187563e+00 -1.730800666779961583e+00 5.243883563820870819e+01 -3.643634121266838832e+00
3.118492943402261797e-01 5.075546690415995432e-02 -1.910125590110290261e+00 -1.639588107516806392e+00 5.233018338757178611e+01 -4.046561238554414963e+00
3.559176082036306088e-01 5.767351297748059963e-02 -2.981577755651939388e+00 -2.774712611545337104e+00 5.336745828125754798e+01 -2.549045645256973192e+00
3.220048844512287678e-01 5.505628242042471393e-02 -2.946450549228053717e+00 -2.359219023031861706e+00 5.325354724234762926e+01 -3.090147988004204205e+00
4.165664034330744947e-01 7.007539746456674379e-02 -2.323766688589077756e+00 -2.234792653682633912e+00 5.259501997264128903e+01 -2.873936160758960856e+00
3.717575389772788119e-01 6.139556415187251426e-02 -1.668419012897470743e+00 -1.437490997647707047e+00 5.196532590312741462e+01 -3.881035092655348517e+00
3.404775769250212858e-01 5.581130793930581119e-02 -3.635402654597423400e+00 -3.398796979250967354e+00 5.410759877668408535e+01 -2.005168693311682127e+00
3.161266069173673254e-01 5.313948331959838373e-02 -1.592414183216725565e+00 -1.095100744472818688e+00 5.188310167162226350e+01 -4.502472860614675554e+00
4.070311637350570444e-01 6.683437556893929987e-02 -2.619630375246050136e+00 -2.709533702213619222e+00 5.300949001385846771e+01 -2.483777593344778101e+00
4.239092420960792196e-01 6.878523220046038611e-02 -2.371436385435645278e+00 -2.257105487700210578e+00 5.263283436744372779e+01 -2.742365837654545224e+00
3.534278899532772300e-01 5.775811645207709621e-02 -3.560405469762637942e+00 -3.397678151837178806e+00 5.402581288962705486e+01 -1.932049157507655934e+00
4.524684339442098246e-01 7.351614778058188082e-02 -2.973499759289316202e+00 -3.044917285444732169e+00 5.332177337927912930e+01 -1.848291089349824112e+00
4.393629077586714837e-01 7.164833646051391169e-02 -2.068489946606301366e+00 -2.380334344332673435e+00 5.245260323852101436e+01 -2.772382771011187241e+00
3.522897163236184959e-01 5.797418907371921365e-02 -1.621602446985135781e+00 -1.378954660688843870e+00 5.192198476369267723e+01 -4.035395694584861026e+00
3.172812937380942722e-01 5.241395494722794757e-02 -1.932121398111154686e+00 -1.343875418400137800e+00 5.221384147851007640e+01 -4.169426438640536858e+00
4.377331933231887739e-01 7.341884386240057903e-02 -1.851882614737359489e+00 -2.094170388623568524e+00 5.219494490536580145e+01 -3.056696021472927516e+00
3.104854574149871205e-01 5.337645314406795627e-02 -1.789776458463810282e+00 -1.219605259332710689e+00 5.205285352867353765e+01 -4.384641764112680917e+00
3.322050227785090515e-01 5.282583442868282048e-02 -2.799442228970460800e+00 -2.317439862164600406e+00 5.313239729067788630e+01 -3.005686288892430724e+00
3.737740182860733729e-01 6.055609794584551620e-02 -1.658079274563692529e+00 -1.400853890961132109e+00 5.190419422518901627e+01 -3.847639533913222110e+00
3.237230487206379514e-01 5.634489909635271437e-02 -1.896242102368969729e+00 -2.065143867281053147e+00 5.245162932973708791e+01 -3.838154712291467874e+00
3.032513047943335427e-01 4.818928848749635258e-02 -2.312791945662389992e+00 -1.835949296452338286e+00 5.270350494428889476e+01 -3.743931101785385351e+00
4.244526275468718524e-01 6.569202232226223348e-02 -2.611869374751314865e+00 -2.805894630948511548e+00 5.299424733022325995e+01 -2.212762971903983189e+00
3.600095293691109588e-01 5.925940773683454482e-02 -3.185135988926027117e+00 -3.109942363898197115e+00 5.363282837641839507e+01 -2.250199147267196054e+00
4.057246482525468934e-01 6.455366327511082025e-02 -2.124294863915228149e+00 -1.798155722923326261e+00 5.232276692917381666e+01 -3.141134968221144241e+00
3.161698951817653036e-01 4.996666203015666385e-02 -3.256781524221703084e+00 -2.743505288230454031e+00 5.366535226931230085e+01 -2.636120834364156451e+00
2.996673815583703604e-01 4.820283577444512552e-02 -2.941411280151578378e+00 -2.403298758052603734e+00 5.335297507598507849e+01 -3.157277245447135172e+00
4.053706149700462835e-01 6.616551145258640909e-02 -1.313576185266326357e+00 -1.147848398091757316e+00 5.149927211158704665e+01 -3.932703940536896425e+00
3.877765502445396639e-01 6.421991797844363303e-02 -3.230098923912717357e+00 -3.365948460805276987e+00 5.369330991453853841e+01 -1.912672257242570950e+00
3.622689164286396757e-01 6.104085302687566050e-02 -2.279926505325413189e+00 -2.562842873577444891e+00 5.280825406587197790e+01 -3.100795797247431818e+00
3.931543458182309436e-01 6.590982782041024390e-02 -3.304976975149206631e+00 -2.965991400557524305e+00 5.354479978844501176e+01 -2.041246482145187002e+00
4.159846694000111644e-01 6.591324594614868249e-02 -3.622481014582572989e+00 -3.643630581684683900e+00 5.402684059848986209e+01 -1.310791090506080003e+00
4.022759094708384109e-01 6.645596664431274725e-02 -1.747050030714891067e+00 -1.349285045970275210e+00 5.184915930748613988e+01 -3.608166871433985179e+00
3.312115022902993311e-01 5.288812417656817144e-02 -2.082408122550932106e+00 -1.506459670584091581e+00 5.233107672286166689e+01 -3.826141775648247201e+00
3.119334943590672538e-01 5.076729200001674214e-02 -1.907685106840565359e+00 -1.628902295955507062e+00 5.232456982651923028e+01 -4.053185742245704049e+00
3.441932274711205220e-01 5.545236881702181320e-02 -3.365531385568688805e+00 -3.207085297733406115e+00 5.382721784627494088e+01 -2.197806749944582361e+00
3.079704046313800903e-01 5.281609136781584279e-02 -3.028006220678467031e+00 -2.384629194093119686e+00 5.334682174325984505e+01 -3.125016524807106233e+00
4.394667534817003340e-01 7.392396542331441944e-02 -2.199039594849683699e+00 -2.047175312846113648e+00 5.239111107061137318e+01 -2.890238943364447977e+00
3.705158130551056694e-01 6.122392529089350222e-02 -1.677971828763924922e+00 -1.440787288323754689e+00 5.197473391087113725e+01 -3.883149347649027305e+00
3.458993807271604215e-01 5.711244720311914325e-02 -3.298152815567949148e+00 -3.190807050600553474e+00 5.378431474486948360e+01 -2.277766676416813851e+00
3.270782214744871741e-01 5.538083205223774674e-02 -1.686711353460213170e+00 -1.322209375983032231e+00 5.199902614726200767e+01 -4.258232191823032586e+00
4.624912350038282161e-01 7.723467730243634144e-02 -2.111232721584143768e+00 -2.590135858020913950e+00 5.248954827237128029e+01 -2.513111088958506212e+00
4.387421249758900466e-01 7.045106873253516311e-02 -2.224684792297858760e+00 -2.173788933244797494e+00 5.247430412246066567e+01 -2.750697096488861959e+00
3.668165268699428716e-01 5.960756072821725426e-02 -3.118721001421704830e+00 -2.918586848675793100e+00 5.350810642007031959e+01 -2.300314554892215035e+00
4.325407641515464086e-01 7.050207578257992880e-02 -2.544011724543314035e+00 -2.450006650736652247e+00 5.281486612603757180e+01 -2.485467629655380595e+00
4.433053502831021953e-01 7.231000789284591779e-02 -2.043854639524833594e+00 -2.379686249983050228e+00 5.242719323208510218e+01 -2.761520402081355297e+00
3.608871771819028851e-01 5.936778579682097656e-02 -1.965754674460593598e+00 -1.850154236234674565e+00 5.232097992426526645e+01 -3.561630940087487041e+00
3.210682135730844045e-01 5.165798975299280144e-02 -2.131385692346182914e+00 -1.510112792413154992e+00 5.241384658914078187e+01 -3.913376051362452035e+00
4.318047221545108783e-01 7.242023156976272469e-02 -2.045127359795247735e+00 -2.210112500696412408e+00 5.237445999389168350e+01 -2.921652976304875082e+00
3.208026846479702376e-01 5.435227625535514473e-02 -2.060423667240190770e+00 -1.572755960894279159e+00 5.235138828255446697e+01 -3.967794620900825908e+00
3.294323086487102037e-01 5.218144420818154883e-02 -2.700024298649034815e+00 -2.176309451053803024e+00 5.301567479344932110e+01 -3.145954275303167513e+00
4.028589602792608804e-01 6.654839419994354466e-02 -1.427910819010566712e+00 -1.021003733464449947e+00 5.150632638555765652e+01 -3.975342945798289840e+00
3.412042356488842465e-01 5.763006515085456610e-02 -2.002260456277859202e+00 -1.927792807177401535e+00 5.242547353675907829e+01 -3.671257085740369686e+00
2.991682870557919038e-01 4.756669805081020080e-02 -2.252401726288987938e+00 -1.782868957880895833e+00 5.265482098096001096e+01 -3.837187647765976983e+00
3.716348053419373243e-01 5.791296321408499759e-02 -3.031669194972055337e+00 -2.859913423944671518e+00 5.342602276512588588e+01 -2.312418283098899963e+00
3.663652649503915670e-01 6.014158117334057752e-02 -3.132610667276824135e+00 -3.052810482082412680e+00 5.356328163765255823e+01 -2.265852695130829098e+00
3.807417008494941024e-01 6.156713013590857375e-02 -2.184855526556839234e+00 -1.736518476172890235e+00 5.236848743002542506e+01 -3.288215926198715611e+00
3.107097094434188578e-01 4.856330832465782787e-02 -3.510630611863658324e+00 -2.899920720484836956e+00 5.391413605719388613e+01 -2.432544692008481668e+00
3.162806285432935849e-01 5.106271518936582321e-02 -3.017478700552606252e+00 -2.573112951044326469e+00 5.342341157955966935e+01 -2.914021508186617204e+00
3.899570793910384081e-01 6.350418120091354257e-02 -1.448677626726297296e+00 -1.244877968253332412e+00 5.166761769474120314e+01 -3.918358900238582354e+00
3.855947967969370338e-01 6.447569883434617344e-02 -3.150832771885589967e+00 -3.289780191100811102e+00 5.361101475361127910e+01 -2.022845783968789668e+00
3.715858059729310603e-01 6.320400570551096275e-02 -2.157328723914954338e+00 -2.640202449055445655e+00 5.273354528519678297e+01 -3.091084544404402390e+00
3.878304099626549983e-01 6.484256593817570857e-02 -2.644176785707442967e+00 -2.333671727633838344e+00 5.289043579742683221e+01 -2.770514536452618248e+00
4.007594449541179715e-01 6.450549101089685100e-02 -2.982350211955796304e+00 -2.903043187611356934e+00 5.334626189959708142e+01 -2.182588088872034149e+00
3.963056023923403060e-01 6.561386602175239835e-02 -1.994122835173497421e+00 -1.827288605688674794e+00 5.223466106068373449e+01 -3.305628478794797598e+00
3.332579574934852462e-01 5.291033893016333645e-02 -2.073986758865303592e+00 -1.509921938089133553e+00 5.232445084904932031e+01 -3.805650395994543356e+00
3.091697372963068680e-01 5.115781628079578425e-02 -1.877625790665976790e+00 -1.733123050553495803e+00 5.235618472245644739e+01 -4.071152574453332562e+00
3.575840693241072454e-01 5.833600198284757954e-02 -3.380265474549085436e+00 -3.455386463991100054e+00 5.388207691674696775e+01 -2.005757035214677853e+00
3.035811128718505780e-01 5.144173792618334656e-02 -2.939259474241926018e+00 -2.344184893128405722e+00 5.329171370759309667e+01 -3.219146177825810806e+00
3.995879567228360907e-01 6.601932245841862779e-02 -3.249868416006449490e+00 -2.893707723603325732e+00 5.349851938970227394e+01 -2.061341399964402132e+00
3.336801499631821821e-01 5.533505199637650529e-02 -1.591761409422697948e+00 -1.042427589216667005e+00 5.183424965218797809e+01 -4.340063727030379681e+00
3.240284658624841829e-01 5.318283720215858518e-02 -3.555065144826472068e+00 -3.458125365058148493e+00 5.410996927648477595e+01 -2.134604285371298094e+00
3.481941745090371687e-01 5.874402416513284375e-02 -1.565526288318465298e+00 -1.339093367865638928e+00 5.188363878459387024e+01 -4.189566445029871744e+00
4.654053305337075841e-01 7.756140165705577294e-02 -2.218065129598844276e+00 -2.712511782133931515e+00 5.260798484141107423e+01 -2.378308022083782447e+00
4.321746507406996618e-01 6.928658997294900868e-02 -2.560256575792580147e+00 -2.646683322898287116e+00 5.289251223146565906e+01 -2.383774536951724254e+00
3.731584804081201079e-01 6.067617533510339528e-02 -3.169025743040581489e+00 -3.081396464427020643e+00 5.359327413489467773e+01 -2.152596359494538092e+00
4.104140114462245803e-01 6.724501133210240844e-02 -2.732275940534020009e+00 -2.694287391773600771e+00 5.306801967760637950e+01 -2.400821056650140672e+00
4.876692797832094528e-01 7.900445897794304562e-02 -1.532398802427786588e+00 -2.292909589270976767e+00 5.197561501410382334e+01 -2.850305583106109708e+00
3.448833760022715911e-01 5.642404515038475232e-02 -2.013525566861737559e+00 -1.807987476300700447e+00 5.236938535112459903e+01 -3.646678302857470300e+00
3.056096394777083614e-01 4.856525898890495102e-02 -1.828930992218303020e+00 -1.060555836530334473e+00 5.208076517766466651e+01 -4.414550459234715341e+00
4.683218258242933252e-01 7.797279851886219915e-02 -1.639357107641551847e+00 -1.817041974812483085e+00 5.187109502670087124e+01 -3.094485785419569979e+00
3.093019923360256218e-01 5.265029128178146112e-02 -2.172567902843995480e+00 -1.469392363052520301e+00 5.240201384771116722e+01 -4.045524093815137334e+00
3.295175207434609677e-01 5.222169833284642793e-02 -2.655888713126205225e+00 -2.132097736367176033e+00 5.296693062873917057e+01 -3.192975140289123548e+00
3.975656898165081388e-01 6.553918178881934509e-02 -1.476264680292223019e+00 -1.056868921777470938e+00 5.156725843705164181e+01 -3.964320054419714356e+00
3.859449245790290139e-01 6.389978333586465720e-02 -1.925311225682801997e+00 -2.016787715453121077e+00 5.231818440823561644e+01 -3.360764882744954551e+00
3.172140714335230371e-01 4.992745721276735382e-02 -2.897199993466051282e+00 -2.596679592599389075e+00 5.336798284348140697e+01 -2.969889012856182120e+00
3.642857746326587098e-01 5.778022497560290210e-02 -2.804283990813114080e+00 -2.657460399324012457e+00 5.320803876422960599e+01 -2.616071060351442767e+00
3.674659353661740013e-01 6.087563318623389480e-02 -3.040035002473523651e+00 -2.862035061966450744e+00 5.341620552425116131e+01 -2.405807677765632313e+00
4.045903664285047663e-01 6.612841761455079403e-02 -1.596576447600526638e+00 -1.181652545372452900e+00 5.168346886614390456e+01 -3.731413572263847289e+00
3.308368447848323290e-01 5.201515803757178480e-02 -3.449518241968546395e+00 -2.941750435061352587e+00 5.384398922208324478e+01 -2.322843435652664379e+00
3.188869694907995878e-01 5.152242481474996610e-02 -3.033756248143120171e+00 -2.619233320862837555e+00 5.344460339533850401e+01 -2.865312410868883219e+00
3.895581144878494939e-01 6.348023569096478136e-02 -1.467775813562487652e+00 -1.254232317695666010e+00 5.168817597416990850e+01 -3.915415946683059367e+00
3.821542680517997503e-01 6.365000589321359592e-02 -2.894773957764233963e+00 -2.917495049758881187e+00 5.330195542983709345e+01 -2.371726613823188501e+00
3.686726558441436596e-01 6.407761017798771497e-02 -1.948236595986742703e+00 -2.906739259591430091e+00 5.270479388769788898e+01 -3.165625541714586433e+00
3.587366220404213379e-01 6.005998633838258854e-02 -2.455917337600665107e+00 -2.142175278327761667e+00 5.275064744408779660e+01 -3.153600300563063730e+00
4.247313886268830885e-01 6.765334725423795270e-02 -3.632254257513714890e+00 -3.593576065421860477e+00 5.401109250982386101e+01 -1.305997236884083534e+00
4.270780650905092735e-01 6.884943179819577597e-02 -2.600981013539408249e+00 -2.367909440484873951e+00 5.280420305161511152e+01 -2.421750880928425165e+00
3.196187331406488696e-01 5.031209772924565005e-02 -1.929843131042392468e+00 -1.233093542972198531e+00 5.215305626572758513e+01 -4.112745330862198401e+00
3.062853807432260878e-01 5.066347512027639249e-02 -1.687910859731080127e+00 -1.542128935298745063e+00 5.215511452545086968e+01 -4.282721873539770741e+00
3.517047482970974692e-01 5.727677011647960836e-02 -3.660249921583824229e+00 -3.808089892364359130e+00 5.422247234829207230e+01 -1.717749180612474280e+00
3.330091614673211797e-01 5.543333150996167247e-02 -2.381041344282176730e+00 -1.926123214548621565e+00 5.268253577503820395e+01 -3.499042747022520050e+00
3.831305176939008295e-01 6.312667228816080944e-02 -2.966850881813718921e+00 -2.657025485774378915e+00 5.326137183850282497e+01 -2.436799867644039885e+00
3.073554271723477616e-01 5.074320363365435183e-02 -1.788624505063910464e+00 -1.187464444813711051e+00 5.206853927455638598e+01 -4.323068098807617332e+00
3.211355376298007935e-01 5.247299778694086703e-02 -3.662947294925907205e+00 -3.497565641031429529e+00 5.420492564850996331e+01 -2.063682731969764816e+00
3.352923310050065497e-01 5.667883238980153671e-02 -1.557596776118305826e+00 -1.287761155321044626e+00 5.188498599815807211e+01 -4.307179327158937809e+00
4.344509460876906926e-01 7.192524251135709590e-02 -1.910880976038733525e+00 -2.048418737313906668e+00 5.219727747426871645e+01 -3.036631156545397392e+00
4.455405200605320193e-01 7.128184335671482186e-02 -2.377029261239554714e+00 -2.453071761170217080e+00 5.267097126757508363e+01 -2.495021058213430898e+00
3.731584804081201079e-01 6.067617533510339528e-02 -3.169025743040581489e+00 -3.081396464427020643e+00 5.359327413489467773e+01 -2.152596359494538092e+00
4.451683212075927543e-01 7.189412942823049379e-02 -2.698240748465125627e+00 -3.189687297062924642e+00 5.318567150968991797e+01 -1.967636447214154760e+00
4.418154817974471182e-01 7.149599041710152925e-02 -2.202086845105510449e+00 -2.773519808629846928e+00 5.269000356199743607e+01 -2.512227345486194530e+00
3.286839367088101316e-01 5.373742603824403774e-02 -2.010801254868238352e+00 -1.776419397588562710e+00 5.239251803769383287e+01 -3.770589081413784349e+00
3.151403368920706605e-01 5.097711372282309056e-02 -1.701491564334742357e+00 -1.007583687478561085e+00 5.194808323686375218e+01 -4.440713677046636221e+00
4.585672630082708867e-01 7.621667163907662468e-02 -1.638287091051553901e+00 -1.774054101454533017e+00 5.187290929272343476e+01 -3.173701854407514844e+00
2.914437167047841948e-01 4.988223202656783678e-02 -2.595121992122936039e+00 -1.594193359769626284e+00 5.275726992820875694e+01 -3.865737622506581594e+00
3.316932137196957897e-01 5.270269174069036611e-02 -2.601772105549919445e+00 -2.056083894640438725e+00 5.289756001004882080e+01 -3.250176188093001350e+00
3.998853677504522475e-01 6.576074525057455655e-02 -1.502649349288883718e+00 -1.085233408156582202e+00 5.159139156480052435e+01 -3.904179422138802202e+00
3.789246438390001526e-01 6.010573448777024874e-02 -1.615451175609921908e+00 -1.858091736349596568e+00 5.210542898727363337e+01 -3.651590068218514062e+00
3.183906443503041195e-01 5.025041199762683708e-02 -2.890260127727136474e+00 -2.592309320590020061e+00 5.335752759167083070e+01 -2.968757771822069014e+00
3.823167616268310920e-01 6.056094794159828931e-02 -2.999591645703370446e+00 -3.019690162465209937e+00 5.343858151157269987e+01 -2.187438054604776028e+00
3.390885933722158074e-01 5.554598922625918200e-02 -3.342310738821335114e+00 -2.974488931371401357e+00 5.372488553774688569e+01 -2.337000155139343338e+00
3.857793728514942178e-01 6.350525998526948546e-02 -1.653346818615098801e+00 -1.258341101446095678e+00 5.180112128221658452e+01 -3.821970814140633887e+00
3.079382641763582229e-01 4.717995041165678333e-02 -3.655931301607814987e+00 -3.035319429644818712e+00 5.408493890650009916e+01 -2.270418196030222546e+00
2.848481681539687949e-01 4.780201668600086995e-02 -3.964911268850055848e+00 -3.101167510386249049e+00 5.431044490895499166e+01 -2.354056332821097275e+00
3.967316425879319208e-01 6.530987907743214527e-02 -1.239958412078282946e+00 -1.057895579014773935e+00 5.143379447000142335e+01 -4.090877138462930773e+00
3.712002099735854377e-01 6.241006725736446270e-02 -3.405815883920852549e+00 -3.588519003011866548e+00 5.393743369013321143e+01 -1.853342185119419394e+00
3.679823118520147429e-01 6.396781692660805096e-02 -1.915952443405745331e+00 -2.858887611307794785e+00 5.266724501372338096e+01 -3.212154360873082481e+00
3.732322232253126870e-01 6.420372139861491023e-02 -2.512767614793267157e+00 -2.319647319333937308e+00 5.281589484122151390e+01 -2.960881055879828416e+00
4.263556951490677371e-01 6.873501675285295653e-02 -3.481387096661136660e+00 -3.423147760162353670e+00 5.383080755813556806e+01 -1.480482249161507502e+00
4.285502187469953927e-01 6.925935970951456466e-02 -2.527138020642962335e+00 -2.316069578633850323e+00 5.273240329776407975e+01 -2.488935082207092808e+00
3.066968202220416995e-01 4.785317754221127262e-02 -1.942310602522332452e+00 -1.155294602554952199e+00 5.216096913086944653e+01 -4.221155658663663601e+00
3.069935446364722154e-01 5.054449857532414270e-02 -1.806588198033682424e+00 -1.647332333227157664e+00 5.227574524582703219e+01 -4.156066419002002910e+00
3.207887981558151802e-01 5.094759464255134429e-02 -3.904499714915271369e+00 -3.831131073736647075e+00 5.448306603413917770e+01 -1.759306469062033695e+00
3.004185094329750449e-01 5.212783359214980677e-02 -2.018230754157535944e+00 -1.076871909632491242e+00 5.214835573132018709e+01 -4.374394541982464801e+00
3.622090342765528770e-01 5.986841215379606201e-02 -2.827916152003139949e+00 -2.679368336578777043e+00 5.324363496468554757e+01 -2.673303625458334665e+00
3.213326827177263589e-01 5.338110351139443988e-02 -1.584168301854200545e+00 -1.176566260400336184e+00 5.189978181908349342e+01 -4.376529499920301269e+00
3.212978600177736066e-01 5.318709900585437411e-02 -3.549867104826426978e+00 -3.341410540028582066e+00 5.407471719237990726e+01 -2.206173234333149047e+00
3.515488228763151701e-01 5.886000564100297983e-02 -1.272354982144369817e+00 -1.285619152428098655e+00 5.167378554117498624e+01 -4.350661411636838949e+00
3.999841444621116682e-01 6.546291966564049547e-02 -2.212372070554001091e+00 -2.184351049340528927e+00 5.253729259668850915e+01 -3.010623254290220707e+00
4.617359970621980336e-01 7.362725067119184341e-02 -2.040392234259287285e+00 -2.147487103754738058e+00 5.228552649444490896e+01 -2.718842868851250039e+00
3.846478674679077447e-01 6.275722695139450413e-02 -3.264236804473008569e+00 -3.233394281315096208e+00 5.369100181031883778e+01 -1.957967382707810122e+00
4.447847257947854516e-01 7.131028559767592367e-02 -3.479278589376570530e+00 -3.928469629599174340e+00 5.399142418814707867e+01 -1.162922122682145343e+00
4.557419092880531375e-01 7.308141668629286603e-02 -2.631110616639011468e+00 -3.019013732046227361e+00 5.304379258938747910e+01 -2.007388312340373737e+00
3.423281236744684652e-01 5.598327097071351816e-02 -2.566298152767223506e+00 -2.355246503192779173e+00 5.296875899962824263e+01 -3.083008234014466442e+00
3.150985681637619162e-01 5.097709178555741988e-02 -1.702583320631353203e+00 -1.008349847224753182e+00 5.194906109751020296e+01 -4.440105693120623975e+00
4.157214318855487201e-01 6.765850410949100779e-02 -1.716718839622225268e+00 -1.712652900396839373e+00 5.200187966005336904e+01 -3.407425682772068143e+00
3.001734373444266968e-01 5.096925298908792229e-02 -2.092698275276446029e+00 -1.282120079248566302e+00 5.229847796180853692e+01 -4.222856090386405192e+00
3.264075538358242601e-01 5.246374449007254470e-02 -2.601013069581656900e+00 -2.284062693756371498e+00 5.300202858691086760e+01 -3.210491925493709875e+00
3.955121033086086424e-01 6.502980122014596909e-02 -1.851208347664783815e+00 -1.457516371990781767e+00 5.198907416603899634e+01 -3.556922283481303459e+00
3.522898385796789378e-01 5.526494343769029760e-02 -1.356575347406350218e+00 -1.139143353974929829e+00 5.168225907239369121e+01 -4.271232212768046210e+00
3.139466922538750593e-01 4.937632057592131196e-02 -2.971828419864186444e+00 -2.680277902219063257e+00 5.346016486107222931e+01 -2.912492607417828339e+00
3.688633266860331661e-01 5.836169667136865968e-02 -3.210385993432181451e+00 -3.165075114347204455e+00 5.366987146240292361e+01 -2.083981540309070901e+00
3.552419591060764770e-01 6.096875679183823282e-02 -3.751343149671826360e+00 -3.539371797571785994e+00 5.413967959958499421e+01 -1.754309022719588995e+00
3.639935359854971075e-01 5.898227906359750777e-02 -2.187225732083257768e+00 -1.840885917930335403e+00 5.246101021000538367e+01 -3.380792173558879732e+00
3.224604202291210808e-01 5.007264748033600499e-02 -2.688151690147417394e+00 -2.120012093997122538e+00 5.301888045836964380e+01 -3.198518558567108983e+00
2.976715622177138476e-01 4.849579479953074201e-02 -3.527270766301905613e+00 -2.915686168297133563e+00 5.393573600340690177e+01 -2.600152952156739250e+00
3.918380019973699002e-01 6.437784229798092228e-02 -1.383942998707196059e+00 -1.203496692788613931e+00 5.159961899634510729e+01 -3.972850987740011774e+00
3.712002099735854377e-01 6.241006725736446270e-02 -3.405815883920852549e+00 -3.588519003011866548e+00 5.393743369013321143e+01 -1.853342185119419394e+00
3.056640187858696289e-01 5.152599768509828759e-02 -2.598034238261110129e+00 -3.178763887932345433e+00 5.341201478227109334e+01 -3.054751315949031376e+00
3.850487854068197491e-01 6.761276597454511650e-02 -1.712213975812207023e+00 -1.273281084945371955e+00 5.181931106436531564e+01 -3.846555419450478741e+00
4.120004523925218654e-01 6.724004886350909427e-02 -3.366721447649926091e+00 -3.377438282008045078e+00 5.375813862008619282e+01 -1.679027493074890298e+00
4.145188354004292197e-01 6.663948061773446174e-02 -2.232945246574585596e+00 -1.874840656009598261e+00 5.239252526883239369e+01 -2.963610477087243567e+00
3.435345169743129201e-01 5.548020402000659879e-02 -1.775041548753849341e+00 -1.434563282129774242e+00 5.207043841655374194e+01 -3.968629348190190864e+00
3.069935446364722154e-01 5.054449857532414270e-02 -1.806588198033682424e+00 -1.647332333227157664e+00 5.227574524582703219e+01 -4.156066419002002910e+00
3.333532626330685811e-01 5.380448408081821288e-02 -3.780208506754714648e+00 -3.770662806047705651e+00 5.434707344919262795e+01 -1.782743789529611433e+00
3.144141026059842914e-01 5.257168969886301391e-02 -2.547352260174645444e+00 -1.891821960180422479e+00 5.281081128089481069e+01 -3.521090390880377008e+00
3.698054074999652108e-01 6.030572054702838108e-02 -2.505587897409500275e+00 -2.360396037778665246e+00 5.288812661198120679e+01 -2.933208656953724791e+00
3.234639995313975391e-01 5.367140659129088914e-02 -1.563854214697372846e+00 -1.151847580214850009e+00 5.186967857886605060e+01 -4.383645773181270577e+00
3.188654128197422888e-01 5.122326877604014422e-02 -3.359371474223520337e+00 -2.984638577917050561e+00 5.381270566788300869e+01 -2.464226668829330169e+00
3.484823349074189225e-01 6.054522820008186035e-02 -1.250412310701846996e+00 -1.357416956775237438e+00 5.168814538197959507e+01 -4.406720296477342202e+00
3.919716782496372454e-01 6.634493557310401635e-02 -3.064445511538892220e+00 -3.148992782620297248e+00 5.348724002493044338e+01 -2.138282069247854356e+00
4.462157273792183299e-01 7.173658556528819674e-02 -2.449151011577873405e+00 -2.641817757936297362e+00 5.278562103823576734e+01 -2.352410181803005873e+00
3.745427817246274049e-01 6.045156007065732862e-02 -3.263049269523943696e+00 -3.150785633653889750e+00 5.368142204874089174e+01 -2.049425272103306828e+00
4.717118387225697762e-01 7.602472215824603030e-02 -2.283217581554859876e+00 -2.524773865148828289e+00 5.255063488971151742e+01 -2.360009744571476720e+00
4.514871375559101341e-01 7.038955118964750068e-02 -2.937488798408960378e+00 -3.385300985216223690e+00 5.342280086746110612e+01 -1.661644877626460293e+00
3.485540872902661569e-01 5.775349024583090185e-02 -2.270865098458658693e+00 -2.026015539544626431e+00 5.262172839851969286e+01 -3.376063899074224217e+00
3.019536716970102064e-01 4.868134906903617831e-02 -1.790961874254975994e+00 -1.019258411208481041e+00 5.204846079898754141e+01 -4.478827290927725358e+00
4.157214318855487201e-01 6.765850410949100779e-02 -1.716718839622225268e+00 -1.712652900396839373e+00 5.200187966005336904e+01 -3.407425682772068143e+00
2.992188583757944831e-01 5.105107455117886828e-02 -2.022596785474628511e+00 -1.128554965621186623e+00 5.218511818544301661e+01 -4.349067461050816874e+00
3.218150827511546130e-01 5.015082756523286250e-02 -3.539678452927348395e+00 -3.439982721920473274e+00 5.411214070910676099e+01 -2.117460855143453724e+00
4.123468882876520358e-01 6.840687431309393218e-02 -1.898213848449653796e+00 -1.498095845284711736e+00 5.200632499358035687e+01 -3.417390327074421474e+00
3.718849330045549961e-01 5.854404896188811908e-02 -1.527864189520394600e+00 -1.377676772683299689e+00 5.184226490217237426e+01 -3.912675216745029605e+00
3.429762262834038511e-01 5.469781880812187025e-02 -2.871792840672008573e+00 -2.667491144167358996e+00 5.331619658489466218e+01 -2.766757626128615755e+00
3.828904221808019925e-01 6.119126379281317196e-02 -3.778226540188951876e+00 -3.811459427808216560e+00 5.425291266465499973e+01 -1.357741902281583979e+00
3.434183370595418894e-01 5.898760494460564968e-02 -3.131916736968892945e+00 -2.650408874671467352e+00 5.342420452119326768e+01 -2.647182891665267768e+00
3.707827878402754074e-01 5.866491820464512369e-02 -1.761775837895643848e+00 -1.485318659412107500e+00 5.204282326342735843e+01 -3.681320183922464295e+00
3.213285629310138058e-01 5.015725553023896860e-02 -2.815617164463632083e+00 -2.244040763929378013e+00 5.314530196762690650e+01 -3.073270309081137075e+00
2.871126313164075738e-01 4.655625494542405679e-02 -3.636514195814849693e+00 -2.933500271591664710e+00 5.403511080753227702e+01 -2.600080186580457475e+00
3.965979705209350392e-01 6.524457532741553822e-02 -1.295402947536640204e+00 -1.124887111213654034e+00 5.149759576869186617e+01 -4.028311484219994298e+00
3.651251194890640095e-01 6.140658771383208231e-02 -2.877139479803412669e+00 -2.942580305343285296e+00 5.333445974115274879e+01 -2.500208380830897248e+00
3.028617066314842621e-01 5.168903733991228600e-02 -2.864006982652003597e+00 -3.823434597969197490e+00 5.384655094588638491e+01 -2.643264211077231529e+00
3.856708530208169949e-01 6.778317510545039948e-02 -1.701442020502384578e+00 -1.263804059696447490e+00 5.180636610018714805e+01 -3.854104602501898569e+00
4.449704200036731505e-01 7.060694872280123824e-02 -3.528502862938688533e+00 -3.745663813106658857e+00 5.396314046904766570e+01 -1.225450738628222513e+00
3.675997736005184868e-01 5.961637515342041449e-02 -2.046902757712758536e+00 -1.775566550533740351e+00 5.234156787008969758e+01 -3.483943076374886871e+00
3.485769124646975192e-01 5.560568653734861144e-02 -1.385667349789158509e+00 -1.188239375637079043e+00 5.170140239670416804e+01 -4.243524115949645292e+00
3.130830218009617028e-01 5.169933800953485648e-02 -1.758386567430026082e+00 -1.610796631314016292e+00 5.221429729377373974e+01 -4.162212533654475521e+00
3.287246686149001285e-01 5.305281641499752510e-02 -3.832699016781315748e+00 -3.858545491726919074e+00 5.442538715184122111e+01 -1.754196259096154842e+00
3.144141026059842914e-01 5.257168969886301391e-02 -2.547352260174645444e+00 -1.891821960180422479e+00 5.281081128089481069e+01 -3.521090390880377008e+00
3.724396627826250805e-01 6.120077244868235566e-02 -2.138145256703883668e+00 -1.896469262070783035e+00 5.243390108541722583e+01 -3.342769473048444961e+00
3.234639995313975391e-01 5.367140659129088914e-02 -1.563854214697372846e+00 -1.151847580214850009e+00 5.186967857886605060e+01 -4.383645773181270577e+00
3.361473644671156280e-01 5.376845856456278355e-02 -3.228918167877440570e+00 -3.038656982354690506e+00 5.371575848703995604e+01 -2.360444015065480627e+00
3.725658893394696025e-01 6.297997167279618946e-02 -1.287546275088155667e+00 -1.253910767614748956e+00 5.161406507452623771e+01 -4.222248644124091399e+00
3.927028421449478279e-01 6.783325266061356051e-02 -3.173897773068766082e+00 -3.266134619902963721e+00 5.358791449274117014e+01 -2.014310943923226294e+00
4.332521986331701602e-01 7.149041944600727227e-02 -2.032034149585405736e+00 -1.986017797340914992e+00 5.225828370952405777e+01 -3.000783832103354865e+00
3.611170719981966482e-01 5.840789304445891811e-02 -3.326780579862224307e+00 -3.163958158804477172e+00 5.375455427108810369e+01 -2.076631024415464655e+00
4.717118387225697762e-01 7.602472215824603030e-02 -2.283217581554859876e+00 -2.524773865148828289e+00 5.255063488971151742e+01 -2.360009744571476720e+00
4.672053271645382200e-01 7.240892311687509297e-02 -3.014595626696482178e+00 -3.576380534076109896e+00 5.351869881862043599e+01 -1.419611984735267063e+00
3.679871421651044194e-01 6.022594259190787447e-02 -2.356580940058373042e+00 -2.342007804847546559e+00 5.277115477885716643e+01 -3.012916913577574185e+00
3.019536716970102064e-01 4.868134906903617831e-02 -1.790961874254975994e+00 -1.019258411208481041e+00 5.204846079898754141e+01 -4.478827290927725358e+00
4.305309536795008385e-01 6.973542673204805031e-02 -1.716279555904291154e+00 -1.797500359019569283e+00 5.200337185155910902e+01 -3.256306283470124185e+00
2.992188583757944831e-01 5.105107455117886828e-02 -2.022596785474628511e+00 -1.128554965621186623e+00 5.218511818544301661e+01 -4.349067461050816874e+00
3.151600334593063213e-01 4.965844302121229237e-02 -2.953728391433178224e+00 -2.628860110045315501e+00 5.342065451575422230e+01 -2.908694165980207913e+00
4.116910090554489199e-01 6.707436282865233967e-02 -2.520397209275484496e+00 -2.297555102424584383e+00 5.276384040885846360e+01 -2.683028222971190146e+00
4.133525787509936267e-01 6.309219713178465527e-02 -1.425501182054147442e+00 -1.507399481702960564e+00 5.174604543129211010e+01 -3.586259841061377962e+00
3.714941908890410094e-01 6.156771357999771266e-02 -2.428984327002621679e+00 -2.347971239828233969e+00 5.282177451737702967e+01 -3.028018302285897967e+00
3.814829233976334000e-01 6.110009671991311481e-02 -3.643963180031110305e+00 -3.672681160939194278e+00 5.411297216705888502e+01 -1.514060297418515777e+00
3.198866787010121726e-01 5.516144841314979397e-02 -3.927480729032886142e+00 -3.214208035886532144e+00 5.422421187886985194e+01 -2.090239113932089499e+00
3.769999646508531144e-01 5.877272718003829360e-02 -2.209014546176953697e+00 -1.906652458210290391e+00 5.249062764499267786e+01 -3.156533968211140184e+00
3.266641879909737423e-01 5.201879697974744199e-02 -3.932678162567710523e+00 -3.502465029619836301e+00 5.437510380667984577e+01 -1.826186592610843373e+00
2.932123974522466980e-01 4.744523524774429263e-02 -3.553013994508272155e+00 -2.904454638773986019e+00 5.395661230358872018e+01 -2.618279756478615106e+00
3.924116699148345599e-01 6.377136889118545371e-02 -2.117368041989841299e+00 -1.887719113731184617e+00 5.234843863878335668e+01 -3.175419370288508070e+00
3.523313333834185990e-01 5.932332157414336310e-02 -2.971005174139109251e+00 -3.217758341618885964e+00 5.353662122671804013e+01 -2.414508854699485951e+00
2.928528520760491083e-01 5.024707444864424943e-02 -2.735787582430722065e+00 -3.652510694026047222e+00 5.371568588323571447e+01 -2.880198131479701384e+00
3.770731760430535706e-01 6.541647342030432188e-02 -2.024987623524546088e+00 -1.759501433678350324e+00 5.224917515855192107e+01 -3.486300165819575803e+00
4.410016916926200459e-01 7.018888925237265486e-02 -3.405668728493557396e+00 -3.609082707406796153e+00 5.383437999042136823e+01 -1.389714999178511601e+00
3.599394175302073617e-01 5.760495277641553696e-02 -2.094687046957926846e+00 -1.648973330981928331e+00 5.234169582061849013e+01 -3.561509105404256470e+00
3.838003137061548053e-01 6.047398223335576778e-02 -1.325019478915735238e+00 -1.328649806648507958e+00 5.164710831971525806e+01 -3.968196271347143256e+00
3.010849348525166391e-01 4.842739379067083350e-02 -2.372210955489665096e+00 -1.938106597468280068e+00 5.276857083948750216e+01 -3.658768793685491794e+00
3.148452292856543933e-01 5.111575757319132551e-02 -3.818921190334509497e+00 -3.769556179281345454e+00 5.440641213317570646e+01 -1.896030926049966148e+00
3.070987814287543527e-01 5.173855863420831480e-02 -2.676221623965914453e+00 -1.951196656043417299e+00 5.293349935941854056e+01 -3.473952450013124249e+00
4.061812645146328782e-01 6.638593723979709094e-02 -2.530272434644718960e+00 -2.406401678859209969e+00 5.281913733224672569e+01 -2.629298554566747548e+00
3.225302042734748409e-01 5.356694709263864346e-02 -1.599604126489704736e+00 -1.228130488614322058e+00 5.192599116464629816e+01 -4.337782994583903928e+00
3.347754916218600441e-01 5.356568022001645391e-02 -3.432361265311262954e+00 -3.242891091876014098e+00 5.393808679870056011e+01 -2.152604883960578253e+00
3.728739224373575634e-01 6.292145120971943950e-02 -1.291260921968052644e+00 -1.257742747465548705e+00 5.161734073868579742e+01 -4.212922589669783946e+00
3.874805221170845582e-01 6.657099142977430939e-02 -3.236353464802978142e+00 -3.282491632260543746e+00 5.365055043993598360e+01 -1.999255624362676897e+00
4.387285208339980480e-01 7.027687297187285020e-02 -2.118716409538722534e+00 -2.109318520358783644e+00 5.237329937096588139e+01 -2.816951661502904436e+00
3.571973874447371688e-01 5.780769214325492261e-02 -3.334498140208009609e+00 -3.151330993877792697e+00 5.376274560859204144e+01 -2.106378145487284748e+00
4.316133825283681169e-01 6.963737064585073799e-02 -2.661583271115970817e+00 -2.756523559626228081e+00 5.298714115492921906e+01 -2.257264835991271923e+00
4.735782667624614528e-01 7.371336605355649496e-02 -3.264196579229666995e+00 -3.876714812156761170e+00 5.378908490970643896e+01 -1.104380388851462058e+00
3.687315219713007686e-01 6.095498279789030721e-02 -1.989644454654166061e+00 -1.962238110968286708e+00 5.237249318567812395e+01 -3.431085104956290710e+00
2.815234305347003030e-01 4.595114628020074282e-02 -2.109478044359315518e+00 -1.166973456891164940e+00 5.236101285435285746e+01 -4.380610187717006276e+00
4.334030039004754808e-01 7.021024012172795425e-02 -1.087538635214386762e+00 -1.104123486175085933e+00 5.131294331048786717e+01 -3.945072541529765608e+00
3.116795222810627708e-01 5.263963573962252007e-02 -2.247787498855151611e+00 -1.502406188845256008e+00 5.245874630055237731e+01 -3.939845290180538306e+00
2.976929864966208483e-01 4.630324495462521256e-02 -3.270925855620476774e+00 -2.930141564405940535e+00 5.379737712320162046e+01 -2.700246709809065226e+00
3.806607199079815596e-01 5.926097212159746330e-02 -2.180653897729641244e+00 -1.751525641574751324e+00 5.240486213519378822e+01 -3.289095150508273946e+00
4.206033272230308984e-01 6.287020888227981552e-02 -1.189393395195310399e+00 -1.380191821710449185e+00 5.154150565565990405e+01 -3.724737050995984067e+00
3.349206102537705121e-01 5.428810276408083113e-02 -2.708535241857430886e+00 -2.453479415577690226e+00 5.312900271165899824e+01 -3.044269225558703607e+00
3.804795516925301158e-01 6.143067171964691070e-02 -3.477675478618713178e+00 -3.550792238244337096e+00 5.395405867671442479e+01 -1.696046692592685590e+00
3.315167668911063181e-01 5.587288201460389320e-02 -3.979056819304189307e+00 -3.440614155757656611e+00 5.433535758343732169e+01 -1.868695151810757071e+00
3.648538667672654445e-01 5.704675249102401924e-02 -1.831178934613200804e+00 -1.550593396066611840e+00 5.211966478049505724e+01 -3.648647638309810759e+00
3.243792209968031637e-01 5.131908698985544748e-02 -3.991005686376708717e+00 -3.480133438334642726e+00 5.440738068852401454e+01 -1.817342174404882549e+00
2.862173868593610448e-01 4.595608963856616380e-02 -3.496746690242924949e+00 -2.824360188782160996e+00 5.390735371646725582e+01 -2.732023296494565656e+00
3.889944589116772211e-01 6.472205246968815162e-02 -2.344146904887767668e+00 -2.021172033331031237e+00 5.253883545805798150e+01 -3.012551367931722623e+00
3.688742123047333843e-01 6.188659029798880551e-02 -2.862684070155580685e+00 -3.060534564688982773e+00 5.335884263136074424e+01 -2.437263544262045833e+00
2.917320141260514865e-01 5.116035358122965337e-02 -2.611864725549315480e+00 -3.819790910654687899e+00 5.369676850739859475e+01 -2.921869780454411369e+00
3.749734530556378398e-01 6.461763075807094858e-02 -2.227587916681112112e+00 -2.085431705394789059e+00 5.252240337112100832e+01 -3.231023051574869687e+00
4.410016916926200459e-01 7.018888925237265486e-02 -3.405668728493557396e+00 -3.609082707406796153e+00 5.383437999042136823e+01 -1.389714999178511601e+00
4.391612120360031679e-01 7.152132527961307940e-02 -2.365903198625168624e+00 -2.376023045365362130e+00 5.259241119991308011e+01 -2.541616680471494139e+00
3.838003137061548053e-01 6.047398223335576778e-02 -1.325019478915735238e+00 -1.328649806648507958e+00 5.164710831971525806e+01 -3.968196271347143256e+00
3.307541619616389261e-01 5.294858018012069817e-02 -2.580910820654651605e+00 -2.272711462960652629e+00 5.298058898162874897e+01 -3.191768037050774609e+00
3.176958496186290670e-01 5.202835427623275777e-02 -3.419082075580415214e+00 -3.359047239277222374e+00 5.397352285174132192e+01 -2.318674453417768788e+00
3.112708248562593982e-01 5.249953057063843492e-02 -2.485290618997928469e+00 -1.752407885314468672e+00 5.271629420324915571e+01 -3.658005779214086317e+00
4.556957494579582102e-01 7.553680161171744123e-02 -2.153728042845385104e+00 -2.049552338597040002e+00 5.229055280238159753e+01 -2.704981811157421312e+00
3.519332743167216115e-01 5.764652494721021064e-02 -1.631020892440649739e+00 -1.395620687384435454e+00 5.194053504846919367e+01 -4.012386518802687263e+00
3.375316300703526395e-01 5.395405973845764092e-02 -3.313888102642500222e+00 -3.135273893452818150e+00 5.380928971995250265e+01 -2.254676059678953237e+00
3.072318949204245753e-01 5.017235286062340927e-02 -1.673665660835792934e+00 -1.527685706800084864e+00 5.216705872911283848e+01 -4.317665274381284668e+00
4.112497046683644131e-01 6.948788777158565466e-02 -3.410934385848673145e+00 -3.663124088389414723e+00 5.388210487991977971e+01 -1.563558890232641829e+00
4.778386401680537188e-01 7.668033218065604950e-02 -2.031860810111045801e+00 -2.293138820531000377e+00 5.231577329710074764e+01 -2.553622092723085490e+00
3.427671805012119099e-01 5.461438130092816784e-02 -3.197952574335511056e+00 -2.931552205147212042e+00 5.362870449156025643e+01 -2.386135975147415600e+00
4.820326874970592979e-01 7.439783426899372609e-02 -2.869952864400974413e+00 -3.152647862112016863e+00 5.319745519701535841e+01 -1.569576901374671873e+00
4.703447557466090556e-01 7.319944885351714614e-02 -3.270047633101769602e+00 -3.863441743334746992e+00 5.379500681291349906e+01 -1.128922249759746421e+00
3.802166894412133957e-01 6.256889933782006086e-02 -1.985884526276426199e+00 -2.051052561581372835e+00 5.237718337214141684e+01 -3.295744065382482546e+00
2.647011310673732520e-01 4.305360338736879955e-02 -2.270553540796177217e+00 -1.183579104023779971e+00 5.252113070217128410e+01 -4.405941389320365609e+00
4.334030039004754808e-01 7.021024012172795425e-02 -1.087538635214386762e+00 -1.104123486175085933e+00 5.131294331048786717e+01 -3.945072541529765608e+00
3.189104268644571416e-01 5.363433366716457290e-02 -2.159580810306541920e+00 -1.430580181414341734e+00 5.235564375720849739e+01 -3.963465208202688217e+00
2.641345928909986096e-01 4.042549231065476617e-02 -3.643185923315748198e+00 -3.016980522091705197e+00 5.417266336603996280e+01 -2.694026283692630308e+00
4.055242056324235289e-01 6.452742711881194471e-02 -2.046748605600943627e+00 -1.653528581347432302e+00 5.220578921682179185e+01 -3.246312391024519073e+00
4.151722244275825591e-01 6.235928737890245044e-02 -1.224447121845700037e+00 -1.378460409987405377e+00 5.157344974135856575e+01 -3.748347153683279309e+00
3.396325779390054755e-01 5.435834779036056996e-02 -2.566405898389835905e+00 -2.534427920183140781e+00 5.306714763572681903e+01 -3.035112028061261569e+00
3.796190953028513171e-01 6.129274419299284710e-02 -3.491326479673075855e+00 -3.564043871801037433e+00 5.397022691846646580e+01 -1.686706528566470631e+00
3.315167668911063181e-01 5.587288201460389320e-02 -3.979056819304189307e+00 -3.440614155757656611e+00 5.433535758343732169e+01 -1.868695151810757071e+00
3.683180191702831729e-01 5.867327891366253684e-02 -1.649254504116505426e+00 -1.380630496634363880e+00 5.191228231216233269e+01 -3.831662168486310804e+00
3.493955779170491160e-01 5.720984389838279505e-02 -3.806008596748531758e+00 -3.539793282255890183e+00 5.423619894219513782e+01 -1.753441001088767326e+00
2.983696771278568916e-01 4.802808243421646806e-02 -3.271542961086601586e+00 -2.712597106891846632e+00 5.369166512657159274e+01 -2.830315114320597569e+00
3.861470384084836893e-01 6.368052671066146142e-02 -2.692560340182531764e+00 -2.489762382458791556e+00 5.297356775885391045e+01 -2.609874955882167669e+00
3.725408460356319784e-01 6.192402618307122492e-02 -2.732941677805371672e+00 -2.927320425448266761e+00 5.321744602504386279e+01 -2.541096585161866983e+00
3.076236238708016657e-01 5.081775620046146552e-02 -2.327771631768879246e+00 -2.854401250488849406e+00 5.310126969592437263e+01 -3.334242897355463420e+00
3.811503107344250130e-01 6.847980505855714994e-02 -2.280412587559374593e+00 -2.201468222994751756e+00 5.256488334247310945e+01 -3.171606143661451327e+00
4.410016916926200459e-01 7.018888925237265486e-02 -3.405668728493557396e+00 -3.609082707406796153e+00 5.383437999042136823e+01 -1.389714999178511601e+00
4.293091539271579604e-01 7.082444413528657390e-02 -2.319272986486013099e+00 -2.294060511437858718e+00 5.254516906588934688e+01 -2.694090793417701413e+00
3.737704166881072876e-01 5.877988851167900014e-02 -1.576937415116467456e+00 -1.508742908830843721e+00 5.191243111713625069e+01 -3.808078487624061648e+00
3.044822460945073583e-01 4.890043613673616951e-02 -3.163441216528142697e+00 -2.811263246083294032e+00 5.364840718359234017e+01 -2.826668992542629599e+00
3.143519018162982959e-01 5.167317931225349353e-02 -3.549060647916916444e+00 -3.484748935517986812e+00 5.411168709243456476e+01 -2.209463552947667608e+00
3.016883604964332721e-01 5.017819919557395258e-02 -2.244976232781843883e+00 -1.527036581869673615e+00 5.249400548283993118e+01 -3.949820000562132449e+00
4.337586704114686498e-01 7.168618119334779770e-02 -2.083970949258088456e+00 -1.945717071590401748e+00 5.225780296987807816e+01 -2.943471199015966100e+00
3.362077335594961802e-01 5.547739770016796301e-02 -2.107907668537985391e+00 -1.741746637113499308e+00 5.242457972815255829e+01 -3.690408542439985951e+00
3.290718683453659477e-01 5.380880562407532736e-02 -2.789477056664274812e+00 -2.360817889806246406e+00 5.314888671906533801e+01 -3.030992652914823449e+00
3.400481081165423469e-01 5.472411892165864739e-02 -2.109105612228786342e+00 -1.838718853155322686e+00 5.250571875915892406e+01 -3.662612347772191690e+00
4.205390834882176687e-01 7.153862533166582827e-02 -3.498898748220879984e+00 -3.825215140265677771e+00 5.397999385306464148e+01 -1.389937431162205472e+00
4.812100496761587687e-01 7.715491195142724912e-02 -1.781822247585866492e+00 -2.007518724615430905e+00 5.203276271819504473e+01 -2.815113994339347059e+00
3.624820969474833454e-01 5.874803096530353819e-02 -3.383643820090895371e+00 -3.223398909983244742e+00 5.382065639847080263e+01 -2.032475130078339909e+00
4.290759377581537248e-01 6.762324133508335056e-02 -2.796319698110708352e+00 -2.907050146167863058e+00 5.316030427260180602e+01 -2.107630807732707279e+00
4.790085591235780926e-01 7.393545649957786181e-02 -3.131810042073731370e+00 -3.873806791680715733e+00 5.369295525495330423e+01 -1.134159364924412161e+00
3.748863641816435610e-01 6.159996139378784430e-02 -1.983589375278006051e+00 -1.993707627245847824e+00 5.236405435395669627e+01 -3.361728256150519734e+00
2.721553716055556960e-01 4.408701786409503082e-02 -2.205231975992514748e+00 -1.191758963039903252e+00 5.246588425610621442e+01 -4.385781715324221786e+00
4.148842154009428906e-01 6.741881151087315838e-02 -1.509397773135178200e+00 -1.743071076379454798e+00 5.188936468056577667e+01 -3.562583449522215506e+00
3.231288690047453005e-01 5.502343863683931136e-02 -1.854488153006712103e+00 -1.009417126072514881e+00 5.196310793915056081e+01 -4.310910569434271977e+00
3.019574378621561195e-01 4.787124170998521833e-02 -3.715416108472017864e+00 -3.248906835992384501e+00 5.420084854647549122e+01 -2.276770826050327212e+00
3.837705358880050266e-01 6.168856079526017361e-02 -2.359523475038247220e+00 -1.895536899005215492e+00 5.254931211697369520e+01 -3.103686298813978173e+00
4.188550699403943423e-01 6.486413409193883539e-02 -1.691520666929071659e+00 -1.896585016659039225e+00 5.206769330656945272e+01 -3.245218396328340305e+00
3.186853264662589114e-01 5.135903545135831610e-02 -2.053446962692691447e+00 -1.487607196806046250e+00 5.237285277311708143e+01 -4.001747085852676911e+00
3.663382793792351322e-01 5.851250737491209275e-02 -3.496367161478176389e+00 -3.493476979197039700e+00 5.397639203033131139e+01 -1.787650672346734027e+00
3.344801390346526238e-01 5.720919054137579840e-02 -3.733826324449828871e+00 -3.260427142590252458e+00 5.408764329906386337e+01 -2.076326775052375950e+00
3.677466032056217471e-01 5.865586341633446943e-02 -1.773665724671706911e+00 -1.514284100757116835e+00 5.205053297348646879e+01 -3.702589470444705988e+00
3.493955779170491160e-01 5.720984389838279505e-02 -3.806008596748531758e+00 -3.539793282255890183e+00 5.423619894219513782e+01 -1.753441001088767326e+00
2.972865833325450957e-01 4.773247024852561582e-02 -3.330175645948413532e+00 -2.780196614956307322e+00 5.376211223654161842e+01 -2.770565209785526228e+00
3.721235448045111527e-01 6.130315947144106270e-02 -2.400588745844928873e+00 -2.120302405695084769e+00 5.267257518538386307e+01 -3.051730238835069109e+00
3.528289441845935959e-01 5.845883924500192008e-02 -2.610244768463947818e+00 -2.763048148340685017e+00 5.310941716687219838e+01 -2.807467105821435549e+00
2.710884061574827530e-01 4.605473619113189393e-02 -2.664487812104719300e+00 -3.668756632881640556e+00 5.373977589336118399e+01 -3.110407977817860381e+00
3.759442587654717727e-01 6.687538952626746747e-02 -2.311454829003772637e+00 -2.208827833177888778e+00 5.260782680569266034e+01 -3.173688919177702683e+00
4.502705602806672536e-01 7.149410528688841804e-02 -3.590346732965295384e+00 -3.839425731260416974e+00 5.403146219318477961e+01 -1.116787755367524060e+00
3.969721414924347602e-01 6.708758603750007710e-02 -3.355999650516924504e+00 -3.345649830466570052e+00 5.370335780981054086e+01 -1.849821770034528079e+00
3.473947403291682279e-01 5.496081156016942304e-02 -2.167945842457060124e+00 -1.934444250237290941e+00 5.253641632333911105e+01 -3.464425907464535825e+00
2.796709819514096584e-01 4.438422565934184438e-02 -3.432702869576715443e+00 -3.028608649199441061e+00 5.398370670861914533e+01 -2.756552364832460356e+00
3.509575166856297446e-01 5.860739052213745359e-02 -3.532204532434196853e+00 -3.607342719968624323e+00 5.406839255650123732e+01 -1.927967706670484560e+00
3.016883604964332721e-01 5.017819919557395258e-02 -2.244976232781843883e+00 -1.527036581869673615e+00 5.249400548283993118e+01 -3.949820000562132449e+00
4.309937229142102866e-01 7.118916132145006181e-02 -2.114325064421297196e+00 -1.970562149617769654e+00 5.229500876710038426e+01 -2.932827884291721254e+00
3.273316830364598751e-01 5.539413303031522767e-02 -1.684221244162747322e+00 -1.320767696827995330e+00 5.198327358977974200e+01 -4.248066801150711669e+00
3.290718683453659477e-01 5.380880562407532736e-02 -2.789477056664274812e+00 -2.360817889806246406e+00 5.314888671906533801e+01 -3.030992652914823449e+00
4.125121305577550412e-01 6.645214682109294724e-02 -1.241588173621385849e+00 -1.689831747038332388e+00 5.167416371902976380e+01 -3.655395131422281008e+00
4.207938933929789016e-01 7.154907071902372184e-02 -3.497298976079333599e+00 -3.825426902624322167e+00 5.397874293919799982e+01 -1.388822750656012239e+00
4.812100496761587687e-01 7.715491195142724912e-02 -1.781822247585866492e+00 -2.007518724615430905e+00 5.203276271819504473e+01 -2.815113994339347059e+00
3.754382650961473611e-01 6.040176112457655566e-02 -3.181717202557422741e+00 -3.126111646720172832e+00 5.363326533727711620e+01 -2.087531029916517067e+00
4.265681957297768889e-01 6.788448500902456717e-02 -3.257202445168249305e+00 -3.280086489703184505e+00 5.360940024377708113e+01 -1.703643137165244070e+00
4.672007476367565637e-01 7.299459464028451583e-02 -3.196696513445266952e+00 -3.913624847461871781e+00 5.377015115007678503e+01 -1.171412211857703722e+00
3.765073585713541449e-01 6.178457762710129475e-02 -2.144943103410642316e+00 -2.184780947969135134e+00 5.254249277853504907e+01 -3.173437546296806744e+00
2.743517428010285863e-01 4.446217543400194511e-02 -2.227777619870604298e+00 -1.236872199089867452e+00 5.249224088418433354e+01 -4.333501272165174001e+00
3.985680625564080315e-01 6.392657936783534278e-02 -1.976692686956212031e+00 -2.018618937419141890e+00 5.234033565193576720e+01 -3.227268532494736331e+00
3.400268013752836826e-01 5.705357023132481137e-02 -1.934334874921930014e+00 -1.485845262402378797e+00 5.218237703682741113e+01 -3.924387706871725001e+00
3.164074620031726015e-01 5.059142889589181985e-02 -3.372274650539649699e+00 -3.000203615150839553e+00 5.383690899925520768e+01 -2.491742605399473565e+00
4.024975258580043014e-01 6.376734515826638916e-02 -2.338416217404923891e+00 -1.992047643562986137e+00 5.254013943404797971e+01 -2.915065059445188567e+00
4.276028809097337513e-01 6.565855428960092055e-02 -1.479298670104693070e+00 -1.754579999173974558e+00 5.185768466095843365e+01 -3.366922923384273680e+00
3.290890539432679840e-01 5.340396535880891082e-02 -2.421638849315810305e+00 -1.979019234087296519e+00 5.277045598747535138e+01 -3.457674974847408045e+00
3.660212197944907597e-01 5.812154992577778928e-02 -3.753119670683171094e+00 -3.799920943201019696e+00 5.427235867472357711e+01 -1.491410918899518379e+00
3.340650696273697040e-01 5.716404900270562889e-02 -3.748527070043947251e+00 -3.272998558196611008e+00 5.410324633686551721e+01 -2.065571634031151849e+00
3.759003822468250378e-01 6.063764916085138956e-02 -2.038601494819644255e+00 -1.869524635618290853e+00 5.234691376786689432e+01 -3.346945619092180468e+00
3.314671362499878038e-01 5.360897232079917668e-02 -3.902931347966069442e+00 -3.481792547446981967e+00 5.431829481166784035e+01 -1.825813768855864438e+00
2.979349466229990750e-01 4.785001972632423745e-02 -3.306568416025758239e+00 -2.757719961966365041e+00 5.373614769981083583e+01 -2.790427983524676137e+00
3.809600401545663595e-01 6.359190800807709709e-02 -2.190841343294440247e+00 -1.898259565923895220e+00 5.241091609218828040e+01 -3.218586225604877171e+00
3.823317691358389947e-01 6.218561485213982415e-02 -2.786346864858498584e+00 -2.915909684100058463e+00 5.324179432041438531e+01 -2.436759356206951388e+00
2.942288305089997280e-01 4.951496624381561407e-02 -2.320633940360987690e+00 -2.626367870156991025e+00 5.302669663563484193e+01 -3.551673857174208582e+00
3.657618187963259659e-01 6.599973717602271306e-02 -2.680872618446620947e+00 -2.448399438570269648e+00 5.296250051859907870e+01 -2.932909329549392652e+00
4.352509850044727346e-01 6.943622980166813674e-02 -3.412602379002062758e+00 -3.635259325656738483e+00 5.385688628657225507e+01 -1.408600613488357967e+00
3.661536853438165928e-01 5.947848682263636583e-02 -3.280872509112390922e+00 -3.176482384552010707e+00 5.369964318870457731e+01 -2.121736118725572329e+00
4.535148656551163393e-01 7.192685217385974550e-02 -1.318009582523095524e+00 -1.389812797618963369e+00 5.153038956191733178e+01 -3.502602047563979859e+00
2.921828477059520424e-01 4.745172787971772832e-02 -2.961189708719093261e+00 -2.516022326413540178e+00 5.342015637768940195e+01 -3.184828282797640853e+00
3.456119225350373081e-01 5.811561048857909889e-02 -3.675383466743889826e+00 -3.736562766907886690e+00 5.422257731789827062e+01 -1.827608465543535621e+00
3.315630049391745660e-01 5.431956424851915738e-02 -2.624431685082219801e+00 -2.174790626555547224e+00 5.295549737579801075e+01 -3.195443148827301627e+00
4.225543788759970609e-01 7.033810079422624095e-02 -2.603861895093120715e+00 -2.529707415082298461e+00 5.285144316302906020e+01 -2.470716076474094525e+00
3.371323419562791135e-01 5.668860621878843431e-02 -1.761195723585912143e+00 -1.487332197650385046e+00 5.208285193007682778e+01 -4.043263693754742150e+00
3.470140944696374907e-01 5.410274794159745937e-02 -2.330298851631187329e+00 -1.885705298207819736e+00 5.263485604173867216e+01 -3.354502173196693526e+00
3.713303553377148569e-01 5.998744107121729841e-02 -1.631841833883636461e+00 -1.644574522830548613e+00 5.201394751404993144e+01 -3.754973898193014303e+00
4.300590763712863751e-01 7.575813144531245991e-02 -3.469566154531991575e+00 -3.965963005747934922e+00 5.396875870430834254e+01 -1.318991706039897682e+00
4.718889172465781101e-01 7.584613391707269170e-02 -1.911987282010870315e+00 -2.126374706143939086e+00 5.218329246599030569e+01 -2.747232010989612228e+00
3.768135551935425376e-01 6.063032065721609548e-02 -3.177277625972600106e+00 -3.129045031663743703e+00 5.362852088019638330e+01 -2.078113774045228013e+00
3.729098204139444928e-01 5.961217197859423889e-02 -3.363294044396026639e+00 -3.256428362611517802e+00 5.377677623590668077e+01 -1.988351437797606147e+00
4.672007476367565637e-01 7.299459464028451583e-02 -3.196696513445266952e+00 -3.913624847461871781e+00 5.377015115007678503e+01 -1.171412211857703722e+00
3.816091087808259896e-01 6.149298878486672559e-02 -1.436309368844910228e+00 -1.566740009663881938e+00 5.183491027422341091e+01 -3.829277613036386363e+00
2.743517428010285863e-01 4.446217543400194511e-02 -2.227777619870604298e+00 -1.236872199089867452e+00 5.249224088418433354e+01 -4.333501272165174001e+00
4.625596656513926153e-01 7.239698015207848836e-02 -1.252793183874949534e+00 -1.735120091232252415e+00 5.164092760855987052e+01 -3.380909990914724439e+00
3.247465663617883913e-01 5.543529174142310806e-02 -1.734016862245941315e+00 -1.181951362938734373e+00 5.195344511457204817e+01 -4.299470716890658295e+00
2.948074581888354695e-01 4.502644504952067750e-02 -3.148091376240599537e+00 -2.455582684066695887e+00 5.355166362912861899e+01 -2.982944966027493372e+00
3.879799545652151682e-01 6.232691379647754826e-02 -2.339573018057340192e+00 -2.117171430247676511e+00 5.261986312085224426e+01 -2.973989535586461841e+00
4.379213080426562210e-01 6.555281329543991009e-02 -1.338745614082110347e+00 -1.681813099623677976e+00 5.172946815749703120e+01 -3.401261752940945460e+00
3.321147724254017719e-01 5.376434418960731459e-02 -2.545099816300362416e+00 -2.114337557746481355e+00 5.289952715974167319e+01 -3.302574775932983098e+00
3.660212197944907597e-01 5.812154992577778928e-02 -3.753119670683171094e+00 -3.799920943201019696e+00 5.427235867472357711e+01 -1.491410918899518379e+00
3.340650696273697040e-01 5.716404900270562889e-02 -3.748527070043947251e+00 -3.272998558196611008e+00 5.410324633686551721e+01 -2.065571634031151849e+00
3.715145532985246191e-01 5.831951869877658595e-02 -1.874258115838303818e+00 -1.820686715450803961e+00 5.225834660256152375e+01 -3.493335213677851048e+00
3.477233126976166933e-01 5.616513301316761186e-02 -3.672662529151798694e+00 -3.321744536841883644e+00 5.407017613854925742e+01 -1.933212767961539846e+00
2.907209494263023886e-01 4.669650048660464736e-02 -3.404243505322859242e+00 -2.813385485452861268e+00 5.383878302643064728e+01 -2.756339358827531782e+00
3.725252269519204740e-01 6.199239454096214241e-02 -2.294256955835077161e+00 -1.992389016235183385e+00 5.254188971650474116e+01 -3.180110506923635061e+00
4.079280286646466691e-01 6.274649645045675406e-02 -2.962904084550847195e+00 -3.536606149947573829e+00 5.357575953867821283e+01 -1.811365116441345791e+00
2.838229367674779402e-01 4.796249827873508981e-02 -1.635900811658159926e+00 -2.335622750396778358e+00 5.248782325351221800e+01 -4.195197516145412031e+00
3.657618187963259659e-01 6.599973717602271306e-02 -2.680872618446620947e+00 -2.448399438570269648e+00 5.296250051859907870e+01 -2.932909329549392652e+00
4.458515599641904581e-01 7.061685557469536689e-02 -3.340967220443329389e+00 -3.727617901651746557e+00 5.382810853549336372e+01 -1.329904146788453367e+00
3.587836177860694864e-01 5.744903732218038100e-02 -3.370405629833041594e+00 -3.061371188456099901e+00 5.374230382973719600e+01 -2.147676564411623801e+00
4.282908438593299727e-01 6.840594269106814451e-02 -1.895800861119259606e+00 -1.817197307032037523e+00 5.212772438433327693e+01 -3.110505458823422220e+00
2.640670978147524606e-01 4.220451434139230185e-02 -3.456028863232329496e+00 -2.707215017326918716e+00 5.389583029814455273e+01 -2.999626044683794124e+00
3.593078274966890473e-01 6.096894847788300598e-02 -3.641538639959152501e+00 -3.772734591191555964e+00 5.418073040975503574e+01 -1.745727940970333902e+00
3.315630049391745660e-01 5.431956424851915738e-02 -2.624431685082219801e+00 -2.174790626555547224e+00 5.295549737579801075e+01 -3.195443148827301627e+00
4.115740694450817916e-01 6.785813937851842281e-02 -2.706529180787622835e+00 -2.594094111567356364e+00 5.297964052556095282e+01 -2.440412215071701141e+00
3.344894622528966077e-01 5.702978956725750226e-02 -2.201708585293891574e+00 -1.839183077205671868e+00 5.249674301178288260e+01 -3.630864802440842087e+00
3.471568726878081490e-01 5.591968361864174675e-02 -2.267505607589895167e+00 -1.864523387793588061e+00 5.256951233735169637e+01 -3.441554606909023040e+00
3.561305105031469243e-01 5.779479232396728117e-02 -1.601594097248061788e+00 -1.607829806775628256e+00 5.201141711845571081e+01 -3.893961843070127049e+00
4.294167754382113844e-01 7.557510448668977587e-02 -3.468287934307729081e+00 -3.957897130852448875e+00 5.396651727723531877e+01 -1.326583864635065613e+00
4.709824571605848442e-01 7.564465831054373313e-02 -2.011038257235280735e+00 -2.222161376148091172e+00 5.228951485183034009e+01 -2.647195737555425588e+00
3.628962202017656513e-01 5.910566837668066592e-02 -2.855168280052127194e+00 -2.667749172752033271e+00 5.324003782473945279e+01 -2.616410616799464073e+00
3.477880992198263965e-01 5.540167910950645480e-02 -3.223936459122036080e+00 -2.929601111852975670e+00 5.362563833742611052e+01 -2.400863933429683961e+00
4.323730621261732132e-01 6.824492022502044730e-02 -3.294520116596958204e+00 -3.642372132798207929e+00 5.379318309475623749e+01 -1.476737745244415922e+00
3.851766765766276857e-01 6.337095567515123318e-02 -1.174879378352648107e+00 -1.318334143911398249e+00 5.152594898111799182e+01 -4.088359316117046838e+00
3.010835975412077814e-01 4.868074982723074456e-02 -2.477638262429931792e+00 -1.729527811890452238e+00 5.278795770388126840e+01 -3.747048658606098925e+00
4.535943675962184618e-01 7.135285787076880992e-02 -1.421014767716962002e+00 -1.756592866329362845e+00 5.176828180280640623e+01 -3.310167633900573225e+00
3.247465663617883913e-01 5.543529174142310806e-02 -1.734016862245941315e+00 -1.181951362938734373e+00 5.195344511457204817e+01 -4.299470716890658295e+00
3.503969895402715973e-01 5.743613589926852003e-02 -3.412577682458991735e+00 -3.225542827761744835e+00 5.387652641508991991e+01 -2.155045271967260145e+00
3.821159083736918038e-01 6.169320926499739788e-02 -2.403282539302970200e+00 -2.121804918631197800e+00 5.267475977784510377e+01 -2.979129011585629261e+00
4.377695900225849202e-01 6.546611440883874644e-02 -1.303192971887607410e+00 -1.645558101291761943e+00 5.169220736453782905e+01 -3.438123701751078176e+00
3.156400180205490846e-01 5.150810314079793534e-02 -1.921181548268707573e+00 -1.298951544487781273e+00 5.221473219202803051e+01 -4.193547559386108681e+00
3.656707900850137416e-01 5.804124926644168431e-02 -3.772050759812413556e+00 -3.822912254691718914e+00 5.429415090899941276e+01 -1.471077559626106535e+00
3.325996076850262773e-01 5.677388018558032767e-02 -3.689424141163712090e+00 -3.201953482059157530e+00 5.404224187281344882e+01 -2.142872029263952260e+00
3.528156716820678995e-01 5.613298339745165233e-02 -2.554687639614814376e+00 -2.509198316528192585e+00 5.301613080911948828e+01 -2.914869905779172488e+00
3.396686327617133294e-01 5.612739175740405484e-02 -3.919698996567258398e+00 -3.191315574122167043e+00 5.418947722555121516e+01 -1.946873149976801276e+00
2.657150892998584868e-01 4.264167081201741816e-02 -3.564755841036612694e+00 -2.812199909152585775e+00 5.400751146593097474e+01 -2.846660662477733972e+00
4.109768438395031143e-01 6.833032191967815250e-02 -1.715122120629384961e+00 -1.516885212707300701e+00 5.188799488556099959e+01 -3.513376054168375173e+00
3.814797185214358066e-01 5.970776367246351940e-02 -2.659406235736989643e+00 -2.890384185829689034e+00 5.317555648987023176e+01 -2.495108464765660283e+00
2.752321285595132339e-01 4.610444198270327587e-02 -2.088744881584676527e+00 -2.412996230675515719e+00 5.284041597425391501e+01 -3.925744062409346924e+00
3.515932674408233094e-01 6.108392896443633896e-02 -2.493873016007997379e+00 -2.229801700598935454e+00 5.281386454144968212e+01 -3.210089282763046725e+00
4.516180005480455728e-01 7.101434068532527788e-02 -3.419402221385961393e+00 -3.828939393196911567e+00 5.391431415870884791e+01 -1.194794052611304114e+00
3.239026484712079212e-01 5.232671565946635933e-02 -3.357609772108593127e+00 -2.776384469191830462e+00 5.368294320091647620e+01 -2.501026335120315913e+00
4.128522951582299649e-01 6.515134507296151123e-02 -2.508228683199234865e+00 -2.520445042321337148e+00 5.286680389647032285e+01 -2.539056236826738200e+00
2.640489093261987330e-01 4.219968954979961412e-02 -3.454828869537490021e+00 -2.706056324141580927e+00 5.389459769976021164e+01 -3.001314287085844246e+00
3.515338337753951548e-01 5.984019128664332804e-02 -3.673408429653796325e+00 -3.785429668166166550e+00 5.422215932555364759e+01 -1.773481405270198596e+00
3.239796026379013760e-01 5.349209818442702408e-02 -2.369274186725700559e+00 -1.808353190229938345e+00 5.265786596288507582e+01 -3.578832393290742875e+00
4.406598980225581164e-01 7.412361597108550748e-02 -2.346877745531352311e+00 -2.252852587653599414e+00 5.251828124893378202e+01 -2.617389636640077732e+00
3.359746229727396116e-01 5.736231604119145649e-02 -2.241323886632223150e+00 -1.905058943198800758e+00 5.254396797285556886e+01 -3.567771554865017514e+00
3.687946567646616103e-01 5.926289834692288760e-02 -1.253176412453975264e+00 -1.016047300025570088e+00 5.153347792115643244e+01 -4.316705180567485201e+00
3.654828010205485311e-01 5.959129042219943329e-02 -1.620952675879328009e+00 -1.592322110764337051e+00 5.199037139838434740e+01 -3.829065091581285607e+00
4.396325487707470892e-01 7.619272621296686865e-02 -2.945813926804948579e+00 -3.492336528220125302e+00 5.342837779058770309e+01 -1.789433139930142413e+00
4.926384493679920595e-01 7.769419115611567173e-02 -2.137264347914999973e+00 -2.573846313521539031e+00 5.249866889696225059e+01 -2.276699584770441653e+00
3.790610707597590889e-01 6.189986871164073617e-02 -3.052088707263240774e+00 -3.028924080100380944e+00 5.347104204436964636e+01 -2.213827966860498986e+00
3.254086570773656595e-01 5.188499905906087534e-02 -3.304505800653226633e+00 -3.023174152206615783e+00 5.376705219005052072e+01 -2.488923043929539336e+00
4.340145135879729388e-01 6.845890599081977390e-02 -3.323628872561632086e+00 -3.692035456128291759e+00 5.382971197574890709e+01 -1.427668067473234714e+00
3.648459557075900972e-01 5.987755095734405980e-02 -1.684589497741883823e+00 -1.578538488780351523e+00 5.201753152237505873e+01 -3.805479776554728133e+00
2.770931189050833687e-01 4.448854071096933205e-02 -2.516009754154748368e+00 -1.667442766894903894e+00 5.285138709337710594e+01 -3.911535275377418408e+00
4.535943675962184618e-01 7.135285787076880992e-02 -1.421014767716962002e+00 -1.756592866329362845e+00 5.176828180280640623e+01 -3.310167633900573225e+00
3.181567555266296976e-01 5.476173448516644809e-02 -1.971433796290823048e+00 -1.423463186556932047e+00 5.221606215294539055e+01 -4.095650376325515651e+00
3.382083871926814811e-01 5.463824581901623179e-02 -3.403984516851767950e+00 -3.112579026651878689e+00 5.386264555194731685e+01 -2.282833351111628772e+00
4.012188958392038374e-01 6.379773363824188526e-02 -3.031577593619195099e+00 -2.706195986007313703e+00 5.328801353200695701e+01 -2.190623285175360646e+00
4.331705338995994747e-01 6.724107413708438341e-02 -1.728513670555062776e+00 -1.935988985000653972e+00 5.207065672912474241e+01 -3.115046462695651996e+00
3.069731339639159562e-01 5.029495363994694601e-02 -1.825945189823415138e+00 -1.143423791373513687e+00 5.211717047727005792e+01 -4.400339633002982254e+00
3.519644653183610084e-01 5.627226948576378313e-02 -3.330661821996248939e+00 -3.208663595004844549e+00 5.379834676345133460e+01 -2.142493917414395987e+00
3.911643304051465320e-01 6.452482336438904176e-02 -2.749067195694034460e+00 -2.638265006034654192e+00 5.308926665035806991e+01 -2.553640093405058931e+00
3.708465871828006688e-01 6.110147225645964908e-02 -2.607607962081151420e+00 -2.881689573576469154e+00 5.312159982930168667e+01 -2.616922244752220905e+00
3.513746008593255366e-01 5.712979862280163218e-02 -3.566851262913266929e+00 -3.107062961043284055e+00 5.390560696555374420e+01 -2.100364143771681569e+00
2.618546425706117509e-01 4.183283728072824392e-02 -3.637472500152912680e+00 -2.862043242746098226e+00 5.408792662663014283e+01 -2.807038848320786428e+00
3.577013422667165710e-01 6.016604236175704390e-02 -1.823572040587045917e+00 -1.833608497051514297e+00 5.221599399861035806e+01 -3.731370741643274425e+00
4.178343658012034778e-01 6.373719245342085449e-02 -2.584036340182851887e+00 -2.961897193034857878e+00 5.309795776811879620e+01 -2.227631121436353112e+00
2.657942297870340420e-01 4.489508068455033002e-02 -1.941082006997447262e+00 -2.345797562811943848e+00 5.273827621773131114e+01 -4.124096646855536008e+00
3.536462078157532329e-01 6.090224191897154055e-02 -2.708639992693141263e+00 -2.449454428285334995e+00 5.304386351031503466e+01 -2.958827953915578401e+00
4.429216254683253640e-01 6.987564985616853686e-02 -3.375628867886310669e+00 -3.744721539607329674e+00 5.386714870354904861e+01 -1.314050927538535474e+00
3.198742559776380778e-01 5.189640789214267774e-02 -3.488593285428504220e+00 -2.775482647493598520e+00 5.376172483001241176e+01 -2.433927372048593440e+00
4.190075357509498999e-01 6.712484978853729134e-02 -2.720150493733863861e+00 -2.580498899340208485e+00 5.300860836574302226e+01 -2.351789225120237692e+00
2.777348335958958470e-01 4.508961692259857296e-02 -3.224340714006070918e+00 -2.554144828983081261e+00 5.363797912862342798e+01 -3.108629462601021132e+00
3.485319458244923729e-01 5.719148241556249596e-02 -3.680584508221919737e+00 -3.858289657281174012e+00 5.428208597673727098e+01 -1.729032509513545701e+00
3.152713906648112463e-01 5.213142192843975287e-02 -2.515173660462268757e+00 -1.857324409446458269e+00 5.279431484130891050e+01 -3.530536097968199893e+00
3.450353001575875989e-01 5.860233889977910227e-02 -2.793391238495943174e+00 -2.258007630665048282e+00 5.301251238401546573e+01 -2.979424606766931660e+00
3.358098794593825098e-01 5.735277587409547823e-02 -2.246283993853414263e+00 -1.909521427985996667e+00 5.254904023092771581e+01 -3.564012206000487737e+00
3.632205453891389491e-01 5.986612074178099957e-02 -1.788737256117427288e+00 -1.543492123342865785e+00 5.208924818663705736e+01 -3.817052779112284355e+00
3.139532017983690526e-01 5.119282453432576901e-02 -2.403395590644457069e+00 -2.041077038922447073e+00 5.280491527907459215e+01 -3.533232538559919700e+00
4.300622262304981125e-01 7.367147590060163509e-02 -2.923979019522485512e+00 -3.403135838371709632e+00 5.340869132499818761e+01 -1.892085915960200371e+00
4.738117696838036186e-01 7.501945311115428006e-02 -2.159331621847691451e+00 -2.582419412454011631e+00 5.255315054945936737e+01 -2.390441438547158182e+00
3.409370954687240274e-01 5.625217752714491148e-02 -2.694578872541949277e+00 -2.572762784274485792e+00 5.315045490594882693e+01 -2.943442950025998872e+00
2.867808713697039269e-01 4.638310714411548324e-02 -3.703081652164120996e+00 -2.835346306052939802e+00 5.404621954530674799e+01 -2.628054625213149809e+00
4.666895695389908227e-01 7.114219849246486427e-02 -2.695547588131952388e+00 -3.421112578319763120e+00 5.326944530181571480e+01 -1.681781691502940879e+00
3.685360970487049914e-01 6.061680549005591528e-02 -1.499208913268885945e+00 -1.413179422762992798e+00 5.181795962410278378e+01 -3.962915868035458811e+00
2.928529272909731751e-01 4.703026622875151885e-02 -2.994668614453591005e+00 -2.463560436211527982e+00 5.344236171999369134e+01 -3.155882633627775213e+00
4.535943675962184618e-01 7.135285787076880992e-02 -1.421014767716962002e+00 -1.756592866329362845e+00 5.176828180280640623e+01 -3.310167633900573225e+00
3.174535154299121809e-01 5.377270181001203575e-02 -2.632887974427290168e+00 -1.913212024345446238e+00 5.286884046368628276e+01 -3.469556069459656555e+00
3.109179070736767247e-01 5.134322716425064603e-02 -3.583835281650247229e+00 -3.176767052082142051e+00 5.406071572461306829e+01 -2.356763036968839486e+00
4.085298642314599826e-01 6.597375087953770423e-02 -3.018327263204835464e+00 -2.849828360702373331e+00 5.331574047872398836e+01 -2.111735914209720288e+00
4.331705338995994747e-01 6.724107413708438341e-02 -1.728513670555062776e+00 -1.935988985000653972e+00 5.207065672912474241e+01 -3.115046462695651996e+00
2.961330343761210959e-01 4.857193421608863720e-02 -2.040714913464206859e+00 -1.497753441320401446e+00 5.241881617446575348e+01 -4.191790285748453471e+00
3.772036642925380434e-01 5.996658986780133149e-02 -3.234275905163250364e+00 -3.536499015170048832e+00 5.382977774378490921e+01 -1.896968628302048376e+00
4.514007395638544584e-01 7.422682720415776925e-02 -3.083969130086936072e+00 -3.418493934144739121e+00 5.348237266780986943e+01 -1.612962317374066368e+00
3.669614324298592911e-01 6.085916196469383366e-02 -2.478625604499086865e+00 -2.686846817655584196e+00 5.296352295285137046e+01 -2.814707038135169093e+00
3.306872742193107673e-01 5.432358419216983675e-02 -3.745797241872163674e+00 -3.246974329163784923e+00 5.412610012127974812e+01 -2.097026396434004347e+00
2.835570910813755008e-01 4.574969078010630852e-02 -3.676237180221882284e+00 -2.981987606085969134e+00 5.410188003252014255e+01 -2.581210191291006151e+00
2.725048490056320993e-01 4.493550505060140560e-02 -2.784577134158529255e+00 -1.943036260719892550e+00 5.312376784056136358e+01 -3.724254111990101368e+00
4.102240342688712182e-01 6.364463360259854652e-02 -2.486973229354288772e+00 -2.744160846941905429e+00 5.294887719809202054e+01 -2.446007724178442810e+00
2.657942297870340420e-01 4.489508068455033002e-02 -1.941082006997447262e+00 -2.345797562811943848e+00 5.273827621773131114e+01 -4.124096646855536008e+00
3.581145830886060533e-01 6.187959814218653432e-02 -2.650430144986334557e+00 -2.429321117204820801e+00 5.298450103033707137e+01 -2.973841427734293053e+00
4.479814893295838707e-01 7.055704864496877005e-02 -3.426392350813301402e+00 -3.825807404948518897e+00 5.392301449738808827e+01 -1.210316944476610646e+00
3.113663495608416376e-01 5.056116130194595465e-02 -3.036049405524676281e+00 -2.360519594554220113e+00 5.334212285621301675e+01 -3.019632501932325575e+00
4.219249483948100954e-01 6.754704152445105414e-02 -2.732575444602918679e+00 -2.605831751436164634e+00 5.302107089165224352e+01 -2.312595939805214940e+00
2.777348335958958470e-01 4.508961692259857296e-02 -3.224340714006070918e+00 -2.554144828983081261e+00 5.363797912862342798e+01 -3.108629462601021132e+00
3.745940245119998568e-01 6.083117293871304065e-02 -3.319272585284266164e+00 -3.523855540984471624e+00 5.386716807280411956e+01 -1.926377641012285258e+00
3.149437792817056381e-01 5.190868159070540638e-02 -2.464459302749316905e+00 -1.812713244595291595e+00 5.274594397774789911e+01 -3.576224787415691608e+00
3.385213838947334075e-01 5.743191649149854278e-02 -2.681232324306616732e+00 -2.232281203044740092e+00 5.295097898646638868e+01 -3.115595232238132173e+00
3.247967318927377223e-01 5.498313633427637237e-02 -2.141083804414937397e+00 -1.798232534371264402e+00 5.248043906656697999e+01 -3.773589293428645242e+00
3.441481553637096846e-01 5.816174530936386866e-02 -1.779565067680459745e+00 -1.276698443668462080e+00 5.201316652550028863e+01 -4.096711263280592874e+00
3.184709705290706960e-01 5.161309019502929862e-02 -1.907831907151374295e+00 -1.744394766400335861e+00 5.237795734891302857e+01 -3.966792021519931488e+00
4.300622262304981125e-01 7.367147590060163509e-02 -2.923979019522485512e+00 -3.403135838371709632e+00 5.340869132499818761e+01 -1.892085915960200371e+00
4.738117696838036186e-01 7.501945311115428006e-02 -2.159331621847691451e+00 -2.582419412454011631e+00 5.255315054945936737e+01 -2.390441438547158182e+00
3.807555131904551970e-01 6.203452104078096413e-02 -2.291827385198825340e+00 -2.543600232676946238e+00 5.278830495766737130e+01 -2.915971749009225178e+00
2.898249434233792776e-01 4.709702419275763052e-02 -3.154723228621929110e+00 -2.396158198713732812e+00 5.351038714870060176e+01 -3.143004475939316311e+00
4.781272466397837873e-01 7.297008389099073067e-02 -2.729973713076084607e+00 -3.564393076610238076e+00 5.333357880240522775e+01 -1.546653226281301974e+00
3.662400661046491535e-01 6.024726207316964677e-02 -1.582279322989717851e+00 -1.483456739201182817e+00 5.190733135565098877e+01 -3.898912180960073748e+00
3.042842299796941208e-01 4.853584604341112940e-02 -2.836359051933624364e+00 -2.404718649823758270e+00 5.330609966897964824e+01 -3.180933961918669173e+00
4.535943675962184618e-01 7.135285787076880992e-02 -1.421014767716962002e+00 -1.756592866329362845e+00 5.176828180280640623e+01 -3.310167633900573225e+00
3.114099528388729055e-01 5.217889375984966632e-02 -2.957683595092807760e+00 -2.299492266609607150e+00 5.326527943657634268e+01 -3.136910277819702220e+00
3.109179070736767247e-01 5.134322716425064603e-02 -3.583835281650247229e+00 -3.176767052082142051e+00 5.406071572461306829e+01 -2.356763036968839486e+00
4.067918948350262021e-01 6.480522804972811690e-02 -3.475430482330965631e+00 -3.400424229784557717e+00 5.384536212720744430e+01 -1.579319094244742150e+00
4.170890245561759135e-01 6.583837210802895301e-02 -1.777810453294960569e+00 -1.896681280896653998e+00 5.211226356890190914e+01 -3.234554324427683092e+00
2.871903956907015387e-01 4.643873206208827542e-02 -1.514252054950627757e+00 -1.046144381264004775e+00 5.193821640090830272e+01 -4.794976557876428735e+00
3.875291274605552894e-01 6.421580953320991936e-02 -3.328897780398658135e+00 -3.662904598480052343e+00 5.389438309699283280e+01 -1.757127723843208367e+00
4.223522988530790112e-01 6.974613211025604276e-02 -3.016018536264422512e+00 -3.319801170591722084e+00 5.345126266307676133e+01 -1.870190998353000289e+00
3.354118197436761206e-01 5.551744782909980719e-02 -2.482404801013005091e+00 -2.399631280928835153e+00 5.293370693613599087e+01 -3.191801199282232382e+00
3.680740262694807141e-01 5.921402745794475397e-02 -2.948097981547850299e+00 -2.702913036778332945e+00 5.330763812572605786e+01 -2.537874502370047303e+00
2.835570910813755008e-01 4.574969078010630852e-02 -3.676237180221882284e+00 -2.981987606085969134e+00 5.410188003252014255e+01 -2.581210191291006151e+00
3.024537897507000306e-01 4.916240765875568020e-02 -2.561981615075811014e+00 -1.925820051900605012e+00 5.290256375615550866e+01 -3.633194963184821269e+00
4.465992585106534074e-01 6.563078402344429962e-02 -2.931935097526103817e+00 -3.303697642921015643e+00 5.341167319575259143e+01 -1.617555232503564477e+00
2.868092726949410531e-01 4.814026899629218759e-02 -1.790834903068499795e+00 -2.028046479693864423e+00 5.246248300829356737e+01 -4.196614736075988894e+00
3.690978167591872361e-01 6.230258506049081435e-02 -2.384222479526586280e+00 -2.208409805509994328e+00 5.271476685667542483e+01 -3.144132042412184802e+00
4.607850522514436165e-01 7.332528292801751557e-02 -3.428673568734622812e+00 -3.966508983749565065e+00 5.394197977850018333e+01 -1.066106661712455050e+00
3.072127824241892013e-01 5.127061872548755589e-02 -3.140192332522813157e+00 -2.509163050030382980e+00 5.345481022343759037e+01 -2.926990054532774721e+00
4.219249483948100954e-01 6.754704152445105414e-02 -2.732575444602918679e+00 -2.605831751436164634e+00 5.302107089165224352e+01 -2.312595939805214940e+00
3.072379491208799274e-01 5.006772414263466198e-02 -2.391363137412143569e+00 -1.903771946806377846e+00 5.275291529965966220e+01 -3.714624166616224521e+00
4.373189859097725285e-01 7.015282611513273814e-02 -3.301200049303167017e+00 -3.985612457484080995e+00 5.388691661725025028e+01 -1.283377905588219958e+00
3.097232318291773256e-01 5.087975728014541843e-02 -2.285720663166742828e+00 -1.668517885008619084e+00 5.259400646246152178e+01 -3.805477967651543558e+00
3.353473612169213802e-01 5.713281676199348513e-02 -2.625091320403209139e+00 -2.118635898222266611e+00 5.287036373658617805e+01 -3.220234192370069248e+00
3.576318593317975858e-01 6.108392732082382204e-02 -1.452450584890908614e+00 -1.552493194937191179e+00 5.183262222995603707e+01 -4.055754374491203684e+00
3.458368817004371931e-01 5.837908429672556548e-02 -1.807144783920959785e+00 -1.325797656504168032e+00 5.204712834713307501e+01 -4.045719444196397063e+00
3.167776998982292369e-01 5.078403130986935965e-02 -2.056686275428370347e+00 -1.755396278675398269e+00 5.249568336711523386e+01 -3.875761125272012997e+00
4.374109861612529571e-01 7.535397474895294545e-02 -2.965976723268004989e+00 -3.484823841251750043e+00 5.345116819724482582e+01 -1.796267679511878157e+00
4.668644740940167681e-01 7.397114162950343963e-02 -2.175656093712226014e+00 -2.555799176596829092e+00 5.256731666434261285e+01 -2.440825879845298196e+00
3.671778386436176378e-01 5.938630209846339214e-02 -2.467322414392238983e+00 -2.811668854632240144e+00 5.305809212416789222e+01 -2.784193578626072085e+00
3.114509908071599886e-01 5.175130947588350849e-02 -2.685068345888366181e+00 -2.168082845168850969e+00 5.303409647402874327e+01 -3.373284774906145422e+00
4.592914294003002107e-01 7.137725917294608646e-02 -2.895104580228790248e+00 -3.377124965992136296e+00 5.339165277523585473e+01 -1.648868597976412831e+00
3.662400661046491535e-01 6.024726207316964677e-02 -1.582279322989717851e+00 -1.483456739201182817e+00 5.190733135565098877e+01 -3.898912180960073748e+00
3.069515649682416081e-01 4.987292833735167824e-02 -2.876314741891591531e+00 -2.362155194505370481e+00 5.328726250383508045e+01 -3.169524413444317013e+00
4.516321386363547075e-01 7.096569653055029292e-02 -1.309427188188224456e+00 -1.638415535410966406e+00 5.165012982373169592e+01 -3.438715778266184131e+00
3.042132204821325625e-01 5.117812055505237268e-02 -2.972342629391701241e+00 -2.279543450871904131e+00 5.328118228784287425e+01 -3.190589596528186078e+00
3.039588907437048015e-01 5.005969105060485008e-02 -3.526757836163357585e+00 -3.128950808755559976e+00 5.403134147707424972e+01 -2.485843625979953675e+00
4.020982262952225161e-01 6.416032283612814469e-02 -3.355394633030936546e+00 -3.252766232296983695e+00 5.371901138849739965e+01 -1.761030119088171197e+00
4.285574904513234085e-01 6.668331965214431556e-02 -1.632896083340698024e+00 -1.822187470109565055e+00 5.196828327074449305e+01 -3.256162550289446678e+00
2.654793620985335112e-01 4.282113665198672425e-02 -1.756102166079903881e+00 -1.098455568158303475e+00 5.217692675290383164e+01 -4.786782515708964958e+00
4.029909943155224883e-01 6.666083327337980757e-02 -3.404301439679000119e+00 -3.939850585461318389e+00 5.402217109631989445e+01 -1.476856501192375770e+00
4.223522988530790112e-01 6.974613211025604276e-02 -3.016018536264422512e+00 -3.319801170591722084e+00 5.345126266307676133e+01 -1.870190998353000289e+00
3.776833341551173451e-01 6.167932669105552490e-02 -2.624636924716236663e+00 -2.820897865295408202e+00 5.310593391720816214e+01 -2.575038293377769349e+00
3.593370992121203700e-01 5.700606899533017247e-02 -3.027135237210523577e+00 -2.652418429129962618e+00 5.336774229935709712e+01 -2.559412137227714101e+00
2.877210958750523462e-01 4.584681577708338285e-02 -3.667480583672541705e+00 -2.939442629406664675e+00 5.406653832572327190e+01 -2.567260284029230011e+00
3.102098133084628673e-01 5.095880052553389272e-02 -2.148725903864250331e+00 -1.839184344291864281e+00 5.257158438894806807e+01 -3.864537998377573391e+00
4.465992585106534074e-01 6.563078402344429962e-02 -2.931935097526103817e+00 -3.303697642921015643e+00 5.341167319575259143e+01 -1.617555232503564477e+00
3.105101441032329657e-01 5.213703189056281134e-02 -1.255879882295968031e+00 -1.511955727114745685e+00 5.183877119769231712e+01 -4.551768491314707177e+00
3.824862699305854319e-01 6.356776082696881380e-02 -2.653412371713158358e+00 -2.732770972386465047e+00 5.307500507050773564e+01 -2.638308508119314943e+00
4.607850522514436165e-01 7.332528292801751557e-02 -3.428673568734622812e+00 -3.966508983749565065e+00 5.394197977850018333e+01 -1.066106661712455050e+00
3.069159835903705891e-01 5.040789935693013035e-02 -2.496673214248063211e+00 -2.051920957653075472e+00 5.289688653904301674e+01 -3.549364435201512791e+00
4.140973472799009958e-01 6.666992921546834039e-02 -2.423349545784553527e+00 -2.296827835870528300e+00 5.270764153238023653e+01 -2.697449772178849514e+00
3.024038169909538665e-01 4.942415104338162418e-02 -2.703340621731919580e+00 -2.179235765181627205e+00 5.308708604072930370e+01 -3.430021086388030938e+00
4.262314153730898947e-01 6.882695253163613469e-02 -3.156346618477976040e+00 -3.591874119885968941e+00 5.365058522240867944e+01 -1.616303788818249210e+00
3.024011578325407346e-01 4.978872437435787057e-02 -2.251429010115409302e+00 -1.526869515781410280e+00 5.253008690517864210e+01 -3.940257400800074805e+00
3.996637615527807719e-01 6.647786925794507695e-02 -2.347718015680052339e+00 -1.865844049466125254e+00 5.245281694074893863e+01 -3.040689174648637305e+00
3.453619269698040006e-01 5.776006518175440946e-02 -1.730828676003254740e+00 -1.637058866810850333e+00 5.210935487057712123e+01 -3.927649805849118270e+00
3.629876356438050955e-01 6.055136333814017946e-02 -1.808664304704778125e+00 -1.447705271524659887e+00 5.206633798554259585e+01 -3.871370857700652035e+00
2.900587449964845410e-01 4.614592067099006212e-02 -1.803821360305908783e+00 -1.403778038594943212e+00 5.226931198921878519e+01 -4.378888062297824568e+00
4.374109861612529571e-01 7.535397474895294545e-02 -2.965976723268004989e+00 -3.484823841251750043e+00 5.345116819724482582e+01 -1.796267679511878157e+00
4.643434650049987344e-01 7.427761874918832607e-02 -2.482126772888312072e+00 -2.848760616311815319e+00 5.288935877382201056e+01 -2.152490371015412407e+00
3.800535233540228153e-01 6.113756275609531082e-02 -2.551425603604867032e+00 -3.049504012762600969e+00 5.317949076315313306e+01 -2.542062283190590577e+00
3.017294473604347216e-01 5.064796292854131105e-02 -3.363611477095959756e+00 -2.666026593195116590e+00 5.369889209532559704e+01 -2.808610199734829393e+00
4.640310396258047199e-01 7.237332263819072631e-02 -3.403533651055961062e+00 -3.950624457188936844e+00 5.395200030317131734e+01 -1.069807085590820828e+00
3.661006321288297061e-01 6.020717911167839526e-02 -1.543624811866241897e+00 -1.453228747167269130e+00 5.187064519633006654e+01 -3.936325398014749233e+00
2.909339431583942703e-01 4.696405431964854882e-02 -2.845218845227929894e+00 -2.243886006251607501e+00 5.326205275801937944e+01 -3.349737476315712392e+00
4.789570376449954203e-01 7.523980807033146812e-02 -1.818938950193230930e+00 -2.272016159547437297e+00 5.219622908457924382e+01 -2.692466339425352739e+00
3.120531986387270473e-01 5.365933491628406549e-02 -3.036560666913591611e+00 -2.290332036368893931e+00 5.328147845233464608e+01 -3.107378654468131440e+00
3.006992974494901438e-01 4.901257608342216021e-02 -3.527787294303583288e+00 -3.020744192519807303e+00 5.398491294124974615e+01 -2.540555594328647970e+00
3.754503489471422428e-01 6.184101879089906606e-02 -2.928673104747543832e+00 -2.832564260457814953e+00 5.331767226384217651e+01 -2.431549935240634674e+00
4.285574904513234085e-01 6.668331965214431556e-02 -1.632896083340698024e+00 -1.822187470109565055e+00 5.196828327074449305e+01 -3.256162550289446678e+00
2.631589609035662192e-01 4.243362181298228342e-02 -1.737141754323491494e+00 -1.068213639657465963e+00 5.215914716322868827e+01 -4.829585104172045007e+00
3.475944014098765189e-01 5.744003748561140460e-02 -3.506523815726640514e+00 -3.566886753781351338e+00 5.405599303838546632e+01 -1.949324750636620918e+00
4.085111444545029280e-01 6.670792753642856843e-02 -2.924840353943565230e+00 -2.962597400501042699e+00 5.327287792130923094e+01 -2.148389409119618954e+00
3.783689007583753150e-01 6.190304120238589169e-02 -2.826915095338216943e+00 -2.978906502732788120e+00 5.330000255012668475e+01 -2.380723474190828526e+00
3.830545828410057418e-01 6.093060814023995575e-02 -2.485266459356761271e+00 -2.301427194398154352e+00 5.281634432685121538e+01 -2.878928139411203624e+00
2.877210958750523462e-01 4.584681577708338285e-02 -3.667480583672541705e+00 -2.939442629406664675e+00 5.406653832572327190e+01 -2.567260284029230011e+00
2.829929380739594769e-01 4.631913556871431609e-02 -2.439452207586265242e+00 -2.050979735294226280e+00 5.291984349232569684e+01 -3.817500606082435244e+00
4.197558679257042957e-01 6.406473914807790659e-02 -2.806575207585579879e+00 -3.196434427054537508e+00 5.333285167416528338e+01 -1.981340745163573613e+00
2.924984693897346721e-01 4.869819317764570443e-02 -1.907335026900462527e+00 -1.821852266897007855e+00 5.244444484409195439e+01 -4.155419567195197672e+00
4.472309288919270598e-01 7.206056949952985291e-02 -2.427330036966629745e+00 -3.081465145674768369e+00 5.296222074186699302e+01 -2.191577369596490854e+00
4.590362022698721289e-01 7.317342266600229683e-02 -3.408508111811453301e+00 -3.932465524482056551e+00 5.391692340515847803e+01 -1.105747289218978135e+00
2.827468674478335608e-01 4.662214782311092931e-02 -2.712743830497683639e+00 -2.079959637442266196e+00 5.311123542813982823e+01 -3.590369726429125663e+00
4.093036513606975735e-01 6.640282672511875484e-02 -2.602647847534194092e+00 -2.436758199991914342e+00 5.289216030021601966e+01 -2.567620087833587750e+00
3.103495498306125255e-01 5.044586330777889316e-02 -2.615641089536590691e+00 -2.115834338147958515e+00 5.297777297692558562e+01 -3.471287693806455632e+00
4.350366200227561708e-01 6.990944368102822160e-02 -2.902068420825007600e+00 -3.341220843304769428e+00 5.337531030030055490e+01 -1.827735794271220682e+00
3.109298246872144178e-01 5.004789612133092591e-02 -2.102811812184271822e+00 -1.523574543686476934e+00 5.242891368306584354e+01 -3.961018706379237475e+00
3.532202398314974734e-01 5.759341602048813347e-02 -2.534910212334244406e+00 -1.992294724278803386e+00 5.277563349766167278e+01 -3.194986117047924790e+00
3.369286489130967621e-01 5.600024643706426331e-02 -1.913393138944924132e+00 -1.796961869357768471e+00 5.233157783775513394e+01 -3.821404851268594527e+00
3.615406898626407073e-01 6.025890239408324828e-02 -1.968261087235900764e+00 -1.646905820199118464e+00 5.225336320330598738e+01 -3.690700800742129584e+00
2.973739614360576544e-01 4.716385737530066902e-02 -1.822419678374760599e+00 -1.494469693069099270e+00 5.229936849410673716e+01 -4.257211228119774482e+00
3.762442151332525131e-01 6.461499966665970596e-02 -2.924849232680621025e+00 -3.004480731035303442e+00 5.338286423440014516e+01 -2.432325662000731192e+00
4.576033300036342899e-01 7.284785454340066135e-02 -2.440326677076289030e+00 -2.802359163554286159e+00 5.286156382810960963e+01 -2.247771610068943993e+00
3.383705622267086932e-01 5.425603282575967856e-02 -2.982386143975515047e+00 -3.004914730719933758e+00 5.353458944170263578e+01 -2.588625933614116637e+00
3.017294473604347216e-01 5.064796292854131105e-02 -3.363611477095959756e+00 -2.666026593195116590e+00 5.369889209532559704e+01 -2.808610199734829393e+00
4.564075277848345658e-01 7.150165637731220603e-02 -3.254976890322035299e+00 -3.757507765599431782e+00 5.378609909477277284e+01 -1.293292777126112014e+00
3.661006321288297061e-01 6.020717911167839526e-02 -1.543624811866241897e+00 -1.453228747167269130e+00 5.187064519633006654e+01 -3.936325398014749233e+00
2.947548535977379536e-01 4.758689012801360640e-02 -2.990948311074648647e+00 -2.399796208421764554e+00 5.340721909871750483e+01 -3.153384798095872021e+00
4.756854420942812078e-01 7.490671425864137145e-02 -1.728204822611493885e+00 -2.184091526409208228e+00 5.210451628985694583e+01 -2.803801917868848470e+00
3.133554037770202583e-01 5.381709701163957249e-02 -3.000590249521970954e+00 -2.270163082283772837e+00 5.324748619411612083e+01 -3.127351086813425329e+00
3.211131662909346707e-01 5.202244689375727649e-02 -3.683115604784394481e+00 -3.297513063926973409e+00 5.415503182145830152e+01 -2.171729891150717684e+00
3.821103267215541499e-01 6.277157111356884700e-02 -2.893196581872616857e+00 -2.794485167355150512e+00 5.326051169979950117e+01 -2.422108930584957243e+00
4.322382670038756869e-01 6.725537550985541402e-02 -1.449146586169531403e+00 -1.500526513418915187e+00 5.170679091369288471e+01 -3.483934666304724370e+00
2.617417150487114652e-01 4.220551174679657014e-02 -1.731827710619090022e+00 -1.052712787556707497e+00 5.215296396916113508e+01 -4.849896211657670264e+00
3.501099161061979603e-01 5.782846352269676443e-02 -3.443895094490414088e+00 -3.479436399307529015e+00 5.397294248213039936e+01 -2.008157666433156407e+00
4.057083937263883944e-01 6.598918094943957702e-02 -2.976963097832159288e+00 -2.990327058031188479e+00 5.332904477320778369e+01 -2.115683562324894407e+00
4.617723379050885368e-01 7.319414360212625481e-02 -1.754047776140536863e+00 -2.178319363384198848e+00 5.212707243006873625e+01 -2.841629934047309902e+00
3.811322725009198553e-01 5.904921711703872006e-02 -1.907167431572433181e+00 -1.672144600526053626e+00 5.220937410422568803e+01 -3.509305172255705152e+00
2.877210958750523462e-01 4.584681577708338285e-02 -3.667480583672541705e+00 -2.939442629406664675e+00 5.406653832572327190e+01 -2.567260284029230011e+00
3.060547717400304291e-01 5.106468973359201691e-02 -2.512481679658022049e+00 -2.136507338803937284e+00 5.292634655754891071e+01 -3.586813030815198644e+00
3.979614216504642199e-01 6.122156036842298782e-02 -2.641080200820311141e+00 -2.876880429982539233e+00 5.312617045235546698e+01 -2.357832861079342202e+00
2.778368724673600521e-01 4.647587567125346930e-02 -1.820058108710091549e+00 -1.744668166122648412e+00 5.238824679326198464e+01 -4.354723019038142517e+00
4.472309288919270598e-01 7.206056949952985291e-02 -2.427330036966629745e+00 -3.081465145674768369e+00 5.296222074186699302e+01 -2.191577369596490854e+00
4.550881644657586156e-01 7.263593628651206224e-02 -3.344534582804064460e+00 -3.813728219577650513e+00 5.383557218941323441e+01 -1.221798627190282094e+00
2.827468674478335608e-01 4.662214782311092931e-02 -2.712743830497683639e+00 -2.079959637442266196e+00 5.311123542813982823e+01 -3.590369726429125663e+00
3.992232609377633357e-01 6.430273835123950787e-02 -2.823120786760656031e+00 -2.714470183046774565e+00 5.317375325076524462e+01 -2.367283969061982241e+00
3.103495498306125255e-01 5.044586330777889316e-02 -2.615641089536590691e+00 -2.115834338147958515e+00 5.297777297692558562e+01 -3.471287693806455632e+00
4.292897154006148908e-01 6.946525435649537894e-02 -2.826756216661136190e+00 -3.244931007272271462e+00 5.328315297639563397e+01 -1.951200567238223993e+00
3.156289437752627935e-01 4.976640823695941546e-02 -1.862033597856736611e+00 -1.149018560206855666e+00 5.213679714725736147e+01 -4.229599704725450771e+00
3.620338657742185329e-01 5.884087514182220063e-02 -2.353184660443114584e+00 -1.961116840165671116e+00 5.263956312165612417e+01 -3.278352836027770500e+00
3.213571626903384826e-01 5.377742887320000054e-02 -1.227317537207747389e+00 -1.028969098404464155e+00 5.160755319652827922e+01 -4.708915402854094268e+00
3.443258016129758237e-01 5.923951964578851731e-02 -1.788017716675196489e+00 -1.245164685230989443e+00 5.200485741877692192e+01 -4.141803078047708198e+00
3.363489179658517569e-01 5.252472433886870573e-02 -2.099902581218843878e+00 -2.000898270136845625e+00 5.258353494650445725e+01 -3.556516885665478078e+00
3.842916215699345162e-01 6.535568379521726479e-02 -2.962086824978802380e+00 -3.083560259522525993e+00 5.342458747640627337e+01 -2.313091956789476544e+00
4.618571423104747553e-01 7.344521352402332004e-02 -2.221981735794818391e+00 -2.567256086037085439e+00 5.262288513338027229e+01 -2.466980162979968583e+00
3.399894081487219166e-01 5.503271719958282432e-02 -3.093979527925886153e+00 -3.147659299253788845e+00 5.364077966213113768e+01 -2.440050572234112813e+00
3.327200866902577103e-01 5.561463426394418902e-02 -3.724169221656972617e+00 -3.201522951221249080e+00 5.409041016065687302e+01 -2.119189880058714781e+00
4.539479483475895027e-01 7.137113666306638127e-02 -3.149898150645577655e+00 -3.658081627202111719e+00 5.367857223424484658e+01 -1.421450496071849479e+00
3.563207994156322167e-01 5.837840904720469071e-02 -2.232726124097053066e+00 -1.990412658579086669e+00 5.256785529946566982e+01 -3.370232056273151144e+00
3.172298766047806362e-01 5.133404373489454386e-02 -3.085349943666884975e+00 -2.783281589410378842e+00 5.356194054745560607e+01 -2.768542013925980871e+00
4.737782110260203572e-01 7.464406227321998544e-02 -1.754207033449271869e+00 -2.203319378764895919e+00 5.213263177956479666e+01 -2.791756177597621402e+00
3.285607140498794654e-01 5.598551761253085096e-02 -3.275455881906515376e+00 -2.810737234883576185e+00 5.361663167266663521e+01 -2.587657130717560428e+00
3.230951997604144532e-01 5.242810020434263141e-02 -3.838468811651008394e+00 -3.448052744165244654e+00 5.430996484661147861e+01 -1.997608902890280369e+00
3.822960691127903488e-01 6.279603197067477882e-02 -2.894237759771945306e+00 -2.797137475840918430e+00 5.326194679980277158e+01 -2.419119879284080454e+00
4.322382670038756869e-01 6.725537550985541402e-02 -1.449146586169531403e+00 -1.500526513418915187e+00 5.170679091369288471e+01 -3.483934666304724370e+00
2.617417150487114652e-01 4.220551174679657014e-02 -1.731827710619090022e+00 -1.052712787556707497e+00 5.215296396916113508e+01 -4.849896211657670264e+00
3.595438046909757435e-01 5.869720991207758032e-02 -3.643769451538793724e+00 -3.884706173052759226e+00 5.425470564115633465e+01 -1.625561499744991423e+00
4.179193620293383260e-01 6.750997175312407894e-02 -3.195364067508530859e+00 -3.155545292761593235e+00 5.351203964502893484e+01 -1.808726210449344229e+00
4.601943914544192049e-01 7.300047593810997382e-02 -1.755763740605537304e+00 -2.167507033353355261e+00 5.212687947622842444e+01 -2.857204476107858326e+00
3.732938902776702927e-01 5.989595111917679626e-02 -2.013108102754079809e+00 -1.768576527515394403e+00 5.232144450845610351e+01 -3.490806842102454510e+00
2.767446287786236025e-01 4.373794842491721818e-02 -3.261385342758757133e+00 -2.480239709930118330e+00 5.366348498388320110e+01 -3.102569890584278234e+00
2.900443319442248535e-01 4.849891358056247076e-02 -2.413451353561217871e+00 -1.967364203389279087e+00 5.283774126884932798e+01 -3.847720212512820925e+00
4.018480256631748460e-01 6.147343163156575307e-02 -2.345785825922548362e+00 -2.617754430944538413e+00 5.281625246601456780e+01 -2.602844943048991500e+00
2.836613268833270696e-01 4.668097880000834227e-02 -1.820762146803178716e+00 -1.670078261578538115e+00 5.236175013335385842e+01 -4.325652517177127621e+00
4.472309288919270598e-01 7.206056949952985291e-02 -2.427330036966629745e+00 -3.081465145674768369e+00 5.296222074186699302e+01 -2.191577369596490854e+00
4.423548263807689507e-01 7.073467102507308146e-02 -3.254812134694779147e+00 -3.682609099556312326e+00 5.375288796791053869e+01 -1.426722643601292528e+00
2.827468674478335608e-01 4.662214782311092931e-02 -2.712743830497683639e+00 -2.079959637442266196e+00 5.311123542813982823e+01 -3.590369726429125663e+00
4.004598626103965664e-01 6.431885729273874308e-02 -2.768102524550630772e+00 -2.649883881388646500e+00 5.311010323747148476e+01 -2.420765601670563427e+00
3.100608375150599727e-01 5.039630363723882761e-02 -2.614523116206242115e+00 -2.113100354510681012e+00 5.297663262318448574e+01 -3.475509910657407886e+00
4.292897154006148908e-01 6.946525435649537894e-02 -2.826756216661136190e+00 -3.244931007272271462e+00 5.328315297639563397e+01 -1.951200567238223993e+00
3.126412821964490996e-01 4.996619725134718304e-02 -2.775707801069580594e+00 -2.172015592755231150e+00 5.314064958826094909e+01 -3.261152044985569987e+00
3.302824368851787207e-01 5.402343181566889030e-02 -3.048307731448387070e+00 -2.624326969237580354e+00 5.342799770098629608e+01 -2.767490934737171671e+00
3.212306693469751395e-01 5.371228309373426990e-02 -1.255016523331055289e+00 -1.049453576731409710e+00 5.163495530341074868e+01 -4.682770426574028200e+00
3.994610944538066755e-01 6.662064061902180090e-02 -2.396339171566943982e+00 -2.254127770804677411e+00 5.270306169566207899e+01 -2.937159706417316940e+00
3.085320715499350053e-01 4.906535045839018755e-02 -1.754916184191396944e+00 -1.611284243671650351e+00 5.225953703503679293e+01 -4.156874664094333482e+00
3.817268785947816601e-01 6.414730548564070989e-02 -2.987873736073207720e+00 -3.114171800050578032e+00 5.346210993590258198e+01 -2.280001593652974723e+00
4.570528283284557292e-01 7.210588947647469937e-02 -2.203912278797904634e+00 -2.564467952857233612e+00 5.261648196585349524e+01 -2.483778719597966589e+00
3.659139716317346691e-01 5.955764251436181100e-02 -2.787511355599556317e+00 -3.148254732958820412e+00 5.337001589539671897e+01 -2.428759294093782994e+00
3.285830961533511285e-01 5.488171464710300124e-02 -2.591505321480035651e+00 -2.217859983364478538e+00 5.296254760925197758e+01 -3.283946638980235200e+00
4.782354592260366632e-01 7.393313643111260047e-02 -3.174011828918218203e+00 -3.860561605336502389e+00 5.375326075633455503e+01 -1.152071262612452518e+00
3.507967123721584812e-01 5.721904631128681834e-02 -2.499433048188312689e+00 -2.271723250298593122e+00 5.287427637122214463e+01 -3.120070092452973842e+00
3.369156685368016602e-01 5.406276656964399685e-02 -3.826949222021225783e+00 -3.436103628836336910e+00 5.426577490928725211e+01 -1.855397012532715717e+00
4.735631438742839983e-01 7.462275487374639416e-02 -1.771144024936995631e+00 -2.222307764872684999e+00 5.215159723671673220e+01 -2.774494444735694287e+00
3.704471989285447187e-01 6.096239893997307258e-02 -3.251320802806917598e+00 -3.243277712858387840e+00 5.371496318487859156e+01 -2.138295320767186425e+00
3.240348300080093114e-01 5.259087315899355075e-02 -3.832468172324196232e+00 -3.449064505768379529e+00 5.430399296395188458e+01 -1.994431823544271065e+00
4.167158144659867669e-01 6.885267579795183168e-02 -2.979580975513390406e+00 -3.109853413739271488e+00 5.334653804002905986e+01 -1.981191279326878441e+00
3.682597197065379802e-01 5.795292655039575858e-02 -2.559403288984720692e+00 -2.287112203407158262e+00 5.288660257044738700e+01 -2.903635647092661642e+00
2.730933150660291298e-01 4.439738999216102933e-02 -2.017839901891389953e+00 -1.409080181870593584e+00 5.244037333332367723e+01 -4.432814344130559192e+00
3.693564337242176698e-01 5.943813177251330154e-02 -3.557482975121848856e+00 -3.991784385745829944e+00 5.422993953197678962e+01 -1.550084146159201648e+00
4.364578606566176799e-01 6.914959233161431518e-02 -2.488730712187598115e+00 -2.694088202442219249e+00 5.285790234960091283e+01 -2.329526033984838040e+00
4.398978238913325844e-01 7.042027134207938521e-02 -2.460964638001742699e+00 -2.899032069707674353e+00 5.292688539215907184e+01 -2.271007103147547834e+00
4.579373977098791793e-01 7.234108785852821910e-02 -1.645851928741544068e+00 -1.787417937633762666e+00 5.189333453748740510e+01 -3.086021993871638447e+00
2.929759893494637835e-01 4.646327703508663226e-02 -3.203304762428782038e+00 -2.511280873591180907e+00 5.359858376639661515e+01 -3.005126845177110262e+00
3.176122806586317848e-01 5.274673636712619296e-02 -2.783825598806607182e+00 -2.463419792403229724e+00 5.321955454879980607e+01 -3.167197958209845510e+00
4.120258064309293977e-01 6.373978104127088484e-02 -2.389889035168045961e+00 -2.641180309332514575e+00 5.282998825549510258e+01 -2.520698510731897546e+00
3.016084364617017677e-01 5.152618178880153527e-02 -1.525200012521368054e+00 -1.189487609347875230e+00 5.191716510891176029e+01 -4.633130624921385277e+00
4.633258754016486014e-01 7.478200083131453235e-02 -2.276426396628513871e+00 -3.149968998237360651e+00 5.284893109416793067e+01 -2.156763271736259924e+00
4.417682425489395381e-01 7.061832639952440871e-02 -3.243416555278698876e+00 -3.666464247132398935e+00 5.374087067280414232e+01 -1.444681360563390360e+00
3.408830245470889642e-01 5.763043026347484943e-02 -3.213428782101569237e+00 -2.815149914731255976e+00 5.354924428301375627e+01 -2.495250492227627959e+00
3.858020378194197963e-01 6.220138133695279209e-02 -2.809337983169545527e+00 -2.632588112627982202e+00 5.316068936167081915e+01 -2.509973608971368453e+00
2.624500321244168100e-01 4.304159040769213462e-02 -3.142536638719490405e+00 -2.192779070435982192e+00 5.346605777607342702e+01 -3.482503710082976767e+00
4.375655900634212170e-01 7.065147448137018560e-02 -2.825536794638925819e+00 -3.307155547411976926e+00 5.328680207823306603e+01 -1.863247529281195414e+00
3.032506452849987877e-01 4.835860685776885437e-02 -2.374183595174257366e+00 -1.685718922668244746e+00 5.271013901188107553e+01 -3.800085601800625490e+00
3.362565572702592709e-01 5.499265412767674610e-02 -2.773136919680112555e+00 -2.404075964481018346e+00 5.314552000299679690e+01 -2.997056095740252335e+00
3.421834107299528416e-01 5.719241478239561749e-02 -1.764932657934477289e+00 -1.576195212160822479e+00 5.213605685308287008e+01 -3.995470896005072436e+00
3.768930625538074453e-01 6.224733409381263266e-02 -2.633077634312648296e+00 -2.443554112719723115e+00 5.297981457709926900e+01 -2.822701242818733913e+00
3.199567671085570830e-01 5.115531198535604174e-02 -2.091562129117939151e+00 -1.909900640830591412e+00 5.256649496448788739e+01 -3.726368583977766935e+00
4.117931782969397325e-01 6.966839312177106058e-02 -3.412676887300957862e+00 -3.942885016360568429e+00 5.400423080423761490e+01 -1.449950205735396125e+00
4.682837530474128207e-01 7.428827135511829882e-02 -1.461625226771167796e+00 -1.788810607139353692e+00 5.178277066140775275e+01 -3.227663632466163612e+00
3.324750494553377900e-01 5.475419558398269410e-02 -2.639318379049365504e+00 -2.628650879221490655e+00 5.314525824777291518e+01 -3.024098620050719610e+00
3.336504943620469676e-01 5.597585693221286685e-02 -2.503572237693659108e+00 -2.140958860350749227e+00 5.285820492731721743e+01 -3.330612552464022436e+00
4.249184586554715648e-01 6.707560042111684884e-02 -2.520335333204962058e+00 -2.903523012383838697e+00 5.303146927176752001e+01 -2.353542884092814980e+00
3.121723698279634807e-01 5.310565715009841342e-02 -2.568535254379691768e+00 -2.038663522356188196e+00 5.290221405964908996e+01 -3.498163768988999500e+00
3.462551120247637781e-01 5.537689574360066258e-02 -3.357510113532180096e+00 -3.014007275972078403e+00 5.376070110340744890e+01 -2.255135854894962044e+00
4.691166543536092193e-01 7.400916555081836490e-02 -1.770422637336560578e+00 -2.184343089221084000e+00 5.214394089787186459e+01 -2.822353640807128805e+00
3.822515294235939165e-01 6.253692740177922704e-02 -3.872108673941315082e+00 -3.939532321846986651e+00 5.437439114373129456e+01 -1.362648612569262063e+00
3.240348300080093114e-01 5.259087315899355075e-02 -3.832468172324196232e+00 -3.449064505768379529e+00 5.430399296395188458e+01 -1.994431823544271065e+00
3.933820640781998668e-01 6.667377225377643657e-02 -2.549173022960535828e+00 -2.441034893182953525e+00 5.285308239873206304e+01 -2.725773951301405873e+00
3.696272575380498693e-01 5.819052721351034713e-02 -2.583225556562778635e+00 -2.321253075292360801e+00 5.291284261715908599e+01 -2.864528164659230658e+00
2.694895893568246548e-01 4.385458668623656159e-02 -2.014194785656089781e+00 -1.386446393921473730e+00 5.243692340461161905e+01 -4.470995515974951928e+00
3.722669596090793509e-01 5.959097983452671388e-02 -3.301128573577226000e+00 -3.577090583407382063e+00 5.388789281208351412e+01 -1.868835186492857181e+00
3.493450109011494442e-01 5.604300210546890593e-02 -2.744791555822666318e+00 -2.478367397635724778e+00 5.312771901791002449e+01 -2.883298465478584482e+00
4.398978238913325844e-01 7.042027134207938521e-02 -2.460964638001742699e+00 -2.899032069707674353e+00 5.292688539215907184e+01 -2.271007103147547834e+00
4.579373977098791793e-01 7.234108785852821910e-02 -1.645851928741544068e+00 -1.787417937633762666e+00 5.189333453748740510e+01 -3.086021993871638447e+00
2.783442930978163310e-01 4.424040971184084459e-02 -3.056971771517693170e+00 -2.339121166276243891e+00 5.346503543602246111e+01 -3.275002728210543168e+00
2.884081316571507903e-01 4.841025295883048113e-02 -3.060135786650857614e+00 -2.657195132603110466e+00 5.354401106634733765e+01 -3.143693655015149524e+00
4.181244618916810096e-01 6.438927153399251480e-02 -2.378978026219302766e+00 -2.677979666651564727e+00 5.282557698724139073e+01 -2.460998774420692925e+00
3.402668778483960432e-01 5.747232993437791093e-02 -1.570548042058366400e+00 -1.421024626271690128e+00 5.195044555528634334e+01 -4.206552658133139388e+00
4.601142562299749272e-01 7.381159578576175495e-02 -2.625829555894430012e+00 -3.209823596800205792e+00 5.312598233986061302e+01 -1.942004593606593055e+00
4.417682425489395381e-01 7.061832639952440871e-02 -3.243416555278698876e+00 -3.666464247132398935e+00 5.374087067280414232e+01 -1.444681360563390360e+00
3.230384568293256375e-01 5.373019552821553524e-02 -3.052140276709968347e+00 -2.549229185698528077e+00 5.339757429466428107e+01 -2.867311464272805477e+00
4.384741408706097632e-01 7.165640113310790815e-02 -1.958245812731980617e+00 -1.980918734843435169e+00 5.221698684076910979e+01 -2.978845320160543153e+00
2.835627856689068027e-01 4.641954522756974733e-02 -3.259455085683897302e+00 -2.503589349225094907e+00 5.362032691123302186e+01 -3.110858058444612606e+00
4.256973191630780695e-01 7.019876264366882446e-02 -3.095916522361121803e+00 -3.599910824844953172e+00 5.361718010218594088e+01 -1.672922904536229716e+00
2.641455628944494038e-01 3.963062086140174689e-02 -2.248813478674454913e+00 -1.167228056263987401e+00 5.255428997287017268e+01 -4.361538134394465693e+00
2.652221845001040412e-01 4.298327159524217844e-02 -2.809125618980801598e+00 -2.305690294351978142e+00 5.334692247600679593e+01 -3.593165002294581356e+00
3.201680076389231133e-01 5.398621476638181677e-02 -1.214291536744013911e+00 -1.026052677821911896e+00 5.160088391330061341e+01 -4.739327295915138905e+00
4.000958374831466435e-01 6.563028276258081606e-02 -2.593269135733055286e+00 -2.516983655004668474e+00 5.293637683196861587e+01 -2.647961109109531641e+00
3.115949848608671191e-01 4.888169924674171107e-02 -1.508964721807012577e+00 -1.341351831056634580e+00 5.198984784835613482e+01 -4.375210667156992805e+00
4.117931782969397325e-01 6.966839312177106058e-02 -3.412676887300957862e+00 -3.942885016360568429e+00 5.400423080423761490e+01 -1.449950205735396125e+00
4.682837530474128207e-01 7.428827135511829882e-02 -1.461625226771167796e+00 -1.788810607139353692e+00 5.178277066140775275e+01 -3.227663632466163612e+00
3.383334691521266979e-01 5.656939815334194321e-02 -1.374875888006274804e+00 -1.745763415292763909e+00 5.191865478394112898e+01 -4.144304363033784355e+00
3.825741849388517024e-01 6.380487413124381890e-02 -2.136138548756167488e+00 -1.953311268430853120e+00 5.242687003144089886e+01 -3.244805059370428957e+00
5.071140571581759238e-01 7.952510823275185659e-02 -2.927742725057925988e+00 -3.769210008402886114e+00 5.347899415106689247e+01 -1.197883528459267044e+00
3.197585672911404941e-01 5.318698058064928041e-02 -2.544842802549444727e+00 -2.065405920366528481e+00 5.289555887174003601e+01 -3.431628709450463610e+00
3.768245754330858399e-01 5.976809223102803881e-02 -3.514933084849851230e+00 -3.422696119985723318e+00 5.395844138133510626e+01 -1.747948131104045011e+00
4.690786200497498171e-01 7.402191087237169898e-02 -1.756321453370267793e+00 -2.166281162198228305e+00 5.212744811725493577e+01 -2.840862056228411703e+00
3.780248873795438724e-01 6.153309785332337217e-02 -3.782568388064289522e+00 -3.894208157227566858e+00 5.431055363630465393e+01 -1.448051297052695752e+00
3.240348300080093114e-01 5.259087315899355075e-02 -3.832468172324196232e+00 -3.449064505768379529e+00 5.430399296395188458e+01 -1.994431823544271065e+00
4.124865855561782313e-01 6.842847966501194867e-02 -2.324697062332318431e+00 -2.343777152043008627e+00 5.264492261276323148e+01 -2.792261286473655346e+00
3.484954160863825146e-01 5.334064967471315033e-02 -2.540379712894574649e+00 -2.015869394367303169e+00 5.280238126225109596e+01 -3.094139165998060381e+00
2.694895893568246548e-01 4.385458668623656159e-02 -2.014194785656089781e+00 -1.386446393921473730e+00 5.243692340461161905e+01 -4.470995515974951928e+00
3.923202780815179258e-01 6.384008739268887123e-02 -2.877722020008133708e+00 -3.060801834550537226e+00 5.334951806175184430e+01 -2.239860538436141191e+00
3.145926366390625062e-01 5.082719285317266467e-02 -3.096480678182865098e+00 -2.699489107323063131e+00 5.352275399879240325e+01 -2.818421689698204613e+00
4.383338036624948586e-01 7.032617868008037010e-02 -2.577267079743145395e+00 -3.028911011269296960e+00 5.304757647159987499e+01 -2.146932758331300928e+00
4.041336637724886605e-01 6.391095366606831807e-02 -2.007383316956573349e+00 -1.804003318437092718e+00 5.224547848531287997e+01 -3.204734045059167702e+00
3.277736205067343644e-01 5.454878451258293737e-02 -3.752952385039147298e+00 -3.697735260267695168e+00 5.433933314009809834e+01 -1.913754362733278480e+00
2.882105304424861791e-01 4.838014533317535476e-02 -3.063383668777770907e+00 -2.660925169037965610e+00 5.354809824850972433e+01 -3.141878805704435340e+00
4.181244618916810096e-01 6.438927153399251480e-02 -2.378978026219302766e+00 -2.677979666651564727e+00 5.282557698724139073e+01 -2.460998774420692925e+00
3.422805727331386660e-01 5.696241284402911442e-02 -1.901374095352993177e+00 -1.577546216191224149e+00 5.223845796858984158e+01 -3.898476499813440466e+00
4.535621999672967419e-01 7.265925709721909875e-02 -2.505682653698954709e+00 -3.039115261229960563e+00 5.299447505956281645e+01 -2.131402663082478277e+00
4.436878472213468538e-01 7.071952553400728814e-02 -3.446894249649031572e+00 -3.948852701385906272e+00 5.398400482445329374e+01 -1.184709072901464211e+00
3.257997930837457368e-01 5.413103013067893654e-02 -3.738444999244838307e+00 -3.293728780204262740e+00 5.412306042364166103e+01 -2.079470100353319140e+00
4.346674297702854406e-01 7.122211405099758419e-02 -2.297202074155442197e+00 -2.463279317265354873e+00 5.263415875979907810e+01 -2.589760345077191328e+00
2.871520677793030218e-01 4.714958682608328538e-02 -3.345785126439681179e+00 -2.606923251140611519e+00 5.370480685646754182e+01 -2.975696956826000328e+00
4.283890146151093092e-01 7.073046059887948267e-02 -3.060989338134801230e+00 -3.589992148165016328e+00 5.358334035900928427e+01 -1.680909093003760013e+00
2.824348190184990948e-01 4.408082981341843176e-02 -2.341994777370969949e+00 -1.578318406056052003e+00 5.271352979144227646e+01 -4.024512528567315783e+00
2.739085751350041620e-01 4.488509124139336559e-02 -3.206001860263470338e+00 -2.688302265775010635e+00 5.371989122577139852e+01 -3.121150124577638074e+00
3.201680076389231133e-01 5.398621476638181677e-02 -1.214291536744013911e+00 -1.026052677821911896e+00 5.160088391330061341e+01 -4.739327295915138905e+00
4.479251801943113787e-01 7.332916298632162488e-02 -1.821740949955742428e+00 -1.720493012764227503e+00 5.200903631551192774e+01 -3.146359183559026107e+00
3.815874077936032838e-01 6.072173196301942216e-02 -2.301007937437800521e+00 -2.433800460485099126e+00 5.276261097747456574e+01 -2.930319649350850764e+00
3.960881158641491595e-01 6.624850934487958032e-02 -3.500877108854842934e+00 -3.863139096307461440e+00 5.406982347002848854e+01 -1.534134904033927826e+00
4.682837530474128207e-01 7.428827135511829882e-02 -1.461625226771167796e+00 -1.788810607139353692e+00 5.178277066140775275e+01 -3.227663632466163612e+00
3.172172483126279863e-01 5.313063190697393801e-02 -1.919296161953621738e+00 -2.018778826595618803e+00 5.245555895354543452e+01 -3.868773140668106070e+00
3.825741849388517024e-01 6.380487413124381890e-02 -2.136138548756167488e+00 -1.953311268430853120e+00 5.242687003144089886e+01 -3.244805059370428957e+00
4.776926280658563284e-01 7.467376039487604034e-02 -3.200088599693578839e+00 -3.791861009875701960e+00 5.372123462543478212e+01 -1.179933030048031295e+00
3.240976008646739848e-01 5.529436472126962598e-02 -3.044284617441962215e+00 -2.419715716818694240e+00 5.333348194134003961e+01 -2.970815006010633752e+00
3.745357913613944212e-01 5.895468486664150187e-02 -3.584576122388571484e+00 -3.493752587613589533e+00 5.404694362651166983e+01 -1.689330355028309638e+00
4.462559319029703597e-01 7.056305070167581683e-02 -1.924420955979950998e+00 -2.229539841519083243e+00 5.230639259990286405e+01 -2.858914011714031922e+00
3.611888625341451164e-01 5.753432428765357237e-02 -3.891211530471494928e+00 -3.804722224242177653e+00 5.438705977710820605e+01 -1.518710327183248499e+00
2.718640232283011104e-01 4.495038480721215424e-02 -3.839155557311388911e+00 -3.215327683484369814e+00 5.433870076349636236e+01 -2.518302290137672816e+00
4.201324420183605302e-01 7.212921651985429450e-02 -1.464526918800850064e+00 -1.437349927754097978e+00 5.168511788639636961e+01 -3.748995198902420611e+00
3.462660763857022261e-01 5.553604595721139958e-02 -2.620951863753930855e+00 -2.453647286029525088e+00 5.304184575949393121e+01 -2.984831010622992054e+00
2.738486802878706272e-01 4.458279866175065415e-02 -2.148955685148007611e+00 -1.565274396950973479e+00 5.258724536126252502e+01 -4.274774944759927919e+00
3.769238236386100449e-01 6.159615822633470600e-02 -3.177061818318551278e+00 -3.345007156060729070e+00 5.368715569776124141e+01 -2.019460327896013929e+00
3.023733115837352048e-01 4.793629993010121298e-02 -3.233495428960212248e+00 -2.884483388495060030e+00 5.372943647221628538e+01 -2.732505271183760964e+00
4.826893859223853611e-01 7.715865443718224193e-02 -2.395708137531160631e+00 -3.105916023585840069e+00 5.287833670964803900e+01 -1.958749623989477273e+00
4.015327516465101998e-01 6.250429759357659099e-02 -1.908578947723886809e+00 -1.635929877135050114e+00 5.212110056084037524e+01 -3.333168792471225217e+00
3.229547490267581922e-01 5.302128485331335239e-02 -3.544091657261608574e+00 -3.406116587087610892e+00 5.409375317310604458e+01 -2.189149572671210908e+00
2.882105304424861791e-01 4.838014533317535476e-02 -3.063383668777770907e+00 -2.660925169037965610e+00 5.354809824850972433e+01 -3.141878805704435340e+00
4.061909770391329833e-01 6.336414081480816474e-02 -2.861496605285837713e+00 -3.209677657166481346e+00 5.338744099208787475e+01 -2.032891294939545901e+00
3.494395651583436790e-01 5.761814679779864862e-02 -1.718731580411692272e+00 -1.446873532451915745e+00 5.205456978754798314e+01 -4.006268564540493848e+00
4.666379100006928793e-01 7.515830907266805860e-02 -2.322702913588476026e+00 -2.817047359433669129e+00 5.275441098984236987e+01 -2.255817569442629011e+00
4.436878472213468538e-01 7.071952553400728814e-02 -3.446894249649031572e+00 -3.948852701385906272e+00 5.398400482445329374e+01 -1.184709072901464211e+00
3.251711145489960542e-01 5.382163338707059153e-02 -3.727731363860611324e+00 -3.300485992734309093e+00 5.413067669653035097e+01 -2.099699498805422060e+00
4.593888524283436525e-01 7.514223256556766539e-02 -1.511914381205331281e+00 -1.501923671197823218e+00 5.168483700651344037e+01 -3.370800260047281949e+00
2.869822225556331596e-01 4.714249090071120918e-02 -3.015984998161849617e+00 -2.351226600987916360e+00 5.339383469047822217e+01 -3.318042987353967632e+00
4.368192853631482908e-01 7.242934007137935559e-02 -3.153064643217169838e+00 -3.772559897767342019e+00 5.369220428883079421e+01 -1.493954394330089919e+00
2.849414576123571186e-01 4.358733740549333019e-02 -2.402604124395273377e+00 -1.541648624536753331e+00 5.274049820416075818e+01 -3.955492164078238115e+00
2.739085751350041620e-01 4.488509124139336559e-02 -3.206001860263470338e+00 -2.688302265775010635e+00 5.371989122577139852e+01 -3.121150124577638074e+00
3.450595751629330632e-01 5.669318170232608839e-02 -1.771371531628888274e+00 -1.699479915803564722e+00 5.218793754529909990e+01 -3.886179832019483804e+00
4.609913781785553444e-01 7.640271168967190107e-02 -1.506220419273903044e+00 -1.270247007242703674e+00 5.159074266796164920e+01 -3.480933516312185283e+00
3.815874077936032838e-01 6.072173196301942216e-02 -2.301007937437800521e+00 -2.433800460485099126e+00 5.276261097747456574e+01 -2.930319649350850764e+00
4.117105503321536464e-01 6.924512431563469017e-02 -3.544026126030929369e+00 -3.996206074394592633e+00 5.412149848238541949e+01 -1.376498814754682387e+00
4.755294932630197424e-01 7.554683732422874665e-02 -1.373043409688770922e+00 -1.738735580649688917e+00 5.169232252738445510e+01 -3.267591578889015747e+00
3.173299734920820847e-01 5.295185820159635515e-02 -2.442234794010456511e+00 -2.572312365653909083e+00 5.301308997699963044e+01 -3.287978399888538128e+00
3.858215495425063035e-01 6.330854811043595820e-02 -2.266140845746549282e+00 -2.194777919124459409e+00 5.260947338389682670e+01 -3.020750252305934858e+00
4.776926280658563284e-01 7.467376039487604034e-02 -3.200088599693578839e+00 -3.791861009875701960e+00 5.372123462543478212e+01 -1.179933030048031295e+00
3.431476949209987803e-01 6.042169624433399444e-02 -3.365403057337545079e+00 -2.804440336695191327e+00 5.361695189324046851e+01 -2.489017199379914835e+00
3.748934691740172243e-01 5.904431446381401549e-02 -3.519469935011670714e+00 -3.439988835435500825e+00 5.398179866336685251e+01 -1.752276821352566794e+00
4.235664317900766918e-01 6.759613752591869806e-02 -1.003705210404032044e+00 -1.101931324958306480e+00 5.128522745800309934e+01 -4.070721988470577202e+00
3.611888625341451164e-01 5.753432428765357237e-02 -3.891211530471494928e+00 -3.804722224242177653e+00 5.438705977710820605e+01 -1.518710327183248499e+00
2.720100860808516985e-01 4.493836965855504961e-02 -3.818468413355045499e+00 -3.192708171249099447e+00 5.431624482803304232e+01 -2.539114475741514276e+00
4.211437013318054534e-01 7.228300463194606285e-02 -1.439557314154758183e+00 -1.419392046998647405e+00 5.165974162414821080e+01 -3.765546068195287699e+00
3.496990251570031294e-01 5.603294960244088740e-02 -2.682558216246155425e+00 -2.518580173267496392e+00 5.309844691898971547e+01 -2.894014858795399103e+00
2.889045129362065034e-01 4.675326525959160040e-02 -2.372531288076036304e+00 -1.866108272370329058e+00 5.281568022481744151e+01 -3.878924433087926893e+00
3.532431215562427118e-01 5.719981171701067624e-02 -2.995446995745285168e+00 -2.923596653683657287e+00 5.346716381312203481e+01 -2.483209768434339715e+00
3.023733115837352048e-01 4.793629993010121298e-02 -3.233495428960212248e+00 -2.884483388495060030e+00 5.372943647221628538e+01 -2.732505271183760964e+00
4.441306563450470590e-01 7.005029722048765339e-02 -2.265094472969330752e+00 -2.522090444990652269e+00 5.263187917041580022e+01 -2.499965133151663910e+00
4.050234669185717729e-01 6.248096155785638761e-02 -1.999317463919836335e+00 -1.726475371360085109e+00 5.220906109788005978e+01 -3.199959732888159269e+00
2.833757933144062102e-01 4.663977354430362543e-02 -3.858614552985037971e+00 -3.493504406946497554e+00 5.444205333320925178e+01 -2.274442880956102808e+00
2.977188720807156797e-01 5.126305195672895693e-02 -2.393178985312720553e+00 -2.155452062067731767e+00 5.286300800103919784e+01 -3.751475515594498766e+00
3.941371789143416904e-01 6.118076703284430068e-02 -2.828538805559874358e+00 -3.132380497123146146e+00 5.336356488691825462e+01 -2.157466911544701826e+00
3.847850526017310147e-01 6.594777428913786710e-02 -1.081081663396353143e+00 -1.009542377157540027e+00 5.134801001343184623e+01 -4.370667158137201191e+00
4.847453582446153986e-01 7.712923726267068014e-02 -2.655874321961341433e+00 -3.239408840168953141e+00 5.311764983045668487e+01 -1.747596888884025201e+00
4.340631957330201574e-01 6.965880536956083058e-02 -3.238480195633749226e+00 -3.630175603769597359e+00 5.373551840938574742e+01 -1.512922843679174623e+00
3.317787157399151310e-01 5.547445460877474532e-02 -3.658294493027129501e+00 -3.254455629221051804e+00 5.404564744359836226e+01 -2.124363021144337615e+00
4.537523552229909551e-01 7.432032520215432758e-02 -1.181577760777257291e+00 -1.144373484595342383e+00 5.132356923566158002e+01 -3.768680032699389670e+00
2.707540687268602531e-01 4.442924666786701032e-02 -2.940158327607112820e+00 -2.204170203198234201e+00 5.332985488616925096e+01 -3.540820431538617807e+00
4.368571520731449609e-01 7.242969356644761436e-02 -3.157203875604110088e+00 -3.778244325499050760e+00 5.369711400537779156e+01 -1.488467026014302697e+00
2.848450009945533989e-01 4.371569071003014728e-02 -2.394563622718310025e+00 -1.552928497746607572e+00 5.273780318757912511e+01 -3.960851717470565525e+00
2.782557091538452876e-01 4.572182787851650221e-02 -3.099425265751162506e+00 -2.660422706868213361e+00 5.362103562074435814e+01 -3.161974183181273546e+00
2.923222199419422962e-01 4.911302096851811322e-02 -1.528074093585686244e+00 -1.244197371356209558e+00 5.197839229996436927e+01 -4.697531174474611326e+00
4.409991313193483142e-01 7.196575774296540273e-02 -2.024654102740762518e+00 -2.013128939060474742e+00 5.227106831998887060e+01 -2.931047027341790567e+00
4.043929341088906004e-01 6.416185314403045903e-02 -1.552370654207315459e+00 -1.828662492222776326e+00 5.198206976743350793e+01 -3.513941971702965628e+00
4.127311674608711844e-01 6.927047195817309655e-02 -3.503764087681808359e+00 -3.949799450662963451e+00 5.407460378733229334e+01 -1.411866649999797385e+00
4.365147236559173693e-01 7.141980507818740387e-02 -1.247517039338402522e+00 -1.425225412687989524e+00 5.154428840753303831e+01 -3.741849167232365048e+00
3.074573212538134204e-01 5.134255606430525309e-02 -2.383503382874946119e+00 -2.473143441682012167e+00 5.295697902175390226e+01 -3.436207348876846090e+00
3.870492650190802131e-01 6.395159838800648644e-02 -2.072863560509441427e+00 -1.957345651865561864e+00 5.238265821693426716e+01 -3.237309902754119229e+00
4.810312721392457913e-01 7.511101732188324442e-02 -3.243779565883329497e+00 -3.859105077483715451e+00 5.377251011194307750e+01 -1.102875067999572689e+00
3.482170742086988513e-01 6.344053783633343824e-02 -3.373923491675251185e+00 -2.696556269969061059e+00 5.354312308766865414e+01 -2.534988694362023676e+00
3.709460284937176056e-01 5.849393397168310693e-02 -3.602252886461800863e+00 -3.494257154854540914e+00 5.406011204009671189e+01 -1.696988203671983886e+00
4.235664317900766918e-01 6.759613752591869806e-02 -1.003705210404032044e+00 -1.101931324958306480e+00 5.128522745800309934e+01 -4.070721988470577202e+00
3.686025205311418973e-01 5.867158359020334391e-02 -3.489875134756549535e+00 -3.465637723618575805e+00 5.397437243612286295e+01 -1.861084656687441052e+00
2.665373504263575111e-01 4.397362932412271497e-02 -3.833134794861514649e+00 -3.187054243482223992e+00 5.434102217297563442e+01 -2.577091338960145972e+00
4.211437013318054534e-01 7.228300463194606285e-02 -1.439557314154758183e+00 -1.419392046998647405e+00 5.165974162414821080e+01 -3.765546068195287699e+00
3.607164753488740772e-01 6.001904286949812789e-02 -1.750830139718775325e+00 -1.614838496258870881e+00 5.204697567096493316e+01 -3.768946398854434054e+00
2.913010604783135005e-01 4.724075525432630540e-02 -2.444401840693998906e+00 -1.943712991013949676e+00 5.288443193848864610e+01 -3.780849377126642707e+00
3.614471246646004943e-01 5.853188123866303466e-02 -3.074876789326054904e+00 -3.058440072797402820e+00 5.355023638024979959e+01 -2.305238132230309489e+00
3.076185502134715088e-01 4.918598537987459857e-02 -3.350961607896646655e+00 -2.971937222067967177e+00 5.382318485586831969e+01 -2.587508573064686068e+00
4.382625899276416104e-01 7.036022843802498816e-02 -2.111263811568930837e+00 -2.367004203167399901e+00 5.248124567759862202e+01 -2.736833757508695175e+00
4.070135543804898615e-01 6.320458197667848388e-02 -2.094230420078940558e+00 -1.888095380288023595e+00 5.233177018918305379e+01 -3.069621656458156878e+00
2.835620813100667714e-01 4.664359760224313922e-02 -3.808541571943822479e+00 -3.438669945299983155e+00 5.438725334202071338e+01 -2.328505244915094252e+00
2.681946177097581097e-01 4.535051115109032388e-02 -2.157041854762263622e+00 -1.761767381928701859e+00 5.264393500949437765e+01 -4.256184354349670684e+00
3.637612521979427527e-01 5.974875139145991582e-02 -3.573972909001145837e+00 -3.806755839890146653e+00 5.416752707199770356e+01 -1.688773736685494242e+00
3.847850526017310147e-01 6.594777428913786710e-02 -1.081081663396353143e+00 -1.009542377157540027e+00 5.134801001343184623e+01 -4.370667158137201191e+00
4.691959815581974169e-01 7.411378940989457598e-02 -2.690502266385609076e+00 -3.175343084651284897e+00 5.316209422291741760e+01 -1.853687134012407478e+00
4.387402647406483114e-01 6.936399337352611161e-02 -2.071891608276122732e+00 -2.082658663807950283e+00 5.233843455770245612e+01 -2.842095461921287924e+00
3.699399120559392351e-01 6.120239789866555730e-02 -3.524361502164028881e+00 -3.313852834139765946e+00 5.389987658544824711e+01 -1.910753657317014298e+00
4.524061858012559667e-01 7.423621934905662301e-02 -1.192227822792957914e+00 -1.155726960894985833e+00 5.133744729978904786e+01 -3.768550654553382895e+00
2.707540687268602531e-01 4.442924666786701032e-02 -2.940158327607112820e+00 -2.204170203198234201e+00 5.332985488616925096e+01 -3.540820431538617807e+00
4.385794986308973464e-01 7.196984557384629444e-02 -2.632924049247475473e+00 -2.960754724928004400e+00 5.303770657079390816e+01 -2.153574707752389461e+00
2.708526151577915209e-01 4.050052209141988269e-02 -2.817239186650487781e+00 -1.950531397497430541e+00 5.321484646270243246e+01 -3.607143835409704735e+00
2.897469808146259651e-01 4.781569536302281154e-02 -3.219413258263342570e+00 -2.787960267285839677e+00 5.371219884415087620e+01 -2.939201351426190545e+00
2.950168279933439441e-01 4.928773341394239449e-02 -1.721487176559260535e+00 -1.391347007444298400e+00 5.215660851262309450e+01 -4.487853379533471632e+00
4.500353398224434254e-01 7.378338389374647366e-02 -1.910449914885082867e+00 -1.758911656114911182e+00 5.207474068944381429e+01 -3.047730728268179146e+00
4.040590025782038186e-01 6.428383305453502783e-02 -1.483324381843461159e+00 -1.821089279308319542e+00 5.193750932562429767e+01 -3.570559317066922311e+00
4.503693163658920029e-01 7.383170433457983406e-02 -2.989867226399730349e+00 -3.683929653932619175e+00 5.356649308292712419e+01 -1.567179071337673868e+00
4.303251033482639043e-01 7.048530724747542608e-02 -1.350792774145539887e+00 -1.491809698557203356e+00 5.164919374836271260e+01 -3.678716092891526568e+00
2.884848654034253279e-01 4.841327933496310243e-02 -2.210074479799028602e+00 -2.113233671948743897e+00 5.275658870520838661e+01 -3.876038944416327237e+00
4.103923561344869908e-01 6.891845592929980724e-02 -1.620758754398517576e+00 -1.485549099864350575e+00 5.183701024425119641e+01 -3.612921868878687270e+00
4.267171684321601766e-01 6.703871460471798327e-02 -3.284690341482060294e+00 -3.542567889469388387e+00 5.377067560225847842e+01 -1.550902559573550166e+00
3.425942315758253032e-01 6.147887385779363112e-02 -3.265814060127325114e+00 -2.689601629813612949e+00 5.350180935494829271e+01 -2.630916715297320074e+00
3.591881319747406431e-01 5.669248887711493545e-02 -3.669202702196175281e+00 -3.484072091056596321e+00 5.412113219655540064e+01 -1.727786567989323396e+00
3.982823261439634166e-01 6.424203535606233528e-02 -1.692221039542156413e+00 -1.656532356507954384e+00 5.200312390652922545e+01 -3.579106198656672788e+00
3.009709219593693641e-01 4.828345240561519175e-02 -3.749882049570417486e+00 -3.528286292665800516e+00 5.431390849211597072e+01 -2.150059258752085700e+00
2.665373504263575111e-01 4.397362932412271497e-02 -3.833134794861514649e+00 -3.187054243482223992e+00 5.434102217297563442e+01 -2.577091338960145972e+00
4.463115503951539664e-01 7.749015902753442209e-02 -1.943505162905717620e+00 -2.230332540299490240e+00 5.226105030905643645e+01 -2.953475998340660436e+00
3.655777136991813503e-01 6.079793156566494494e-02 -1.857354160448314140e+00 -1.727498314111234556e+00 5.215798442740751995e+01 -3.628103872256223994e+00
2.913010604783135005e-01 4.724075525432630540e-02 -2.444401840693998906e+00 -1.943712991013949676e+00 5.288443193848864610e+01 -3.780849377126642707e+00
3.653364761516136316e-01 5.833847454611353067e-02 -3.086698982298979654e+00 -3.166598843858169143e+00 5.360184698360752975e+01 -2.204120805639930403e+00
3.220399347287897229e-01 5.032923041719362944e-02 -3.335879017418155623e+00 -3.055031230778745055e+00 5.382675471031699743e+01 -2.418099436405207747e+00
4.766786784490041340e-01 7.706575507958449145e-02 -1.843808100093332625e+00 -2.274406868861753139e+00 5.217762184724718111e+01 -2.687998851991960425e+00
4.237415467859133589e-01 6.741347071735646901e-02 -2.033401657330643264e+00 -2.077601345877377881e+00 5.233805165216511313e+01 -2.976023994415515794e+00
3.337450538261795829e-01 5.378269485422772223e-02 -3.288162840645287410e+00 -3.202484764581348564e+00 5.382789395364956420e+01 -2.335809835533630530e+00
2.911492488550272983e-01 5.164908837939184011e-02 -2.600551029016282989e+00 -2.045623502088243395e+00 5.295714989299404607e+01 -3.716848094655235801e+00
3.139021670248908213e-01 5.160351438706051175e-02 -3.387839649840693745e+00 -3.124666076679877502e+00 5.389859488002824150e+01 -2.492113253712985088e+00
3.707036026805740625e-01 6.295772298051308113e-02 -1.558888666146157842e+00 -1.387180173996225951e+00 5.185231922468450705e+01 -4.000113836602756656e+00
4.616950600630109758e-01 7.358853135061738104e-02 -2.676395822885502263e+00 -3.122769755314691142e+00 5.313161972276779466e+01 -1.927158445310537038e+00
4.121382223790764909e-01 6.620826669353035987e-02 -2.633497241653948606e+00 -2.558706797232220609e+00 5.294217487801136457e+01 -2.481986927990879277e+00
3.558149292097033678e-01 5.863084338823923436e-02 -3.612089060668359775e+00 -3.397996385998891977e+00 5.402601801560108186e+01 -1.916249574283033885e+00
4.461652203958004215e-01 7.331886344514865206e-02 -1.351562756726869097e+00 -1.273481859091727619e+00 5.150165853864726273e+01 -3.664159215841707784e+00
2.706233823810582084e-01 4.440928908654975110e-02 -2.940338855411333441e+00 -2.203541483205311735e+00 5.332999056488827705e+01 -3.541924875308727572e+00
4.238754446922549657e-01 7.094018237309490660e-02 -2.605271192696305249e+00 -2.857695244730088291e+00 5.297796741817901278e+01 -2.297600495112484431e+00
2.978942405641615832e-01 4.658237695519775595e-02 -2.476452938566312323e+00 -1.797964726540230762e+00 5.284584709584038364e+01 -3.713567896221108278e+00
2.957453588716345561e-01 4.896773856577844863e-02 -3.102668241134295180e+00 -2.693444315502593334e+00 5.358181143002093449e+01 -3.010516779756130301e+00
2.950168279933439441e-01 4.928773341394239449e-02 -1.721487176559260535e+00 -1.391347007444298400e+00 5.215660851262309450e+01 -4.487853379533471632e+00
4.322708251142526326e-01 6.947840162994095570e-02 -1.804719063276287283e+00 -1.699417793919947073e+00 5.202989226906295528e+01 -3.225960670390685348e+00
3.864190238870261473e-01 6.113089086770972375e-02 -1.569994499628779128e+00 -1.865276011727215133e+00 5.204702263479165936e+01 -3.593191457707717085e+00
4.040366000552919612e-01 6.629785231076340546e-02 -3.037637665330175984e+00 -3.461421102659547611e+00 5.360649477268245988e+01 -1.965592981922184013e+00
4.193436921159401920e-01 6.859330610873771994e-02 -1.524954078707840166e+00 -1.625764905441096531e+00 5.184029867211818043e+01 -3.583645720351711361e+00
3.211930697557503489e-01 5.349468197623369337e-02 -2.437053775606318862e+00 -2.321822033515069883e+00 5.291882826314426325e+01 -3.399471883034619779e+00
4.289361231701642740e-01 7.134832537126956087e-02 -1.766459256160622493e+00 -1.675836593085677562e+00 5.198839538095185731e+01 -3.364068240228441198e+00
4.489379361461847684e-01 6.988765140910865870e-02 -3.502344924297539297e+00 -3.947642928881971436e+00 5.404266963988877848e+01 -1.087449239580110527e+00
3.229053087853564485e-01 5.694727326041446741e-02 -3.412676960298872686e+00 -2.818377697861819353e+00 5.371905723744350780e+01 -2.616982884947533172e+00
3.621521271445624079e-01 5.719645851038428208e-02 -3.671158229962625086e+00 -3.494365547645320369e+00 5.411909478505748439e+01 -1.699936944078952461e+00
3.982823261439634166e-01 6.424203535606233528e-02 -1.692221039542156413e+00 -1.656532356507954384e+00 5.200312390652922545e+01 -3.579106198656672788e+00
3.253743472969774508e-01 5.257538590114008148e-02 -3.409858090076208104e+00 -3.230127160934214370e+00 5.391829893178058342e+01 -2.324962666576071868e+00
2.746834659062170614e-01 4.539268656727217521e-02 -3.625057079635528368e+00 -3.058096440241016012e+00 5.412905248405034797e+01 -2.699662351886467082e+00
4.490485286786656260e-01 7.814330745459333039e-02 -1.968097861304102691e+00 -2.287083704804933504e+00 5.229336140268198818e+01 -2.903227403850598520e+00
3.730694616929690621e-01 6.219645451711987988e-02 -1.778509457789379855e+00 -1.688250068110569879e+00 5.207138653280340890e+01 -3.643566582828718481e+00
2.738378871423544636e-01 4.413749720964670054e-02 -2.138393605254497842e+00 -1.565114261840173659e+00 5.258790263941912002e+01 -4.271923612527842806e+00
3.572813233516355380e-01 5.709467390353339944e-02 -3.357718978002169674e+00 -3.384639079800295658e+00 5.388410995268406367e+01 -1.991926065809795254e+00
3.195086982681175081e-01 4.994577422080720419e-02 -3.643023768046639077e+00 -3.346272093106926970e+00 5.414840732010752333e+01 -2.100613527006398584e+00
4.514082324521693779e-01 7.338748377496806530e-02 -1.667987180201792041e+00 -2.140209575857556334e+00 5.206645593722042520e+01 -3.032975710446247586e+00
3.806316240550553509e-01 5.985243238241596403e-02 -2.807835658736846263e+00 -2.717924198480750064e+00 5.320805556484458521e+01 -2.485356167982066822e+00
3.337450538261795829e-01 5.378269485422772223e-02 -3.288162840645287410e+00 -3.202484764581348564e+00 5.382789395364956420e+01 -2.335809835533630530e+00
2.949251523062315083e-01 5.130253856264337109e-02 -2.621898548549779218e+00 -2.093838691309237277e+00 5.299479390711651661e+01 -3.634027451756822291e+00
2.971912077513906847e-01 4.677656205378270121e-02 -3.805134956682307390e+00 -3.708527899707354969e+00 5.447289743270776796e+01 -2.045761963194058008e+00
3.770722521708895214e-01 6.520855266482127044e-02 -1.398603315565085214e+00 -1.280531776317075376e+00 5.167769342897309315e+01 -4.113301236472918454e+00
4.616950600630109758e-01 7.358853135061738104e-02 -2.676395822885502263e+00 -3.122769755314691142e+00 5.313161972276779466e+01 -1.927158445310537038e+00
4.402565362953477779e-01 7.022788778764711692e-02 -2.198660876650239793e+00 -2.164754116642775728e+00 5.244937304567779535e+01 -2.712494305139875106e+00
3.571232927287723569e-01 5.927158367490752144e-02 -3.587294740072925148e+00 -3.347114845385724458e+00 5.398772696235114665e+01 -1.959267754477334922e+00
4.461652203958004215e-01 7.331886344514865206e-02 -1.351562756726869097e+00 -1.273481859091727619e+00 5.150165853864726273e+01 -3.664159215841707784e+00
2.771076310542436860e-01 4.545109825232783451e-02 -2.850377881598449736e+00 -2.144360758010507073e+00 5.323224501652597240e+01 -3.576681824182859515e+00
4.322474478402814624e-01 7.176090700248978493e-02 -2.731851296413704944e+00 -2.851031437400600055e+00 5.304439411514832869e+01 -2.156902787409327615e+00
3.121533458945003892e-01 4.892577486583491592e-02 -2.330445392733139887e+00 -1.808806873443896679e+00 5.271717666364060051e+01 -3.694178294217867364e+00
2.867129480107490913e-01 4.743457445025668628e-02 -3.326695142525888382e+00 -2.849825691922098780e+00 5.381649622535503141e+01 -2.877206591775663291e+00
2.874412836552469042e-01 4.762568104541272523e-02 -1.478088020863563834e+00 -1.188740113694177314e+00 5.194653377629115454e+01 -4.780903419818667288e+00
4.223542829016721512e-01 6.670107470073916023e-02 -2.025690201385177858e+00 -1.927515186734399144e+00 5.229640135566360470e+01 -3.017517575382901995e+00
3.864190238870261473e-01 6.113089086770972375e-02 -1.569994499628779128e+00 -1.865276011727215133e+00 5.204702263479165936e+01 -3.593191457707717085e+00
4.131769997345952627e-01 6.824024275760121050e-02 -2.416477957816927535e+00 -2.807486393344918341e+00 5.290727687088983799e+01 -2.577756126134136849e+00
4.403026349740212786e-01 7.254261220311858382e-02 -1.097816322725911675e+00 -1.280128566996698858e+00 5.137267152581481611e+01 -3.877657175904014597e+00
2.890015330034980123e-01 4.990852858658166580e-02 -2.977230428935063067e+00 -3.085380941629066065e+00 5.365225029188152917e+01 -3.047630814970553548e+00
4.243868739785492394e-01 6.911639200295603691e-02 -1.928323954421202746e+00 -1.828600079022303149e+00 5.217313273916763450e+01 -3.177300390016980280e+00
4.405819894588355323e-01 6.923482761752862424e-02 -2.869684920188134925e+00 -3.193023133106360767e+00 5.333111927560636190e+01 -1.874548130747592412e+00
3.163252568655298136e-01 5.498212394084053822e-02 -3.006343241543827816e+00 -2.694028634268619715e+00 5.342673046240796708e+01 -2.961529027960792426e+00
4.074354122405057788e-01 6.531025905542860166e-02 -2.467205380417869964e+00 -2.510375165344573833e+00 5.283726837312121916e+01 -2.626326496595571491e+00
4.154322848041849814e-01 6.684814982118111870e-02 -1.446461773626426250e+00 -1.448725257493477914e+00 5.172233031602029740e+01 -3.703890480129983231e+00
2.991988762874786545e-01 4.825229537505400235e-02 -3.791068475461980114e+00 -3.477180662966679492e+00 5.432336760203882875e+01 -2.155992219452758984e+00
2.746834659062170614e-01 4.539268656727217521e-02 -3.625057079635528368e+00 -3.058096440241016012e+00 5.412905248405034797e+01 -2.699662351886467082e+00
4.298194873525846837e-01 7.245942576191258255e-02 -2.787842050275403327e+00 -3.108856190881992276e+00 5.321802448516839235e+01 -2.091068748716182313e+00
3.730694616929690621e-01 6.219645451711987988e-02 -1.778509457789379855e+00 -1.688250068110569879e+00 5.207138653280340890e+01 -3.643566582828718481e+00
2.738378871423544636e-01 4.413749720964670054e-02 -2.138393605254497842e+00 -1.565114261840173659e+00 5.258790263941912002e+01 -4.271923612527842806e+00
3.612784293937131852e-01 5.787666029184185268e-02 -3.324348445529235363e+00 -3.356187744666148998e+00 5.383933728675345520e+01 -2.000722431571073656e+00
3.324158593759283797e-01 5.177866542306676367e-02 -3.549267920921665542e+00 -3.136764036879579276e+00 5.396074078304395982e+01 -2.132336536840798491e+00
4.423616515907291546e-01 7.115584380479615667e-02 -1.864773799236433049e+00 -2.203961898306333822e+00 5.224213350567504222e+01 -2.926638446096176516e+00
4.380270847413310631e-01 6.765943683882261195e-02 -2.511835636460049148e+00 -2.472121000972954619e+00 5.277687862616368619e+01 -2.357854512671075042e+00
3.507208053492396616e-01 5.656468847593204563e-02 -3.415972041601160747e+00 -3.436704657365592386e+00 5.396602612812063171e+01 -2.027714091082989611e+00
3.182378556279096826e-01 5.369727104999650474e-02 -2.575594616992901376e+00 -2.128609357091146403e+00 5.293436740848037658e+01 -3.451667773266860806e+00
3.468229893575332512e-01 5.671329664676966892e-02 -3.246611789865960773e+00 -3.123695955269999658e+00 5.372406126269676463e+01 -2.331630899846218075e+00
3.770722521708895214e-01 6.520855266482127044e-02 -1.398603315565085214e+00 -1.280531776317075376e+00 5.167769342897309315e+01 -4.113301236472918454e+00
4.704130136438706145e-01 7.479218293674998186e-02 -2.770207088098902481e+00 -3.305392868429489539e+00 5.325276312670719392e+01 -1.743155309614856430e+00
4.412133950683564398e-01 7.114741785285577658e-02 -1.683302006198767353e+00 -1.519753658493246951e+00 5.183699462867784291e+01 -3.312102423196321865e+00
3.688148334244664150e-01 6.290309239219449289e-02 -3.618102838173633096e+00 -3.462679499716859066e+00 5.401462870903252167e+01 -1.865134816587054267e+00
4.563320917681228384e-01 7.512336409410941274e-02 -1.427575153117169648e+00 -1.388392066959124316e+00 5.157209096838843010e+01 -3.501506228361483952e+00
2.771076310542436860e-01 4.545109825232783451e-02 -2.850377881598449736e+00 -2.144360758010507073e+00 5.323224501652597240e+01 -3.576681824182859515e+00
4.260474583376333557e-01 7.071378454739456199e-02 -2.748749934108134507e+00 -2.857161912165964157e+00 5.307575710613755859e+01 -2.195092227883414182e+00
2.950582050959243974e-01 4.462370768436413337e-02 -1.804620079560711687e+00 -1.154203745991319030e+00 5.217966330145692666e+01 -4.403453137411992735e+00
2.867129480107490913e-01 4.743457445025668628e-02 -3.326695142525888382e+00 -2.849825691922098780e+00 5.381649622535503141e+01 -2.877206591775663291e+00
2.865018343393531119e-01 4.799593585798141854e-02 -1.437814490205599594e+00 -1.192999730557052773e+00 5.191778024710782802e+01 -4.827457058628329634e+00
3.582981141302691297e-01 5.689177436980868280e-02 -2.243236095619830728e+00 -1.804022872171130221e+00 5.253078345072030686e+01 -3.409760559967102367e+00
3.954020448256959641e-01 6.261725012439919857e-02 -1.870296118235055483e+00 -2.030656665312273290e+00 5.228446428398560641e+01 -3.269436963807590857e+00
4.473243294476534349e-01 7.380045925663494821e-02 -1.866842939514627764e+00 -2.536865551194144253e+00 5.235588822935952180e+01 -2.797888999531564558e+00
4.403026349740212786e-01 7.254261220311858382e-02 -1.097816322725911675e+00 -1.280128566996698858e+00 5.137267152581481611e+01 -3.877657175904014597e+00
3.010923807115413187e-01 5.089850111577728931e-02 -3.058438159158980874e+00 -3.135224508848841740e+00 5.369666756586285317e+01 -2.842875716777510497e+00
4.236346590145080859e-01 6.946359376015662224e-02 -1.905696675369075166e+00 -1.902199500198743731e+00 5.218433253832970564e+01 -3.171103931625534056e+00
4.405819894588355323e-01 6.923482761752862424e-02 -2.869684920188134925e+00 -3.193023133106360767e+00 5.333111927560636190e+01 -1.874548130747592412e+00
3.302539871119807291e-01 5.775822073878161822e-02 -3.264389605990698051e+00 -3.057462780133826552e+00 5.370503052323942228e+01 -2.563069387183888104e+00
3.797555764573407600e-01 5.845145777928873604e-02 -2.543238293080690493e+00 -2.428914502112981655e+00 5.294449342656899660e+01 -2.755785807973445412e+00
4.330375666728388806e-01 7.007831446708090439e-02 -1.395684741829033904e+00 -1.491555983068114877e+00 5.165664797403986341e+01 -3.600044395912330497e+00
2.859620825763081742e-01 4.680941289574772762e-02 -3.892595379077308237e+00 -3.615251880412718499e+00 5.447237889154218493e+01 -2.159365915629872124e+00
2.874270465877415970e-01 4.720614939579607927e-02 -3.094488729542963057e+00 -2.557670094185463761e+00 5.355535858842464592e+01 -3.155032007707791131e+00
3.913318794927115873e-01 6.590124673146852130e-02 -3.576260965881331799e+00 -3.744895600229327215e+00 5.408362703254540804e+01 -1.613298847104394973e+00
3.647161285543614739e-01 6.110134812136028964e-02 -1.774147014489978025e+00 -1.719988359433761937e+00 5.211102468661226084e+01 -3.731794430313973621e+00
2.719747391136517201e-01 4.388446193923030425e-02 -2.207130356935189219e+00 -1.597234054134866188e+00 5.264564470729115442e+01 -4.232950131906633828e+00
3.620775789410394241e-01 5.760837732547459400e-02 -3.273776483834519802e+00 -3.357932718162222940e+00 5.381079778212480136e+01 -2.008695330925633904e+00
3.337844685183766202e-01 5.202231296052721443e-02 -3.525795164906252666e+00 -3.116422995391750383e+00 5.393402530291285046e+01 -2.147177299250889515e+00
4.524393367332013027e-01 7.332316803083926970e-02 -2.361009576919798292e+00 -2.899338956933056988e+00 5.282271534601317597e+01 -2.254937542218724555e+00
4.446769051668778006e-01 7.248066144067644156e-02 -2.684291844092333790e+00 -2.936165614172238758e+00 5.304709531926170740e+01 -2.079266579376960244e+00
3.518945247421618738e-01 5.692841252207158503e-02 -3.568407236724997489e+00 -3.693893679966123500e+00 5.416667192205434844e+01 -1.814675903891792563e+00
2.963559085910052460e-01 5.040456116274431853e-02 -2.727292794043757684e+00 -2.198203450581492024e+00 5.310745616910544697e+01 -3.492576669913864507e+00
3.380351039164646298e-01 5.713406469691319906e-02 -3.724236546207050136e+00 -3.781523250177161621e+00 5.427598738499970921e+01 -1.819594158200054546e+00
3.684257982951245625e-01 6.299892605997327311e-02 -1.947693735984664665e+00 -1.850226333877738716e+00 5.228962685005376443e+01 -3.597697273952869423e+00
4.997873606450643491e-01 7.697789127131005049e-02 -2.639840785301030834e+00 -3.314745497707020316e+00 5.314186470887088376e+01 -1.605348360728680257e+00
4.317397340955758667e-01 6.944178467226441720e-02 -1.563860332834886790e+00 -1.463806264372849775e+00 5.175975843587600878e+01 -3.471504865952874219e+00
3.223134986314397099e-01 5.477270607156461968e-02 -3.414840610489449535e+00 -2.953110985386427689e+00 5.379256303662960192e+01 -2.540170667217448219e+00
4.626914305693161089e-01 7.620093848818598747e-02 -1.400684684231974231e+00 -1.381188139731691411e+00 5.153505912860189397e+01 -3.476275341012884823e+00
2.796536127195978216e-01 4.788857979339215809e-02 -3.390877301667370336e+00 -2.687476885100943846e+00 5.375747174903197845e+01 -3.046823413398016100e+00
4.118319968450582236e-01 6.932655652666072643e-02 -3.040429960547755162e+00 -2.923759555394035647e+00 5.329976238985602066e+01 -2.070471772810918765e+00
2.950582050959243974e-01 4.462370768436413337e-02 -1.804620079560711687e+00 -1.154203745991319030e+00 5.217966330145692666e+01 -4.403453137411992735e+00
2.795820770086238083e-01 4.574383414008897919e-02 -3.336899142084044811e+00 -2.815820226690727068e+00 5.383475136026579122e+01 -2.928653960261842215e+00
2.674909615059780643e-01 4.553551458752350817e-02 -1.276994071142165899e+00 -1.057741251954004591e+00 5.180392599806533127e+01 -5.153959419981746670e+00
3.192376806075867268e-01 4.962762151589150683e-02 -2.568226173441293891e+00 -1.969625858280038333e+00 5.291276268768600488e+01 -3.373205625977266475e+00
4.212457076478470785e-01 6.707079451802663850e-02 -1.562015291573382925e+00 -1.740162710107367561e+00 5.190460135510360118e+01 -3.421478958659602831e+00
4.138450465022567859e-01 6.783178636021952590e-02 -1.947623404999379915e+00 -2.315769560957716244e+00 5.240102073687452133e+01 -3.049506775934088587e+00
4.413292758873714750e-01 7.205957760558756586e-02 -1.311998044527304508e+00 -1.445897005057545259e+00 5.158248709055779813e+01 -3.648334938385442427e+00
2.795917053026876209e-01 4.723107145819444713e-02 -3.035455199224151190e+00 -3.172671363335505479e+00 5.375789294668616236e+01 -3.013318836849045113e+00
4.128471745098697410e-01 6.875181705020742828e-02 -1.524783986470164665e+00 -1.372374631713000559e+00 5.173491712266076092e+01 -3.718800909462564697e+00
4.498732788927457538e-01 6.939460728942671575e-02 -3.357245448021815015e+00 -3.936117678424282396e+00 5.395505246316620429e+01 -1.175301522560922241e+00
3.507444937915581984e-01 5.899604659917004335e-02 -3.343118143301589740e+00 -3.173889710321089908e+00 5.376098535593521177e+01 -2.230680756706113321e+00
3.721878356536355015e-01 5.545084083643366663e-02 -2.945581661501480042e+00 -2.771154323489875004e+00 5.338234198451856827e+01 -2.374060645185402052e+00
4.002927657087902436e-01 6.527034639811307715e-02 -1.283253620545841356e+00 -1.153689046366032755e+00 5.150334839116172247e+01 -4.011857579319495493e+00
2.804206428446043842e-01 4.549049171021446458e-02 -3.168582224527820568e+00 -2.735520663896723992e+00 5.368076504417726369e+01 -3.044890926736509851e+00
2.932435582149675035e-01 4.801398411681473410e-02 -3.264479209070259014e+00 -2.758527627969627805e+00 5.373443162193271405e+01 -2.930584352946961069e+00
3.831568775813594674e-01 6.251653397287337821e-02 -3.371595227073328704e+00 -3.446999650713569174e+00 5.386708194601036581e+01 -1.874939454027382268e+00
3.623073841859379418e-01 6.092020914970754791e-02 -1.952938925211178178e+00 -1.825463036511223880e+00 5.227782595212763539e+01 -3.603322100265775152e+00
2.719747391136517201e-01 4.388446193923030425e-02 -2.207130356935189219e+00 -1.597234054134866188e+00 5.264564470729115442e+01 -4.232950131906633828e+00
3.424317413257922382e-01 5.538341825759418580e-02 -3.759285558815816053e+00 -3.817473081216866682e+00 5.433963617236651800e+01 -1.681668157755610959e+00
3.417732201641243694e-01 5.306729036212200212e-02 -3.580478910805035220e+00 -3.222072354025836471e+00 5.400078516297388376e+01 -2.018358646590455052e+00
4.317528755557172859e-01 6.943523151309392849e-02 -2.581628600507914317e+00 -3.110671324994323861e+00 5.310951343360409282e+01 -2.177702957166109510e+00
4.429641080060106595e-01 7.434921646859157796e-02 -2.890534583140572877e+00 -3.265809709190626187e+00 5.330309715920653701e+01 -1.878889510519131889e+00
3.582331230839261305e-01 5.815274308610152154e-02 -1.577691675743640110e+00 -1.487130590521774653e+00 5.193280190880401648e+01 -3.954286917763448095e+00
2.990588577942807080e-01 5.095141161473094177e-02 -2.538769004470649016e+00 -2.002491505984985931e+00 5.289316526612733327e+01 -3.670847789777772707e+00
3.351699301170467660e-01 5.734130756981774962e-02 -3.886752375355008837e+00 -3.941239263670767379e+00 5.443478725415278063e+01 -1.676344976802679909e+00
3.757787851476949714e-01 6.491500718086604116e-02 -2.025830501144739948e+00 -1.995856705810963971e+00 5.236826494707700164e+01 -3.418590090284583383e+00
4.904325415558890011e-01 7.614964123704454080e-02 -2.685522283115171938e+00 -3.267804988525886856e+00 5.315875938053883942e+01 -1.655411929749246447e+00
2.967183496296980083e-01 4.628755447879133456e-02 -2.616167975547443625e+00 -2.022529002613968174e+00 5.299933490201019026e+01 -3.500838906390181471e+00
2.965823320224735826e-01 5.080055905447784792e-02 -3.559851256595623070e+00 -2.973642307310567112e+00 5.396143640861706103e+01 -2.651832014075526267e+00
4.407263029794153963e-01 7.254741577066337044e-02 -1.632945881058463611e+00 -1.553281351912553898e+00 5.181092178828442485e+01 -3.410584685318623244e+00
2.632435377955656963e-01 4.297329505053346099e-02 -3.850689183829911766e+00 -3.398139412517745761e+00 5.441761597915673576e+01 -2.491139737444735047e+00
3.702506362320235889e-01 6.176229474324586299e-02 -2.792679276181719850e+00 -2.529366471152562301e+00 5.310528479403237156e+01 -2.713404388007263357e+00
2.862690519866640804e-01 4.320547506524194392e-02 -1.764991618209998503e+00 -1.059120813047534693e+00 5.213561746870503555e+01 -4.527077126940698193e+00
2.795820770086238083e-01 4.574383414008897919e-02 -3.336899142084044811e+00 -2.815820226690727068e+00 5.383475136026579122e+01 -2.928653960261842215e+00
2.880110553681369256e-01 4.885322823558960886e-02 -1.786246456327997167e+00 -1.579323505581416320e+00 5.228629642265645572e+01 -4.433438008951452680e+00
3.236680839479049721e-01 5.240442177816694719e-02 -2.275157371410407414e+00 -1.879313064312359671e+00 5.265702575324051082e+01 -3.653957257538180237e+00
4.259180347223091023e-01 6.714833838265146793e-02 -1.556247006781201314e+00 -1.808849755113655755e+00 5.192359620245295559e+01 -3.350896947063433107e+00
4.607338338776508779e-01 7.678937661167532791e-02 -1.018530124825813621e+00 -1.525844866545693179e+00 5.133541451498561514e+01 -3.650784926701665878e+00
4.581647540133685914e-01 7.400575707781342771e-02 -1.787659612052003189e+00 -1.976058412315923052e+00 5.207557822428216099e+01 -2.979193161678049595e+00
2.819396801955254550e-01 4.815776112550769483e-02 -2.772242982696094593e+00 -3.100253818093490654e+00 5.353981512772492124e+01 -3.192835663644009170e+00
4.242843216621110525e-01 6.973329158576511977e-02 -1.734588522073843952e+00 -1.700000952036905266e+00 5.199098074162873218e+01 -3.368898537580956365e+00
4.498732788927457538e-01 6.939460728942671575e-02 -3.357245448021815015e+00 -3.936117678424282396e+00 5.395505246316620429e+01 -1.175301522560922241e+00
3.331337519515517598e-01 5.614710013691292384e-02 -3.715315298459585414e+00 -3.437763393550434365e+00 5.414935119085316728e+01 -2.003303377187945600e+00
4.058019400273598642e-01 6.485280995245969182e-02 -1.889709339370957197e+00 -1.967045606728141882e+00 5.224424545536715669e+01 -3.221981100977192813e+00
3.811963159296876680e-01 6.230677479733782997e-02 -1.408526415868133874e+00 -1.169126140623517607e+00 5.164031399618998819e+01 -4.077402330484433790e+00
2.743911462325815398e-01 4.188946892664381638e-02 -3.640360221548898156e+00 -3.403772334421031331e+00 5.431788643405887740e+01 -2.436457180450000592e+00
2.733664447171811340e-01 4.477410964036648150e-02 -3.733318128752963094e+00 -3.364674306582217778e+00 5.433608961100901524e+01 -2.537360158717187897e+00
3.831568775813594674e-01 6.251653397287337821e-02 -3.371595227073328704e+00 -3.446999650713569174e+00 5.386708194601036581e+01 -1.874939454027382268e+00
4.004532034176607747e-01 6.691916104728633241e-02 -1.283096290977374654e+00 -1.234875012834732111e+00 5.150629653427986909e+01 -3.989790899912887934e+00
2.710147918902883202e-01 4.423073290111276951e-02 -2.124942363528955269e+00 -1.520212099986827381e+00 5.256501802074775753e+01 -4.351974463414991057e+00
3.654549320372913468e-01 5.856207324829319077e-02 -3.581948960543111848e+00 -3.748751293281873398e+00 5.415781731254222109e+01 -1.674509285644074197e+00
3.473362945780174571e-01 5.372238254829055093e-02 -3.602267421360719979e+00 -3.258412107574291561e+00 5.401563709128427604e+01 -1.936931608725752874e+00
4.611367180309902114e-01 7.512404209941840605e-02 -2.636620031864551628e+00 -3.356466418618164305e+00 5.316121160116701816e+01 -1.845813808176785642e+00
4.529789326086861578e-01 7.601653317390524855e-02 -2.841385115191956245e+00 -3.275791996299481479e+00 5.325337162069789088e+01 -1.840685841404594125e+00
3.320767727449525086e-01 5.178645348446035690e-02 -1.315967079368411063e+00 -1.132955118034490338e+00 5.171647871490189630e+01 -4.411244985732173163e+00
2.969151011209332780e-01 5.232263619702448576e-02 -2.154621716353493976e+00 -1.401905096166967679e+00 5.237405053330010674e+01 -4.232645929418808350e+00
3.382729728161408822e-01 5.787638376209974789e-02 -3.892514063688389037e+00 -3.972090825937587777e+00 5.443985498821854208e+01 -1.628956088522650392e+00
3.787441742128122568e-01 6.576260463859627536e-02 -1.871682844148715663e+00 -1.833869295193196747e+00 5.219296057209307094e+01 -3.573046039459327972e+00
4.924131138883142134e-01 7.558182206815593218e-02 -2.952024617456910249e+00 -3.603789893858855287e+00 5.347569304906850363e+01 -1.324127811977122704e+00
2.828465102307067824e-01 4.460327592573660321e-02 -2.555619348703281002e+00 -1.884926234020645630e+00 5.292893541982016359e+01 -3.707948930602478654e+00
2.979966559220691980e-01 5.294926776342637892e-02 -3.662359175587977855e+00 -2.858211438718238462e+00 5.394436368158139317e+01 -2.645074544873009526e+00
4.363162829501232021e-01 7.229880812662743683e-02 -2.242904608610613248e+00 -2.607044904509600691e+00 5.263891603072879377e+01 -2.597283504786492614e+00
2.768915052811593003e-01 4.451236989015619483e-02 -3.485188250822393918e+00 -3.047653487323778165e+00 5.402039014663382233e+01 -2.752994057475609324e+00
3.420849676489538527e-01 5.713255016760952071e-02 -2.461404850105085362e+00 -1.987384161817374650e+00 5.273102665377317066e+01 -3.350128585827062189e+00
2.862690519866640804e-01 4.320547506524194392e-02 -1.764991618209998503e+00 -1.059120813047534693e+00 5.213561746870503555e+01 -4.527077126940698193e+00
2.828517568808545102e-01 4.632130490210898538e-02 -3.799438981732226051e+00 -3.310285364207396608e+00 5.431934145922691926e+01 -2.385447759392772760e+00
2.941308004497278916e-01 4.876688517936512979e-02 -2.149627989244010440e+00 -1.835084426161434967e+00 5.261925729719277456e+01 -4.014002942776967231e+00
3.056022821921569044e-01 4.948419649753715843e-02 -2.275722074114053584e+00 -1.849695149014283668e+00 5.268448587585459109e+01 -3.795919298773405615e+00
4.311719642450824730e-01 6.726352677035619954e-02 -1.524688871194858741e+00 -1.808508534549833513e+00 5.189788161530257327e+01 -3.317321171182357364e+00
4.182462453308514183e-01 6.955138390286601247e-02 -1.256508102142014582e+00 -1.491991756014297010e+00 5.158601115384210090e+01 -3.820913938950672772e+00
4.444529031065992397e-01 7.204724089118236252e-02 -1.999060999993681476e+00 -2.136360101031977266e+00 5.230300394480907045e+01 -2.872169663459970046e+00
2.874756635045108144e-01 4.894969622062993186e-02 -2.727624421161901402e+00 -3.030844415187745611e+00 5.347143948936471958e+01 -3.208381608370173499e+00
4.607135691372461483e-01 7.480220319467878465e-02 -1.896718003798174568e+00 -2.092765064543824494e+00 5.217894491304900129e+01 -2.831594349969545288e+00
4.282250944925581337e-01 6.710267154930103783e-02 -3.051682893872225133e+00 -3.481667807701374073e+00 5.359610965440071340e+01 -1.704030546197111917e+00
3.380153840950146926e-01 5.628594515013621985e-02 -3.241443255664274048e+00 -3.089984525075498034e+00 5.369807499615642854e+01 -2.396637285208404577e+00
3.968162131548390592e-01 6.172956782136171383e-02 -1.836535736066579938e+00 -1.915611425229589937e+00 5.223015389202637948e+01 -3.293628920421198814e+00
3.921245386933602806e-01 6.418824814621154617e-02 -1.283332419615713205e+00 -1.077194600405493308e+00 5.149215080595762828e+01 -4.116365362907560055e+00
3.135338991783365725e-01 5.061086316905118176e-02 -3.537334554325513913e+00 -3.461250388389200960e+00 5.414186782805567333e+01 -2.239971320395781174e+00
2.736958770184961254e-01 4.474964891786471777e-02 -3.710129308241059576e+00 -3.335047326801985346e+00 5.430658611761210608e+01 -2.557512088086975943e+00
3.878066285230959420e-01 6.348169477762655166e-02 -2.814864693649783423e+00 -2.822299219443310747e+00 5.322349324133421788e+01 -2.437338920092936956e+00
3.854958196782095614e-01 6.449500415969350309e-02 -1.372887983174015281e+00 -1.301841935080474411e+00 5.163372557427069154e+01 -4.025066268254033908e+00
2.836242649172656671e-01 4.595790152608504597e-02 -2.461146113847418881e+00 -1.976920040287984737e+00 5.292590731805948678e+01 -3.814315824799738408e+00
3.895936223189356840e-01 6.292076329211039598e-02 -3.132518202985757227e+00 -3.443760380935773302e+00 5.368136501256950055e+01 -1.929002001264480626e+00
3.345661923007964833e-01 5.222324086138907528e-02 -3.904263392686555534e+00 -3.590908395744691006e+00 5.438102734259862814e+01 -1.739151623916348921e+00
4.747463301055864782e-01 7.733512989296061069e-02 -2.553125440639497867e+00 -3.353600461942519484e+00 5.307480550989635049e+01 -1.801433119824782603e+00
4.529789326086861578e-01 7.601653317390524855e-02 -2.841385115191956245e+00 -3.275791996299481479e+00 5.325337162069789088e+01 -1.840685841404594125e+00
3.011464461255539682e-01 4.908052372119729723e-02 -2.849802257016629703e+00 -2.720793710306544710e+00 5.338478169401772533e+01 -3.075378585773293594e+00
3.110627337141739224e-01 5.407120600225780865e-02 -1.943877912736100777e+00 -1.247484074726437742e+00 5.214569488345895820e+01 -4.309014971054333287e+00
3.197429275011428595e-01 5.481476396341560670e-02 -3.422526773937416777e+00 -3.371652471457754707e+00 5.395842140042570634e+01 -2.358692103089092829e+00
3.806152025732466027e-01 6.847502324289071740e-02 -1.606726418600038064e+00 -1.462129724339439996e+00 5.183458762616771764e+01 -3.930833473616873963e+00
4.743474685321437123e-01 7.488195412194856293e-02 -2.468123383091841205e+00 -2.902411698045401778e+00 5.288289230821913378e+01 -2.047672256066213947e+00
3.129838589960001194e-01 4.979209518846554328e-02 -2.656288096794123810e+00 -2.200800807172965001e+00 5.305447202396695872e+01 -3.308127167046659434e+00
3.262004436164171461e-01 5.761038134647447628e-02 -3.877119009516859727e+00 -3.130314277999267425e+00 5.412924555597587783e+01 -2.191966119461569829e+00
4.463514722914508348e-01 7.438670592904284007e-02 -2.243806102168009353e+00 -2.737713378239829076e+00 5.266122455777753686e+01 -2.476599324728364415e+00
2.768915052811593003e-01 4.451236989015619483e-02 -3.485188250822393918e+00 -3.047653487323778165e+00 5.402039014663382233e+01 -2.752994057475609324e+00
3.189887357385470246e-01 5.321544334104286872e-02 -3.040537413089256624e+00 -2.352118819465227162e+00 5.331483275347029860e+01 -2.991035950927835696e+00
2.832321395170319667e-01 4.261663443559514375e-02 -1.755318797787872587e+00 -1.027791278038988398e+00 5.212543085167023094e+01 -4.566135590581149373e+00
3.038173543276301292e-01 5.052866839694847290e-02 -3.683918783185535784e+00 -3.463997342010880498e+00 5.424823425082502837e+01 -2.245696247742210439e+00
2.801904376651394024e-01 4.710860206882561824e-02 -2.080642635151147779e+00 -1.704592853290508359e+00 5.254775223492171676e+01 -4.228309170892088353e+00
3.162307649744791060e-01 5.025574417850571518e-02 -2.227117688423044584e+00 -1.934796434014638411e+00 5.267742952329479067e+01 -3.686374868821391093e+00
4.032443160860049169e-01 6.453486303241091904e-02 -1.902304677375872721e+00 -1.930200392747610572e+00 5.223825965480860134e+01 -3.256288027211713398e+00
4.145497905803537941e-01 6.861608310334975369e-02 -1.368830163992287741e+00 -1.587640936302001204e+00 5.171226704023499821e+01 -3.728893158091301174e+00
4.450334892284828481e-01 7.241349022389866052e-02 -2.225730747862119774e+00 -2.527577263871819468e+00 5.260905819118665505e+01 -2.573529869921142854e+00
2.874756635045108144e-01 4.894969622062993186e-02 -2.727624421161901402e+00 -3.030844415187745611e+00 5.347143948936471958e+01 -3.208381608370173499e+00
4.698925713469535581e-01 7.656820486967196027e-02 -1.858401245797798529e+00 -2.052877702933067816e+00 5.211454981413499610e+01 -2.815963157399504979e+00
4.432987223029702384e-01 7.243368580257031342e-02 -2.291487692077527338e+00 -2.801196945765789259e+00 5.274275492188504444e+01 -2.377786799069629087e+00
3.527658492985775163e-01 5.893319848567690755e-02 -3.712756275042409904e+00 -3.668295507845755754e+00 5.419043107353977717e+01 -1.726435590163677425e+00
4.144058403935692581e-01 6.562705494239107207e-02 -1.978513793271655885e+00 -2.138856118026278175e+00 5.236837790474751131e+01 -3.030937310594175038e+00
3.913294173583082292e-01 6.376182211404228528e-02 -1.276852066789062379e+00 -1.041553122026244838e+00 5.147690417036522348e+01 -4.134136651668527840e+00
3.178623032839883455e-01 5.083888604992781862e-02 -3.691731032635500398e+00 -3.543006090186441526e+00 5.427091923784258398e+01 -2.060445729099896539e+00
2.732327852336955964e-01 4.460849960443680207e-02 -3.743147957854717767e+00 -3.345270552642526152e+00 5.433465255703319485e+01 -2.535638575886614454e+00
4.405252769404208735e-01 7.207081302352866259e-02 -2.105456983603053445e+00 -2.294342640318177473e+00 5.242460903873985956e+01 -2.720108927558653633e+00
3.854931199070666947e-01 6.448435011802111649e-02 -1.372442381254671773e+00 -1.301948120482403715e+00 5.163350581091057023e+01 -4.025106637166491197e+00
2.836242649172656671e-01 4.595790152608504597e-02 -2.461146113847418881e+00 -1.976920040287984737e+00 5.292590731805948678e+01 -3.814315824799738408e+00
3.835736197900205813e-01 6.225292776149893986e-02 -3.085309323505062817e+00 -3.340326127023375058e+00 5.361648108036668248e+01 -2.038922417891261052e+00
3.345661923007964833e-01 5.222324086138907528e-02 -3.904263392686555534e+00 -3.590908395744691006e+00 5.438102734259862814e+01 -1.739151623916348921e+00
4.620115940805177290e-01 7.436459062679327825e-02 -2.215633937205790271e+00 -2.852531775727904506e+00 5.268561821455491412e+01 -2.290012667061130269e+00
3.842767291037220145e-01 6.272887820246034196e-02 -2.750619821749535898e+00 -2.729426226140805323e+00 5.315379596290004116e+01 -2.564193846429343004e+00
3.011464461255539682e-01 4.908052372119729723e-02 -2.849802257016629703e+00 -2.720793710306544710e+00 5.338478169401772533e+01 -3.075378585773293594e+00
3.084950974073093488e-01 5.358145170888210101e-02 -2.035216727887012134e+00 -1.371174102690258412e+00 5.226093892953004172e+01 -4.210822882809501344e+00
3.107808377428538660e-01 5.387434169584139065e-02 -3.124887915709900987e+00 -2.931267141973325163e+00 5.359866019416245564e+01 -2.813297010865595915e+00
3.702287257606495796e-01 6.394571415164747308e-02 -1.569274353275943668e+00 -1.326960867731055149e+00 5.180148418622491135e+01 -4.040057749165108625e+00
5.041519114658996603e-01 7.936780663235443178e-02 -2.502106064068913671e+00 -3.088346663015620663e+00 5.291793563786519883e+01 -1.738889941449592413e+00
3.018239730005362609e-01 4.684945084705402496e-02 -2.632292620364595770e+00 -2.070247329906464095e+00 5.302641604921367247e+01 -3.442267670050460193e+00
3.976743608500551974e-01 6.614485230490484147e-02 -3.358631133322441897e+00 -3.382097364702662645e+00 5.376666232835145820e+01 -1.823922707393409004e+00
4.472420437144024596e-01 7.512597813051857809e-02 -2.212994352558723232e+00 -2.794805300892884148e+00 5.265366175244414393e+01 -2.472125092421735726e+00
2.695141096262643754e-01 4.297635383162887179e-02 -3.636622531705204775e+00 -3.183657432909264173e+00 5.419577299076445343e+01 -2.651264243390031528e+00
3.330682506217043093e-01 5.587336880894690910e-02 -3.022770867413846041e+00 -2.431471919245732138e+00 5.329663367882829306e+01 -2.876151985556861135e+00
3.067596917599992312e-01 4.805730558877289310e-02 -2.224351328116922488e+00 -1.767775966949473698e+00 5.264268738921347790e+01 -3.806473046468452193e+00
3.105235809439030326e-01 5.145560979136536844e-02 -3.882898789139038964e+00 -3.999942342994492694e+00 5.459314142646011447e+01 -1.859146967647048454e+00
2.812840265173459642e-01 4.730301328175787190e-02 -2.076759187017683139e+00 -1.704253582846553261e+00 5.254210921816451929e+01 -4.222879467614909288e+00
3.162307649744791060e-01 5.025574417850571518e-02 -2.227117688423044584e+00 -1.934796434014638411e+00 5.267742952329479067e+01 -3.686374868821391093e+00
3.869633202203514033e-01 6.442547946481967658e-02 -1.538117104043623673e+00 -1.377594028107658630e+00 5.178703528749417728e+01 -3.884945436757792692e+00
4.316009983123099691e-01 7.102457506229391260e-02 -1.427353250779105798e+00 -1.806470493840621749e+00 5.181995913701723566e+01 -3.495438783612952793e+00
4.471163930482024984e-01 7.191734434852545266e-02 -2.857097161123242302e+00 -3.107135431275100945e+00 5.325599681969737276e+01 -1.885415555052790682e+00
2.885216704674400945e-01 5.002013053434402334e-02 -2.286004770439354683e+00 -2.953533534360787804e+00 5.313461421112787519e+01 -3.523691757996740836e+00
4.425015585565789111e-01 7.192123028760988301e-02 -2.191284909476331144e+00 -2.322467089627481052e+00 5.250562043303153814e+01 -2.678638075953737374e+00
4.443785922250842457e-01 7.257708293360967677e-02 -2.326144635946071126e+00 -2.846780644181605702e+00 5.278146219905393366e+01 -2.327036422229133095e+00
3.860594766801004329e-01 6.379899065282314263e-02 -3.190130282799302552e+00 -3.314211785299779223e+00 5.364848095640506642e+01 -1.988099258633934774e+00
3.947300060121706755e-01 6.154652732304541352e-02 -2.496878003450382799e+00 -2.638347633034734852e+00 5.297357716088521329e+01 -2.634610142308600800e+00
3.913294173583082292e-01 6.376182211404228528e-02 -1.276852066789062379e+00 -1.041553122026244838e+00 5.147690417036522348e+01 -4.134136651668527840e+00
2.995069103147299794e-01 4.766172222063234931e-02 -3.929102446836498785e+00 -3.729857163704989986e+00 5.454720268538562067e+01 -1.961733160228194439e+00
2.779906287760401939e-01 4.568754228127210049e-02 -3.635707564938715386e+00 -3.189939491573555941e+00 5.417927130459526808e+01 -2.613897372084827531e+00
3.925335012434205684e-01 6.529687181493785963e-02 -2.081208338661890700e+00 -1.970050328757073199e+00 5.237194494502179509e+01 -3.255561633582769510e+00
3.785836415520626996e-01 6.487007953958716377e-02 -1.255795271997732332e+00 -1.336308279570990409e+00 5.156028891428110938e+01 -4.147313749616753142e+00
2.882483651668026892e-01 4.684683320184893085e-02 -2.429810688348647663e+00 -1.965101950515272922e+00 5.288701113467221404e+01 -3.806433083197172440e+00
3.955765612015735844e-01 6.425193824518971031e-02 -3.185594543756992358e+00 -3.528688016620873835e+00 5.372841149633387658e+01 -1.803358435421720474e+00
3.341027886260259927e-01 5.183317960750832842e-02 -3.955943332277962021e+00 -3.649085699875856292e+00 5.444326416693896675e+01 -1.680220336008840132e+00
4.687838362963744898e-01 7.508756317799082647e-02 -2.250360456950326604e+00 -3.028466627783117815e+00 5.276788533123458080e+01 -2.154451228903454307e+00
4.263029553897149659e-01 6.934850989781894681e-02 -2.984342594772944057e+00 -3.129598671585164915e+00 5.336703030174221851e+01 -1.931551650400292530e+00
3.798863849710769069e-01 6.113834527827784193e-02 -1.857258784840782218e+00 -2.178526762882809997e+00 5.232664250216031121e+01 -3.348435230915021155e+00
3.643943067912526756e-01 6.179586115926207629e-02 -2.185625904887777082e+00 -1.959040271547063394e+00 5.248115607656819037e+01 -3.433601884197346354e+00
3.205023650718531458e-01 5.618471414401655928e-02 -2.963604755649000388e+00 -2.116495342988688577e+00 5.311557667117836701e+01 -3.192380001966578007e+00
4.053742352278582040e-01 6.936297479265932098e-02 -1.636101906700924147e+00 -1.665756354098514747e+00 5.190179258934668383e+01 -3.606767652336444918e+00
4.806698060489805191e-01 7.761754665150986943e-02 -2.382813014283718722e+00 -2.967225854236184013e+00 5.280889115258376876e+01 -2.041436859774938828e+00
3.154616444652995066e-01 5.058731074096106672e-02 -2.714452057381544492e+00 -2.165723937593543980e+00 5.306222507593300719e+01 -3.273716664428473866e+00
4.159711277861135037e-01 6.901687615756769978e-02 -3.536618258672152848e+00 -3.730522438519552342e+00 5.398496840381298512e+01 -1.433979251181785042e+00
4.448206297828520284e-01 7.457753716394617538e-02 -2.241829005121266150e+00 -2.810794474277070965e+00 5.268646892120416680e+01 -2.458243369547828738e+00
2.695141096262643754e-01 4.297635383162887179e-02 -3.636622531705204775e+00 -3.183657432909264173e+00 5.419577299076445343e+01 -2.651264243390031528e+00
3.321011271580823765e-01 5.563479395949412487e-02 -3.054704740588826350e+00 -2.456440296907235421e+00 5.333083145112758672e+01 -2.849949260698863895e+00
2.889655741967253055e-01 4.392691045450907578e-02 -2.219153929744554610e+00 -1.453980290458793956e+00 5.257741436215073350e+01 -4.032111793397316291e+00
3.240981854659189532e-01 5.349155291789312039e-02 -3.755809108317454292e+00 -3.939810253039178534e+00 5.445479707040879447e+01 -1.865881933232731882e+00
2.812840265173459642e-01 4.730301328175787190e-02 -2.076759187017683139e+00 -1.704253582846553261e+00 5.254210921816451929e+01 -4.222879467614909288e+00
3.155860053911410668e-01 5.010608169390541600e-02 -2.226929363691734221e+00 -1.923426228725841458e+00 5.267506439281936537e+01 -3.694550758630899878e+00
3.812874394315326487e-01 6.297748845440004350e-02 -1.556283363485288174e+00 -1.381748879491370374e+00 5.182482746325866430e+01 -3.902046448560605008e+00
3.810603147149290715e-01 6.327166165637854167e-02 -1.881331191092904920e+00 -1.739447094810213423e+00 5.218312126014055963e+01 -3.575137597759245445e+00
4.430193687058205931e-01 7.110938985688289304e-02 -2.842046819084742992e+00 -3.052653642420465108e+00 5.323390537770620057e+01 -1.941566911191455524e+00
3.158932567743682474e-01 5.347996938288626656e-02 -1.955328802351641082e+00 -2.215639073485302646e+00 5.255937471124703819e+01 -3.797106818060668409e+00
4.717839527159602420e-01 7.623601404691912609e-02 -2.102363656770469547e+00 -2.301436931212440751e+00 5.237842702073769630e+01 -2.529006737744875277e+00
4.155688368588035253e-01 6.771451158562338812e-02 -2.612823467031637037e+00 -2.978121600784218614e+00 5.309265828189371916e+01 -2.296888154877627652e+00
3.822451008047801913e-01 6.321093482840736688e-02 -3.192770798656627385e+00 -3.307824892933875827e+00 5.365549491521282022e+01 -2.014443892681043291e+00
3.610873689402760434e-01 5.656584596330957448e-02 -2.633726458581639562e+00 -2.604037645478889829e+00 5.311826913463202260e+01 -2.795942440707699372e+00
3.777435061002737404e-01 6.153870585913279179e-02 -1.423731810382803831e+00 -1.159443571118317307e+00 5.165803378265546542e+01 -4.096284597736928212e+00
3.193064768578853241e-01 5.054926728298456823e-02 -3.595490061249835279e+00 -3.429936595064166038e+00 5.416208366579689937e+01 -2.139145948633547789e+00
2.753003084035294812e-01 4.535500955504630921e-02 -3.627237360634871344e+00 -3.159911168490740163e+00 5.416765859728344878e+01 -2.658017218328102782e+00
4.445691781583452906e-01 7.184459529671234634e-02 -1.360530840625441940e+00 -1.811935659775567808e+00 5.175988578000956863e+01 -3.372743181316325334e+00
3.589728988321059244e-01 6.020300980458407475e-02 -2.084340165034869408e+00 -2.040082010294430148e+00 5.245894645296288417e+01 -3.442836777125835024e+00
2.864369302904731796e-01 4.659785065938668730e-02 -2.410863714062426943e+00 -1.951747673716585973e+00 5.287534812851490074e+01 -3.841893017649256947e+00
3.967381110380458487e-01 6.445567204099933445e-02 -3.427333200319493400e+00 -3.921948604269015703e+00 5.404327932719892402e+01 -1.473452902007885701e+00
3.290959809742798337e-01 5.090250402818607967e-02 -3.995880865250817315e+00 -3.663129930581909388e+00 5.448745046191893948e+01 -1.681236645643803929e+00
4.700477365041046962e-01 7.509739459377304249e-02 -2.400750202561783730e+00 -3.213595816940549188e+00 5.293808809757208422e+01 -1.975595564158644013e+00
4.239771893569307948e-01 7.118867924106442313e-02 -3.390518857231498817e+00 -3.633966506430324817e+00 5.381521216403707086e+01 -1.491309863211924602e+00
3.973090274052147874e-01 6.342674537053802353e-02 -2.442105493393575522e+00 -2.804382757095902790e+00 5.294083986354998927e+01 -2.599186636250341742e+00
4.005581979016624161e-01 6.909157537080469480e-02 -2.111073069097558985e+00 -2.087782090775941235e+00 5.237248157818034144e+01 -3.157191004927232925e+00
3.136161019951942963e-01 5.298627010341987881e-02 -2.723336427899605727e+00 -1.960587870139355982e+00 5.295341075585150037e+01 -3.422229503759318447e+00
4.053742352278582040e-01 6.936297479265932098e-02 -1.636101906700924147e+00 -1.665756354098514747e+00 5.190179258934668383e+01 -3.606767652336444918e+00
4.821299349764818776e-01 7.583713739006615884e-02 -2.574420695671039372e+00 -2.919768337944147252e+00 5.291804802897922144e+01 -1.876377301174984025e+00
3.619706877331785311e-01 5.857316916776482418e-02 -1.813290408944646659e+00 -1.278400149468346347e+00 5.199528597207844172e+01 -3.848764237794961574e+00
4.130183520842455325e-01 6.872491148665151039e-02 -3.761301339144937472e+00 -3.928618334864329320e+00 5.421471028553911964e+01 -1.233800044905614790e+00
4.322698248675618804e-01 7.364043114127322154e-02 -2.313435529577525962e+00 -2.566169448758380156e+00 5.265203873619160646e+01 -2.597444540967199345e+00
2.901835575349830942e-01 4.767697012739648132e-02 -3.491631910310583731e+00 -2.892701394752838162e+00 5.391103283716179817e+01 -2.708674161706939199e+00
3.168380667252170824e-01 5.353058862318555572e-02 -3.217443551431335091e+00 -2.464267655883529695e+00 5.346895332596839268e+01 -2.860566642448544528e+00
3.114003629836579190e-01 4.771706222183016294e-02 -2.265755213348886965e+00 -1.638278909922460835e+00 5.262519929528248497e+01 -3.775797507896341276e+00
3.271749006657793668e-01 5.408425825109881846e-02 -3.762527242612875078e+00 -3.982431967143952090e+00 5.446939736015836786e+01 -1.821612654066755876e+00
2.736635514145736581e-01 4.620429135951206745e-02 -2.047984193721742230e+00 -1.881199394953336101e+00 5.262633496303388370e+01 -4.291541211931332533e+00
2.988294947693539982e-01 4.660146147366561048e-02 -2.920724178665491166e+00 -2.450788945789832418e+00 5.338339075832777070e+01 -3.125944403787054959e+00
4.003286362561808698e-01 6.957921044514137066e-02 -1.198758710780129189e+00 -1.151064378711867731e+00 5.140396825030634886e+01 -4.143073252547367247e+00
3.768618709860941385e-01 6.306536699207113128e-02 -1.590948816211588124e+00 -1.293511943239532336e+00 5.182205852620536746e+01 -4.010802638080938287e+00
4.036887540915465866e-01 6.625456795157019796e-02 -2.551638631481609742e+00 -2.639769354705176596e+00 5.293633638184122248e+01 -2.585379747496996838e+00
3.261018744896086452e-01 5.453809264532070294e-02 -2.256440441012284026e+00 -2.641069725281794511e+00 5.290497024713707930e+01 -3.321016385416661443e+00
4.536759343041020243e-01 7.406355653770785308e-02 -2.712576028398934191e+00 -2.915658094024076163e+00 5.305137762276636693e+01 -2.020095910606143796e+00
4.223150051918914683e-01 6.967572370966533535e-02 -2.877263509545409548e+00 -3.323176999558960176e+00 5.337765731060618180e+01 -1.952742680172639078e+00
3.831928583615821782e-01 6.323656312620659636e-02 -3.474783445273370575e+00 -3.662459635298058291e+00 5.397828499684111847e+01 -1.662970121215291641e+00
3.843982008458975419e-01 6.140993173751314177e-02 -1.716023385768902232e+00 -1.541622341380777694e+00 5.201465268566779798e+01 -3.677466524012074522e+00
3.768911758009152457e-01 6.143644341130994474e-02 -1.434285118279062354e+00 -1.189326142929199026e+00 5.167840570068702988e+01 -4.082912660985606124e+00
3.621108359505398888e-01 5.949671146380878378e-02 -2.428054134079264070e+00 -2.306543633124951143e+00 5.281564571782953976e+01 -3.089364086243010732e+00
2.753003084035294812e-01 4.535500955504630921e-02 -3.627237360634871344e+00 -3.159911168490740163e+00 5.416765859728344878e+01 -2.658017218328102782e+00
3.973719845766684466e-01 6.416176005347157263e-02 -2.226967552148471974e+00 -2.391557768557232677e+00 5.266420387451533003e+01 -2.935734046259907082e+00
3.364919118916586127e-01 5.714474328949238624e-02 -2.095283708889867480e+00 -1.979452970735495088e+00 5.248509730392203210e+01 -3.625047341418732305e+00
2.695008021002088250e-01 4.381642584563069653e-02 -2.380309607008739725e+00 -1.854133420758413031e+00 5.285752179609027479e+01 -4.026384605144124329e+00
3.915663615158071487e-01 6.409391803451890135e-02 -2.949510431207583494e+00 -3.238035751013902619e+00 5.346532305446830691e+01 -2.133665157997402861e+00
3.290959809742798337e-01 5.090250402818607967e-02 -3.995880865250817315e+00 -3.663129930581909388e+00 5.448745046191893948e+01 -1.681236645643803929e+00
4.517130242472684465e-01 7.067926555416376155e-02 -2.504683172312684114e+00 -2.983600670138006894e+00 5.297236421717271071e+01 -2.127640677003109548e+00
4.181144327218064838e-01 6.999406507074919237e-02 -3.581194452460257249e+00 -3.822046796018208958e+00 5.403293829293528461e+01 -1.328817013518945656e+00
4.269710721976871515e-01 6.772084858273298702e-02 -2.120891979704720320e+00 -2.529470997695578482e+00 5.257412378449975421e+01 -2.723577696453899577e+00
3.866735322382559570e-01 6.530681307846092354e-02 -2.003924080771281702e+00 -1.796548020477375829e+00 5.223675800188419061e+01 -3.406034816777320895e+00
3.193385626926485976e-01 5.371293448631554723e-02 -2.434740344264049838e+00 -1.570553770031214214e+00 5.259060499994266991e+01 -3.713120427694783565e+00
4.053742352278582040e-01 6.936297479265932098e-02 -1.636101906700924147e+00 -1.665756354098514747e+00 5.190179258934668383e+01 -3.606767652336444918e+00
4.802800141368978593e-01 7.255533729383510655e-02 -2.324893054469164166e+00 -2.580574912938702337e+00 5.265323728019149030e+01 -2.177148459219423682e+00
3.642601172690583811e-01 5.936381458653221255e-02 -1.782258633496646372e+00 -1.277423150067090507e+00 5.196323979948973459e+01 -3.863199582252402564e+00
3.836609741534808271e-01 6.362973095487814423e-02 -3.478811175369892261e+00 -3.504269970208917506e+00 5.393708921820299906e+01 -1.805040010663524708e+00
4.279047671749318105e-01 7.518936594254578554e-02 -2.193069034191094335e+00 -2.453232022175723337e+00 5.253299647945033257e+01 -2.811888323774016207e+00
2.901835575349830942e-01 4.767697012739648132e-02 -3.491631910310583731e+00 -2.892701394752838162e+00 5.391103283716179817e+01 -2.708674161706939199e+00
3.119950708342412726e-01 5.337106391922986220e-02 -3.437856302321906199e+00 -2.472547331244817403e+00 5.361818060049137813e+01 -2.758420105602068961e+00
2.806376389192299370e-01 4.170761055745840495e-02 -2.381417977896227889e+00 -1.533383636165545738e+00 5.274641273547407394e+01 -3.945864306771314389e+00
3.480324798956092591e-01 5.732657127273663167e-02 -3.499176134636541313e+00 -3.741308332870769249e+00 5.414415921356089001e+01 -1.922692203104467534e+00
2.787988341259919900e-01 4.844035473100199995e-02 -1.940799633041799810e+00 -1.947719402098975650e+00 5.254282762239305526e+01 -4.292320260340249938e+00
3.294068231198618024e-01 5.173064446357171497e-02 -3.054101252294238122e+00 -2.762205700819778453e+00 5.352096051112540209e+01 -2.685243578060877212e+00
4.014247340631923455e-01 6.737279004026561213e-02 -2.364660348518167865e+00 -2.383374293286513179e+00 5.270003057986679806e+01 -2.850761407962880689e+00
3.784326676422202218e-01 6.299305093351306728e-02 -2.295014558085377576e+00 -2.221646759668672644e+00 5.264303625633236550e+01 -3.106980066598212353e+00
4.200183805715791419e-01 6.995066466786138693e-02 -2.423955315393515164e+00 -2.599964767238131635e+00 5.279329760538354321e+01 -2.584161985299000097e+00
3.194260629656300865e-01 5.316952972441677666e-02 -2.527814291923637491e+00 -2.999344867613550569e+00 5.324546732405136851e+01 -3.031302186064705140e+00
4.270244941421281193e-01 6.985119584239736501e-02 -2.973294417283188995e+00 -2.953696988777942067e+00 5.329253143352681121e+01 -2.024731002514965184e+00
4.501645105258411106e-01 7.530295277874882176e-02 -2.468494353336804892e+00 -2.896180909896693301e+00 5.285689352431827359e+01 -2.211107809392113488e+00
3.794830468245795063e-01 6.241843213500151283e-02 -3.251906630203277970e+00 -3.489527975206847543e+00 5.377137586292754179e+01 -1.886787608785509773e+00
3.843982008458975419e-01 6.140993173751314177e-02 -1.716023385768902232e+00 -1.541622341380777694e+00 5.201465268566779798e+01 -3.677466524012074522e+00
3.764872805009762402e-01 6.132106789291864868e-02 -1.303502954012251358e+00 -1.030814985936891581e+00 5.153099896777070654e+01 -4.238014637088999059e+00
4.198743979395588855e-01 6.969136953681248636e-02 -1.704974443107504456e+00 -1.922027687617193781e+00 5.204295861351100427e+01 -3.280676857149433800e+00
2.728803608007387971e-01 4.491483821990373271e-02 -3.662659198986858211e+00 -3.190860734300681401e+00 5.421042529341085014e+01 -2.641078675302467094e+00
4.725738554227514321e-01 7.800094475635332980e-02 -2.331687953052605788e+00 -3.138502953973041354e+00 5.284692693888241877e+01 -2.066562336946212053e+00
3.138673720255072408e-01 5.419352642621286936e-02 -1.426977193919037656e+00 -1.164110793421877510e+00 5.176171401001274575e+01 -4.575586841031423546e+00
2.656167952275175770e-01 4.314204904373837579e-02 -2.379183358280507754e+00 -1.834887734606567289e+00 5.285917905898695324e+01 -4.063600208958098037e+00
3.915663615158071487e-01 6.409391803451890135e-02 -2.949510431207583494e+00 -3.238035751013902619e+00 5.346532305446830691e+01 -2.133665157997402861e+00
3.333954645873221101e-01 5.367160850010392614e-02 -2.894299123043211797e+00 -2.496294285168827898e+00 5.325922260996995306e+01 -2.876335271081015499e+00
4.376967604159784919e-01 6.881156437196517262e-02 -2.646248452412757857e+00 -3.096015106610741086e+00 5.314084926330031067e+01 -2.093198456533669649e+00
4.188529624034089682e-01 7.008141866567235700e-02 -3.561125000174226951e+00 -3.729098143902499274e+00 5.398099256978055394e+01 -1.384712022111688645e+00
4.317305163522882627e-01 6.816878148569904816e-02 -1.589351223758338483e+00 -1.800851418668836690e+00 5.192270796143284883e+01 -3.315594129950238500e+00
3.620529323204671468e-01 6.117934739264152544e-02 -2.195825704466234374e+00 -1.832017881707781903e+00 5.243688469059065937e+01 -3.455265951155119808e+00
3.284049166930219643e-01 5.513480435711649863e-02 -2.414073243369730282e+00 -1.891649706555043720e+00 5.269605232868004663e+01 -3.542302058790721908e+00
4.062196099491595103e-01 6.800854748763576763e-02 -2.113891144434759006e+00 -2.092514875922199646e+00 5.240349870635501617e+01 -3.091447170094615338e+00
4.372487265021000602e-01 7.033640973193645840e-02 -2.162890924203470178e+00 -2.398726926855251129e+00 5.251893671193806057e+01 -2.700052971404543367e+00
3.642601172690583811e-01 5.936381458653221255e-02 -1.782258633496646372e+00 -1.277423150067090507e+00 5.196323979948973459e+01 -3.863199582252402564e+00
3.610613951678028344e-01 5.989458602447424174e-02 -3.540113768837131580e+00 -3.472045722963300385e+00 5.402358514099882569e+01 -1.950368737548394904e+00
4.488399243553691242e-01 7.974019500538727379e-02 -3.021166685171170041e+00 -3.395188497220306800e+00 5.341372897511262607e+01 -1.781053706423016081e+00
2.901835575349830942e-01 4.767697012739648132e-02 -3.491631910310583731e+00 -2.892701394752838162e+00 5.391103283716179817e+01 -2.708674161706939199e+00
2.982482147658797600e-01 5.051088275459751642e-02 -2.572548075098173292e+00 -1.931861215353779748e+00 5.289004075167970598e+01 -3.650338183169298922e+00
3.673115407872045712e-01 5.712062987860133667e-02 -2.047855682423076029e+00 -1.933163619259401944e+00 5.246665767216182275e+01 -3.376966070967450939e+00
3.348745881195450136e-01 5.557022393523383674e-02 -3.207264806864503104e+00 -3.167370654788302708e+00 5.373680327772295584e+01 -2.439460496881244111e+00
2.943775268399549949e-01 5.083486913333873369e-02 -1.984283693887040956e+00 -1.990743227833252638e+00 5.255063127843982329e+01 -4.120717845127122914e+00
3.138933730972517377e-01 4.782622581149433005e-02 -2.751902166297331753e+00 -2.112836320877402141e+00 5.311122916225687618e+01 -3.235254711057017118e+00
4.037664905477345023e-01 6.684209040579335015e-02 -2.559769594626127187e+00 -2.719759870527452605e+00 5.297594026688055635e+01 -2.571490322996586197e+00
3.077293245913017561e-01 5.032293275457759563e-02 -2.357298901615312747e+00 -1.728098758325727458e+00 5.265749009623225163e+01 -3.734322025664341016e+00
4.556754822795420767e-01 7.794284737354766068e-02 -3.167009264302149685e+00 -3.814724072073651495e+00 5.367465193877079344e+01 -1.416891435651697950e+00
3.086091560483165130e-01 5.163004116055902593e-02 -2.526647715917556880e+00 -3.365589828678790418e+00 5.341449317670306840e+01 -2.946685281443127913e+00
4.569222506399732708e-01 7.442321438445730075e-02 -2.723971623374544571e+00 -2.709380191534071169e+00 5.296233607452050762e+01 -2.055625176017496614e+00
4.195359288767175343e-01 6.839674164812135915e-02 -1.723620872763307332e+00 -1.774202439885829152e+00 5.196968205044081657e+01 -3.275677309400680581e+00
3.892271038210622924e-01 6.383578540457676698e-02 -3.544303922368854831e+00 -3.520647086863680997e+00 5.395176317280929368e+01 -1.614847236927085872e+00
4.138353771363615374e-01 6.565920430352666093e-02 -1.504019238632209099e+00 -1.511897723202582533e+00 5.180694868256232866e+01 -3.617226637602705352e+00
3.764872805009762402e-01 6.132106789291864868e-02 -1.303502954012251358e+00 -1.030814985936891581e+00 5.153099896777070654e+01 -4.238014637088999059e+00
4.247262688239674122e-01 7.043646076078029228e-02 -1.633239367021678712e+00 -1.890687553789674347e+00 5.197310500978415604e+01 -3.300394675073975659e+00
2.711056936981738885e-01 4.448170237236314523e-02 -3.349074592573197062e+00 -2.859563295010652872e+00 5.388028271873132979e+01 -2.988635552571665688e+00
4.456585464873849545e-01 7.537278275472263089e-02 -2.385573702741087487e+00 -2.904478812503185292e+00 5.283006125671592201e+01 -2.343011989357784763e+00
3.159831446044474856e-01 5.469237770025384832e-02 -1.271798049657765661e+00 -1.060111245738722729e+00 5.160887075858620676e+01 -4.700921115247741255e+00
2.643769483368609285e-01 4.283944460991020303e-02 -2.160101763395558816e+00 -1.603431311375082435e+00 5.262852946611503313e+01 -4.306416066076176996e+00
4.056057063094570259e-01 6.644033251756767400e-02 -3.296267553152933516e+00 -3.799609588919339309e+00 5.389021961416850104e+01 -1.587978625923458065e+00
3.403692012276995915e-01 5.437363176612582810e-02 -2.811713638315184394e+00 -2.375403614936376417e+00 5.313314301355630676e+01 -2.897510093465458958e+00
4.284799789262630498e-01 6.709817046258459428e-02 -2.944719131630686437e+00 -3.351724615137261942e+00 5.345940267916139987e+01 -1.841277407866183324e+00
4.247778582947235870e-01 7.126723087279136781e-02 -3.617699560723669272e+00 -3.831291247706611891e+00 5.404499842623893358e+01 -1.270507874106015178e+00
4.427860426010298278e-01 6.960090994029929923e-02 -1.337085814358407898e+00 -1.544539881890848676e+00 5.162928037737103182e+01 -3.499580092657219588e+00
3.435935761409407152e-01 5.940424271265214162e-02 -2.324954967001775064e+00 -1.793991438074569400e+00 5.253262547994886233e+01 -3.529232056398910355e+00
3.173870555321181564e-01 5.338450162508852348e-02 -2.503390087963414334e+00 -1.891759763830506369e+00 5.277874773328165503e+01 -3.569972994763103369e+00
4.194903617849252697e-01 7.045744551530998268e-02 -2.245279112178492742e+00 -2.404460354150352419e+00 5.258062084387842816e+01 -2.782646418040831460e+00
4.513087447856887202e-01 7.343573384644087876e-02 -2.622375637530914183e+00 -3.000048733428303471e+00 5.302262862310792002e+01 -2.086440658846784757e+00
3.648014241894807497e-01 5.945046385584112913e-02 -1.761063712190622521e+00 -1.266505596801107858e+00 5.194410413007396699e+01 -3.879792963661747418e+00
3.089308409176098058e-01 5.248268534423630727e-02 -3.245297688627660548e+00 -2.862237171731230490e+00 5.370478807405174848e+01 -2.834178853260659992e+00
4.261578496408106043e-01 7.408248295709053688e-02 -2.630283885191162518e+00 -2.802296087305798267e+00 5.297796150044115393e+01 -2.393521275707390927e+00
2.720145471996610054e-01 4.448448169508540523e-02 -3.496014993370828439e+00 -2.764716279671781241e+00 5.390335583748531434e+01 -2.885841879178480784e+00
3.037184448868303632e-01 5.138314118291986005e-02 -2.448537294667620490e+00 -1.846003270514150696e+00 5.276183686451737032e+01 -3.721468839723967470e+00
3.504967054997911169e-01 5.585080389738658613e-02 -2.349018877804935457e+00 -2.072360253555888043e+00 5.271624566745298068e+01 -3.272846284325332089e+00
2.921737499893306556e-01 4.923068179952823364e-02 -3.554093966548145911e+00 -3.435322784216356506e+00 5.418357174618721217e+01 -2.445487063823459373e+00
2.903851952746821508e-01 5.070475083677078443e-02 -1.801042175031549064e+00 -1.950227529420886841e+00 5.242435664079352620e+01 -4.310811879542594482e+00
2.979803556447461199e-01 4.586968148047897154e-02 -3.666190560770171913e+00 -2.966311410921339764e+00 5.407569063652702823e+01 -2.410441878824825856e+00
3.977952099818449772e-01 6.900411606917931928e-02 -1.806549000542759797e+00 -1.587377313058708994e+00 5.201337007806626644e+01 -3.632225691061523154e+00
3.273715150349637004e-01 5.407827708395762656e-02 -2.387335348558212278e+00 -1.876114724612726548e+00 5.268579460090339239e+01 -3.526099115944041351e+00
4.486614342424320445e-01 7.629004611454801021e-02 -3.078174420002178557e+00 -3.665371800345142539e+00 5.357876520407501886e+01 -1.572475912942333132e+00
3.150503326788007818e-01 5.248153113053385249e-02 -2.435466118581514738e+00 -3.144726444102900587e+00 5.325212054614962653e+01 -3.050410010400343985e+00
4.560144844160468613e-01 7.428124098048691226e-02 -2.734971968132123621e+00 -2.720258972669444386e+00 5.297560391635364141e+01 -2.049714511159518970e+00
3.744209150620475546e-01 6.019465753742637981e-02 -1.949658382387544409e+00 -1.740865490910251445e+00 5.224204702718541427e+01 -3.478865705044617229e+00
3.844216674477975992e-01 6.313316463078491592e-02 -3.874608482558166145e+00 -3.860799717293548650e+00 5.431687741796924485e+01 -1.295868826502941218e+00
4.170871032397132638e-01 6.660566600600806297e-02 -1.405208339990604571e+00 -1.430493886111857016e+00 5.170462665289330317e+01 -3.697961613925188296e+00
3.666734422468173049e-01 5.924496687295668224e-02 -1.605182257146897218e+00 -1.247418321669815811e+00 5.183514849419655235e+01 -3.999735471957106991e+00
4.247262688239674122e-01 7.043646076078029228e-02 -1.633239367021678712e+00 -1.890687553789674347e+00 5.197310500978415604e+01 -3.300394675073975659e+00
2.711056936981738885e-01 4.448170237236314523e-02 -3.349074592573197062e+00 -2.859563295010652872e+00 5.388028271873132979e+01 -2.988635552571665688e+00
4.517769778039060768e-01 7.618689753522488173e-02 -2.459591168501325864e+00 -3.072845576076077556e+00 5.293445993111252079e+01 -2.178210158518447237e+00
3.501517066133477130e-01 5.870966055698643993e-02 -1.289390621056697883e+00 -1.190646353017556391e+00 5.161437037520416737e+01 -4.377205365270747883e+00
2.815820606739474208e-01 4.602276862818514835e-02 -1.985450347080234490e+00 -1.520632924969747002e+00 5.242510457238866906e+01 -4.320615323169741728e+00
3.958008040873814970e-01 6.371079263751983079e-02 -3.449381876049921747e+00 -3.977484716359596995e+00 5.408871803145090951e+01 -1.442466253400507270e+00
3.524159355460153575e-01 5.540450636653736216e-02 -2.817303569784713524e+00 -2.306171683470918499e+00 5.307339804751765655e+01 -2.795433343804246462e+00
4.150274472793819003e-01 6.421883292729622938e-02 -3.115079406319093192e+00 -3.540852080311118755e+00 5.368384590509124621e+01 -1.719983775466770393e+00
4.235829098437819407e-01 7.105356818332350666e-02 -3.541624507947580103e+00 -3.751488934447236190e+00 5.396708099589386620e+01 -1.362687063072269389e+00
4.507713806597581363e-01 7.053161120572482012e-02 -1.315918349470486914e+00 -1.579976979808997761e+00 5.160586830292498917e+01 -3.437937723310487748e+00
3.518987601574219970e-01 6.100899032439299763e-02 -2.379894321496497156e+00 -1.920344859817623817e+00 5.260215498656880584e+01 -3.391280069118576268e+00
2.934149162217274953e-01 5.053406160077041076e-02 -2.940264541241111917e+00 -2.205157516121555084e+00 5.323769986835023360e+01 -3.360943145743948257e+00
4.466296447405576076e-01 7.883330019492963692e-02 -2.457251009108307294e+00 -2.726240583022533137e+00 5.275156132077993476e+01 -2.369630022252458890e+00
4.397728331675663793e-01 7.172655027696978047e-02 -2.527532231934974671e+00 -2.783238122883983756e+00 5.289323494885611154e+01 -2.309059791253640359e+00
3.773519637262705562e-01 6.072162361747650283e-02 -2.033380177483497864e+00 -1.676376833906414010e+00 5.226314486206739218e+01 -3.453178002248338707e+00
2.700163951296121745e-01 4.663497671730748584e-02 -2.970309773510339646e+00 -2.152639508371764876e+00 5.331378223400214011e+01 -3.583414448169579991e+00
4.296011898599418344e-01 7.530534882282506615e-02 -2.886692705581262341e+00 -3.147992795782124542e+00 5.328757988608995078e+01 -2.100952092954183392e+00
2.718512945297399952e-01 4.448398245967041115e-02 -3.469620846558136407e+00 -2.781753160162175220e+00 5.389921133209051618e+01 -2.904306176895296243e+00
3.200302481664460963e-01 5.404229712413608638e-02 -2.215799345571114909e+00 -1.713216084016609964e+00 5.251749755050418145e+01 -3.814840671747800283e+00
3.391034869836915822e-01 5.453728205654786998e-02 -2.180440593037777042e+00 -1.766241794751796990e+00 5.250341132516474119e+01 -3.590126689397754145e+00
3.078079051026699209e-01 5.213055510653897412e-02 -3.446297667250163510e+00 -3.361457022561591845e+00 5.404289313105859094e+01 -2.439423350337255769e+00
2.638368497418464576e-01 4.752080371269030989e-02 -1.312361442862285177e+00 -1.490956099162163317e+00 5.198079489104641482e+01 -5.072490796875631425e+00
2.979426718166703902e-01 4.644848301020462755e-02 -3.521966430647745838e+00 -2.830964024720921124e+00 5.392037927120506424e+01 -2.573746792364701275e+00
3.588640541371986847e-01 6.089165569004405254e-02 -1.814445448187906429e+00 -1.250498015426044773e+00 5.198949364240295523e+01 -4.030219096253283340e+00
3.316135733508052685e-01 5.593423716118071237e-02 -1.827636655848597691e+00 -1.459815775346091860e+00 5.215618502988394312e+01 -4.094809387932050626e+00
4.094158495408329879e-01 6.766754957347452526e-02 -2.740455442346509507e+00 -2.986094877906185552e+00 5.317928281114834732e+01 -2.263771395021407784e+00
3.398864481496050027e-01 5.709665877356943919e-02 -1.823419329532751210e+00 -3.364031755225091125e+00 5.287629018278572346e+01 -3.145382904802882962e+00
4.325240818186859570e-01 7.046623349838188055e-02 -2.381163674513348205e+00 -2.321839766569965491e+00 5.263322154427452659e+01 -2.607742920535906173e+00
3.642310783689264309e-01 5.811277529678564313e-02 -2.032813680336423623e+00 -1.730463581616762614e+00 5.231487842959881363e+01 -3.469207906605911163e+00
3.745612474965777094e-01 6.134666965614724021e-02 -3.429097934180035168e+00 -3.279737379430911481e+00 5.381629201578750354e+01 -1.902538872471768450e+00
4.114291377148426299e-01 6.504295416691514842e-02 -1.233237072620066321e+00 -1.162624101101961793e+00 5.150403917954782429e+01 -3.945835134630822250e+00
3.877966379269426334e-01 6.320218034326037515e-02 -1.707486817095623444e+00 -1.563220470355371816e+00 5.198130047679946131e+01 -3.670269808567415915e+00
4.225545465443577009e-01 6.955557913759459476e-02 -1.567909944643428588e+00 -1.771778323806489919e+00 5.189649594984724956e+01 -3.405809701418962554e+00
2.648945491191517787e-01 4.336372181787508107e-02 -3.510916973515445960e+00 -2.990700641915455371e+00 5.405832976563477388e+01 -2.879526850605951260e+00
4.393008030941945030e-01 7.321897065359779522e-02 -2.183393114324557072e+00 -2.836447569260126755e+00 5.268774249606104121e+01 -2.525922494298423970e+00
3.501517066133477130e-01 5.870966055698643993e-02 -1.289390621056697883e+00 -1.190646353017556391e+00 5.161437037520416737e+01 -4.377205365270747883e+00
2.774692869614804880e-01 4.464709823124889815e-02 -2.363764928972276635e+00 -1.786672130228852184e+00 5.279090159024995899e+01 -3.969547176399097932e+00
4.192233240387411852e-01 6.780511619103121723e-02 -3.185310568940596276e+00 -3.669632384331348529e+00 5.373296262310607574e+01 -1.601905736718944206e+00
3.548931106576818650e-01 5.755220416319484222e-02 -2.251826388046222149e+00 -1.894592983274619780e+00 5.252274897092730299e+01 -3.361336343729080411e+00
3.975264345369830532e-01 6.146415856248044207e-02 -3.019592395112966177e+00 -3.243331746021846929e+00 5.353146489507702199e+01 -2.014696851159639923e+00
4.235829098437819407e-01 7.105356818332350666e-02 -3.541624507947580103e+00 -3.751488934447236190e+00 5.396708099589386620e+01 -1.362687063072269389e+00
4.507713806597581363e-01 7.053161120572482012e-02 -1.315918349470486914e+00 -1.579976979808997761e+00 5.160586830292498917e+01 -3.437937723310487748e+00
3.530083258768517140e-01 6.122916611802600717e-02 -2.357546906805816356e+00 -1.896022261954299903e+00 5.257368156042610963e+01 -3.405666160470093295e+00
3.572592588895234234e-01 6.072827018232762608e-02 -2.727623287782603434e+00 -2.411933025058902391e+00 5.303053766804801938e+01 -2.918780000056821144e+00
4.205944380910223712e-01 7.216260992832637666e-02 -2.186834129424780837e+00 -2.211817132922229590e+00 5.244543199302055569e+01 -2.899270298993269712e+00
4.561861074718838727e-01 7.534646883277312801e-02 -2.510725770681727198e+00 -2.806139612218369273e+00 5.283927782953531960e+01 -2.191380885482437257e+00
3.646594948974494210e-01 5.788504129857283131e-02 -1.619299442427754254e+00 -1.106665463832429808e+00 5.179533794741065833e+01 -4.027111553488704310e+00
2.960459441174916329e-01 5.075223910541671463e-02 -3.031739218560340454e+00 -2.385415433180992029e+00 5.338588956602580993e+01 -3.245666255689308777e+00
4.511287815914631905e-01 7.741901924013452896e-02 -3.282120350855697311e+00 -3.734861308622806852e+00 5.374077054789488983e+01 -1.422693382381373439e+00
2.718512945297399952e-01 4.448398245967041115e-02 -3.469620846558136407e+00 -2.781753160162175220e+00 5.389921133209051618e+01 -2.904306176895296243e+00
3.130116709114362239e-01 5.296182113534286806e-02 -2.190992389281968045e+00 -1.628283824685095471e+00 5.248219702778082763e+01 -3.919078875498920755e+00
3.440154662517002082e-01 5.505488057841526062e-02 -1.815714658503694512e+00 -1.419846952208217772e+00 5.212535665968023579e+01 -3.911494015062560337e+00
3.174853635702432064e-01 5.365362178370629287e-02 -3.330950436935988801e+00 -3.310803001235334442e+00 5.392412406037156813e+01 -2.463869141299675380e+00
2.720809160274811900e-01 4.621233693141763715e-02 -2.169963064829754984e+00 -2.012162477289869855e+00 5.275071092358299296e+01 -4.141792236990557541e+00
2.979426718166703902e-01 4.644848301020462755e-02 -3.521966430647745838e+00 -2.830964024720921124e+00 5.392037927120506424e+01 -2.573746792364701275e+00
3.588640541371986847e-01 6.089165569004405254e-02 -1.814445448187906429e+00 -1.250498015426044773e+00 5.198949364240295523e+01 -4.030219096253283340e+00
3.362206855332440791e-01 5.699472988672112800e-02 -2.190553670038235090e+00 -1.771297900089777944e+00 5.249065429101487723e+01 -3.693058555660701181e+00
4.228950843107055491e-01 6.987784064054983202e-02 -2.579372104152552581e+00 -2.957990148911574302e+00 5.303486486781230269e+01 -2.287117123335304480e+00
3.677934878127394058e-01 6.163943679286119220e-02 -1.969839043879308083e+00 -3.455931751530064489e+00 5.294969518325610380e+01 -2.824959911143287261e+00
4.278381650610254550e-01 6.959401376233843861e-02 -2.226666713804011266e+00 -2.254374071121606260e+00 5.252003676680401156e+01 -2.771710506572073296e+00
3.653784581599232029e-01 5.835433471442667830e-02 -2.050917277851122211e+00 -1.762517634384461296e+00 5.233699572219649099e+01 -3.438434625588178584e+00
3.451849660562898992e-01 5.684593452691352744e-02 -3.374989225319999342e+00 -3.055818618783826768e+00 5.376289477312925413e+01 -2.275931863622875806e+00
4.229947469916370828e-01 6.663523692264465559e-02 -1.241991089555930738e+00 -1.219008924557295925e+00 5.149994413162364992e+01 -3.822548609126644070e+00
3.964556781718316936e-01 6.453257979023481472e-02 -1.481122442763253666e+00 -1.369902903206819289e+00 5.173706429264682072e+01 -3.828270844165052811e+00
4.225545465443577009e-01 6.955557913759459476e-02 -1.567909944643428588e+00 -1.771778323806489919e+00 5.189649594984724956e+01 -3.405809701418962554e+00
2.648945491191517787e-01 4.336372181787508107e-02 -3.510916973515445960e+00 -2.990700641915455371e+00 5.405832976563477388e+01 -2.879526850605951260e+00
3.976611421485241049e-01 6.651180077825871728e-02 -1.959439566401079524e+00 -2.403210525740313130e+00 5.246705054031312443e+01 -3.145483776052961922e+00
3.547879583030807416e-01 5.943901839466122355e-02 -1.130326510211097091e+00 -1.110484803606572646e+00 5.145504065109203395e+01 -4.467513829075338450e+00
2.873059269599433363e-01 4.524400889336249038e-02 -2.222661102021969981e+00 -1.712755821514386545e+00 5.266275697643341402e+01 -4.003986797955773724e+00
4.196038871082137245e-01 6.750532031906970876e-02 -3.255078485058060522e+00 -3.555259562645587401e+00 5.373680274891810171e+01 -1.600196182787892774e+00
3.400694731167142604e-01 5.598580765001461013e-02 -2.667310912422981239e+00 -2.438261411697276060e+00 5.306010185241040489e+01 -3.016149567001321863e+00
3.601286039983421228e-01 5.954707055428144769e-02 -3.387814111811022322e+00 -3.309192568504411902e+00 5.382467561796636346e+01 -2.076542013288944055e+00
4.319291730650072214e-01 7.430616836635325906e-02 -3.858281611240808484e+00 -3.923984046179029406e+00 5.420719259392942035e+01 -1.069973646711201321e+00
4.507713806597581363e-01 7.053161120572482012e-02 -1.315918349470486914e+00 -1.579976979808997761e+00 5.160586830292498917e+01 -3.437937723310487748e+00
3.530083258768517140e-01 6.122916611802600717e-02 -2.357546906805816356e+00 -1.896022261954299903e+00 5.257368156042610963e+01 -3.405666160470093295e+00
3.374007613867154309e-01 5.769049402454162062e-02 -2.602994019391234204e+00 -2.114537947560946485e+00 5.287554655063468090e+01 -3.274268466540752431e+00
3.893689981758504670e-01 6.423633141422380177e-02 -2.095251420392336250e+00 -1.917276235323855715e+00 5.236248809865602993e+01 -3.250248386017084101e+00
4.486603366785907876e-01 7.529783104668769100e-02 -2.791688617469337164e+00 -3.081336269505556835e+00 5.315009816217368410e+01 -1.975718807862196558e+00
3.806124093849773127e-01 6.047418177443812659e-02 -1.839284427032443547e+00 -1.427827832737326608e+00 5.204462429638242327e+01 -3.665080057400140756e+00
2.839866099254151344e-01 4.881647014960078385e-02 -3.143366860754561731e+00 -2.461003737061781216e+00 5.352377191970547443e+01 -3.252881084885308915e+00
4.321607131293335735e-01 7.373999017567914316e-02 -2.975148016825567066e+00 -3.290787120827419976e+00 5.340324297940185261e+01 -1.916068202615380578e+00
2.848390576939133223e-01 4.669554535649365901e-02 -3.371936561409405009e+00 -2.645430723037928367e+00 5.373036867496508506e+01 -2.906023473349885755e+00
3.013053490196285211e-01 5.044526787689086744e-02 -2.272499898736636936e+00 -1.675068547050091228e+00 5.258634521115957483e+01 -3.906227742990520113e+00
3.436722401875467181e-01 5.512312203948131761e-02 -1.998939808001028107e+00 -1.625875594573038763e+00 5.232169616462438455e+01 -3.715460404762219504e+00
3.141301254210561167e-01 5.346533956164249007e-02 -3.501616566487770754e+00 -3.526687193766666173e+00 5.412943786261325840e+01 -2.303506879861289214e+00
2.631936390234282386e-01 4.489084351370670883e-02 -2.190078015797199740e+00 -2.016833593613100550e+00 5.278695082037067721e+01 -4.198821720724128959e+00
2.926714733090138854e-01 4.575813479349832846e-02 -3.114112021444834788e+00 -2.479054484881257903e+00 5.353055906833188260e+01 -3.037947051347341443e+00
4.209197737627082825e-01 7.153461027117213877e-02 -1.321055341331534461e+00 -1.408537136182770100e+00 5.158044541833950092e+01 -3.831541101685273620e+00
3.632211221458793160e-01 6.153378233409548953e-02 -2.017283940716684487e+00 -1.503730287975371560e+00 5.219539428576305795e+01 -3.699335987872573561e+00
3.883273642819186078e-01 6.218478690849550683e-02 -2.016947327452409677e+00 -2.326785778907897395e+00 5.249031523142411970e+01 -3.074124044130931210e+00
3.484856005447304894e-01 5.868521154750149654e-02 -2.240202805962933752e+00 -3.226714789540802375e+00 5.308195412416849024e+01 -2.923546733495903105e+00
4.302260041921607270e-01 7.164662858339784779e-02 -1.999865227946332480e+00 -1.844966656127279947e+00 5.219714117799127706e+01 -3.104800687011273652e+00
3.724950850242132461e-01 5.982674644195572905e-02 -2.119731502631146292e+00 -1.856254881818790947e+00 5.240455618870530685e+01 -3.324787923585382998e+00
3.396416996927926757e-01 5.627822940805816271e-02 -3.615278107405807795e+00 -3.310547318245675719e+00 5.403174936838671982e+01 -2.058574421680601674e+00
4.228053467778348229e-01 6.587378428181213386e-02 -1.148459374282575718e+00 -1.070027613778242959e+00 5.138861006651922736e+01 -3.940009813787066495e+00
3.964556781718316936e-01 6.453257979023481472e-02 -1.481122442763253666e+00 -1.369902903206819289e+00 5.173706429264682072e+01 -3.828270844165052811e+00
4.238068607480963701e-01 6.990020770645830051e-02 -1.643038116451257746e+00 -1.857813757509278796e+00 5.197732440495451556e+01 -3.318896272943884007e+00
2.725969049692623658e-01 4.456563493355167327e-02 -3.498179803905215213e+00 -3.018807760479464086e+00 5.404232222833698529e+01 -2.815834120861409495e+00
4.072078705934355503e-01 6.815649038275851945e-02 -2.115231354139996522e+00 -2.530151399745954155e+00 5.259491275894092865e+01 -2.926511131512391284e+00
3.290551844499918221e-01 5.453885661933099982e-02 -1.952125893105837839e+00 -1.535016826909438414e+00 5.225039509538044769e+01 -3.982330706548552257e+00
2.821450170742855756e-01 4.537050446082122046e-02 -2.024521116778264407e+00 -1.427157917566744594e+00 5.243177903497649339e+01 -4.311802280455161451e+00
4.230072717790498427e-01 6.857558975191949124e-02 -3.257997888057978297e+00 -3.574649122519897304e+00 5.373723110709141082e+01 -1.581033222218587220e+00
3.587072467604131565e-01 6.020548452305956449e-02 -2.432482553444174300e+00 -2.229012189992529702e+00 5.275291500132689748e+01 -3.122987126017851445e+00
3.387295115800020850e-01 5.533049215590822578e-02 -3.373375369990668560e+00 -3.176570932923984181e+00 5.380220459467935257e+01 -2.265274784595768143e+00
4.319291730650072214e-01 7.430616836635325906e-02 -3.858281611240808484e+00 -3.923984046179029406e+00 5.420719259392942035e+01 -1.069973646711201321e+00
4.441698475817855152e-01 6.855152005691780848e-02 -1.395622860764581752e+00 -1.560204667610624707e+00 5.166973996704094674e+01 -3.418232073079416011e+00
3.566129839670868495e-01 5.958748825300116958e-02 -2.498035848457599961e+00 -2.114672229522427394e+00 5.277784049983965531e+01 -3.170262203928606581e+00
3.464476984842272400e-01 5.922369387174943045e-02 -2.741660697044781880e+00 -2.344958684557598705e+00 5.304061288145004482e+01 -3.024699032585100866e+00
4.169455493910661503e-01 6.900101015682463812e-02 -1.870403035637236533e+00 -1.776746092656955600e+00 5.209795123150500729e+01 -3.253369584152126848e+00
4.302145844099271033e-01 7.327769770851712272e-02 -2.045797324181675592e+00 -2.416587822127498342e+00 5.243515953855051492e+01 -2.893027351757188725e+00
3.806124093849773127e-01 6.047418177443812659e-02 -1.839284427032443547e+00 -1.427827832737326608e+00 5.204462429638242327e+01 -3.665080057400140756e+00
3.096313872227556829e-01 5.294434683702044231e-02 -2.902679605297179499e+00 -2.543974681840936558e+00 5.333169039945175882e+01 -3.147692827306968866e+00
4.263099012425245471e-01 7.247486605702981033e-02 -3.073402131329606490e+00 -3.354786416278913386e+00 5.350499398271253426e+01 -1.856812053744997471e+00
3.122297763124303738e-01 5.132095999768718220e-02 -2.898087113069668597e+00 -2.462780180738852298e+00 5.329402111884171944e+01 -3.093038387239537279e+00
3.311070668653846027e-01 5.587090035911745911e-02 -2.116509291433865236e+00 -1.567304272037486124e+00 5.236601487474091954e+01 -3.840290179556923977e+00
3.310099683134561932e-01 5.177930997640638189e-02 -2.133836070087187231e+00 -1.818351237710039481e+00 5.253772387508811903e+01 -3.621870789897201792e+00
2.938143344364013143e-01 5.042241680506173718e-02 -3.810007831043934701e+00 -3.853684002894326888e+00 5.451192301216040192e+01 -2.130836008918156832e+00
2.659755817021005608e-01 4.533594842891323223e-02 -2.197387083473280267e+00 -2.024265329738572206e+00 5.278668766475394136e+01 -4.166865162550450918e+00
2.889500187011108112e-01 4.418128941216268452e-02 -3.160505897223604865e+00 -2.464809273062947170e+00 5.357419612497825057e+01 -3.013865919466599319e+00
4.169118936560819999e-01 7.062947457052379252e-02 -1.170789263493343224e+00 -1.170424912389953720e+00 5.139746464329358133e+01 -4.047492472665659591e+00
3.622506459030560566e-01 6.139813829238145032e-02 -2.060070882797942815e+00 -1.553715000212965158e+00 5.224542540078785180e+01 -3.659194859670260591e+00
3.879178645280967341e-01 6.265627434718494537e-02 -1.989024822253617097e+00 -2.212550757028265647e+00 5.242504699721470018e+01 -3.163071843724332588e+00
3.785818063930069810e-01 6.251348892651116540e-02 -2.725935730093179465e+00 -3.327855132118830994e+00 5.338061133169673411e+01 -2.350361954221279248e+00
4.590417237534828998e-01 7.630828268823013072e-02 -1.845598741779474805e+00 -1.803074974671721398e+00 5.201923001116105638e+01 -3.039244667833343794e+00
3.444104078832693205e-01 5.576012192215556301e-02 -2.205449623704827555e+00 -1.423369801239856791e+00 5.235004759439168964e+01 -3.672609121027884616e+00
3.257584054021301356e-01 5.421784195937975892e-02 -3.793371175216704305e+00 -3.109927314674065357e+00 5.409323139936527980e+01 -2.128695231247011321e+00
4.274138165247726162e-01 6.690449770955027298e-02 -1.187342927774495127e+00 -1.095957638412594637e+00 5.141221063838169414e+01 -3.881067279207476517e+00
3.964556781718316936e-01 6.453257979023481472e-02 -1.481122442763253666e+00 -1.369902903206819289e+00 5.173706429264682072e+01 -3.828270844165052811e+00
4.450164057238832904e-01 7.574733099829333849e-02 -1.401007144991392783e+00 -1.513633771816474516e+00 5.162596588784978735e+01 -3.531636613842297212e+00
2.736946813220454411e-01 4.481399676379009545e-02 -3.480527983322578400e+00 -3.004732755415787882e+00 5.402125767525519962e+01 -2.825671078697285399e+00
3.655614074346107967e-01 6.060401747953807899e-02 -1.873438273971881340e+00 -2.293062609529026297e+00 5.244493084597452537e+01 -3.474293530960215648e+00
2.715384031634996420e-01 4.499913402680336127e-02 -1.776039828961894385e+00 -1.543266924646802485e+00 5.232075218982324571e+01 -4.579302890827465333e+00
2.821450170742855756e-01 4.537050446082122046e-02 -2.024521116778264407e+00 -1.427157917566744594e+00 5.243177903497649339e+01 -4.311802280455161451e+00
4.082277352957983663e-01 6.622812087674592729e-02 -2.863607965532350086e+00 -3.038638107160669399e+00 5.330104740872281610e+01 -2.157289616856099546e+00
3.596690886846507507e-01 6.032671038838425398e-02 -2.443550381011678763e+00 -2.274559998245777592e+00 5.277782480327112324e+01 -3.090594961392797657e+00
3.226732525475751179e-01 5.274987474504375107e-02 -3.817855669523007478e+00 -3.386333490941034974e+00 5.421687140083023593e+01 -1.999372842506205394e+00
3.913709072292300695e-01 6.663287477462596919e-02 -3.647669991151587077e+00 -3.559159437865036857e+00 5.402919969317350990e+01 -1.637234859996280267e+00
4.807719228001466893e-01 7.485795435745914994e-02 -1.290588972324282491e+00 -1.617412100850913692e+00 5.152124041905831575e+01 -3.223302430450511125e+00
3.378403825242789482e-01 5.906622658571338697e-02 -3.081038108825381538e+00 -2.802046161833415372e+00 5.345519753920252981e+01 -2.679472328230679157e+00
3.405691282786858509e-01 5.819620158444929747e-02 -2.823690051959091729e+00 -2.438148376448340926e+00 5.314630484920533604e+01 -2.976976522239902057e+00
4.255689293400479190e-01 6.949261046513033335e-02 -1.881336590887748628e+00 -1.899185711291935030e+00 5.214269679673026303e+01 -3.108486421905773955e+00
4.138994181133106576e-01 6.991724607928279100e-02 -2.174539133213464925e+00 -2.422157095548107097e+00 5.256671107967657974e+01 -2.906983444124242588e+00
3.551687809860389899e-01 5.657144459406682202e-02 -1.887148937193035447e+00 -1.427654729009695478e+00 5.214466372131808214e+01 -3.832190808833745521e+00
3.058536203697189704e-01 5.300164134721305903e-02 -3.114937036392417369e+00 -2.762182610344889877e+00 5.355918969301534105e+01 -2.971026242883716861e+00
4.347427004039059462e-01 7.449360128861882979e-02 -3.410917274260396148e+00 -3.770832248442329337e+00 5.388187412164877799e+01 -1.443269125804560016e+00
3.236811055410803717e-01 5.240009117530169264e-02 -3.777442866244917319e+00 -3.293769476167024202e+00 5.416501219575012271e+01 -2.052909254338224798e+00
3.311070668653846027e-01 5.587090035911745911e-02 -2.116509291433865236e+00 -1.567304272037486124e+00 5.236601487474091954e+01 -3.840290179556923977e+00
3.286256948130064082e-01 5.149788195553526432e-02 -2.184831159030918180e+00 -1.851096202301448779e+00 5.258833510485090557e+01 -3.597846939221990059e+00
3.082710914163717675e-01 5.137969329323209544e-02 -3.794245036314278341e+00 -3.582662129988097632e+00 5.434400377680051264e+01 -2.093116224973270434e+00
3.072714134571338795e-01 5.207978714355334521e-02 -3.025188476513567704e+00 -2.638107673881442405e+00 5.344910713706215688e+01 -3.002852499860501290e+00
2.876378834170154053e-01 4.366903766171079115e-02 -3.151992121145184012e+00 -2.441422095204012432e+00 5.356630109826063801e+01 -3.034048334270363245e+00
4.030953297763802401e-01 6.822992752755929757e-02 -1.451025133793258481e+00 -1.386190518820337170e+00 5.169760326819587704e+01 -3.865423011682145304e+00
3.328588152945287648e-01 5.543063342678856975e-02 -2.120169663037202668e+00 -1.709556662717551134e+00 5.241034040859857157e+01 -3.691748542094689167e+00
3.960857487236460472e-01 6.388102794192765388e-02 -1.644262184620561396e+00 -1.857839800989955048e+00 5.203352448241898287e+01 -3.478459638494081574e+00
3.372948636626053043e-01 5.621919695521473970e-02 -3.310113520602049775e+00 -3.635840887919169262e+00 5.398671388122030379e+01 -2.171684992153878557e+00
4.692605602686263921e-01 7.908510504286121734e-02 -2.088094354309256051e+00 -2.090212952592762186e+00 5.225791662374565050e+01 -2.714463764262871059e+00
3.726086177431933710e-01 5.915199394582178194e-02 -2.761670194883693696e+00 -2.639554557774755672e+00 5.313347729841162703e+01 -2.569662869154102136e+00
3.231889517802811751e-01 5.380082586556924479e-02 -3.793499573755438448e+00 -3.179387392097731357e+00 5.413007799535969156e+01 -2.123467521227833998e+00
4.297504740020595682e-01 6.875886813540982301e-02 -1.312926074404576315e+00 -1.180269876212259650e+00 5.151738797688306448e+01 -3.790100522793419913e+00
3.654475865460956596e-01 5.873658062584250633e-02 -1.347849584800602019e+00 -1.187742574526755357e+00 5.164274152094321835e+01 -4.178627976067810224e+00
4.512756837522682307e-01 7.687731018073855338e-02 -1.275443479913266565e+00 -1.429852012331122024e+00 5.149647100478319572e+01 -3.605270249719963793e+00
2.708466389676781882e-01 4.391810863205881932e-02 -3.836875190104959810e+00 -3.268787757898662605e+00 5.437506811420283981e+01 -2.501594661067190639e+00
3.842498508960068837e-01 6.427337050044389100e-02 -2.277450782510604732e+00 -2.906046085098417109e+00 5.289510305589178074e+01 -2.829339719089206451e+00
3.075362767379279383e-01 5.113217233749697138e-02 -1.946938639420622064e+00 -1.797797061432458987e+00 5.242301032957558959e+01 -4.052368633022901179e+00
2.965822445156274245e-01 4.771562929141257708e-02 -2.870179797796808430e+00 -2.291172244406648684e+00 5.326852486709384493e+01 -3.274978331691197120e+00
4.364348112060609797e-01 7.062792409313840836e-02 -2.746608986806363006e+00 -3.045254101121184220e+00 5.317419028649450752e+01 -2.045222265412736995e+00
3.474744675985808051e-01 5.790306416712624749e-02 -2.867889845472778809e+00 -2.581238077105674655e+00 5.321332504472188418e+01 -2.775271540706079509e+00
3.217051483509167364e-01 5.308586317189924880e-02 -3.856674628939080751e+00 -3.475246865946851393e+00 5.426668532646914400e+01 -1.947947857609994227e+00
3.591457933716875051e-01 6.060992109997731525e-02 -3.738613070735054666e+00 -3.375545178249137468e+00 5.408476777338550789e+01 -1.855509027355481511e+00
4.142458583076831236e-01 6.552580781704163415e-02 -2.227093782731930816e+00 -2.181631222949275362e+00 5.251275364765945142e+01 -2.868268037456489061e+00
3.199422719065664333e-01 5.628052654676036354e-02 -3.361598808263554616e+00 -3.017207601764876568e+00 5.376067435634807623e+01 -2.537163160629496872e+00
3.582637131311018353e-01 6.277517234500240573e-02 -2.503333706694482075e+00 -2.250330398816545063e+00 5.282499897441125114e+01 -3.192946527314788341e+00
4.104075214241088565e-01 6.689256446563816849e-02 -2.266851411012685613e+00 -2.538179782009053920e+00 5.269514442714048386e+01 -2.712825199002407484e+00
4.313964436515954626e-01 7.325785148470867481e-02 -2.178988650174467523e+00 -2.527939978971057045e+00 5.256809581807241472e+01 -2.752111343166729895e+00
3.734426239421354543e-01 5.990435647999237112e-02 -1.768988553296166444e+00 -1.426819523594454076e+00 5.201607058361100400e+01 -3.768667439296313315e+00
3.067960829329368644e-01 5.300664880875662760e-02 -3.159037511345732518e+00 -2.804578294020987350e+00 5.360125429076018833e+01 -2.910198474197847940e+00
4.396363132943355012e-01 7.547877768111155294e-02 -3.422985706564545261e+00 -3.821037237620936722e+00 5.389880044595835784e+01 -1.386698694748936811e+00
3.048590551713467600e-01 4.940729035860988438e-02 -3.870492343298237436e+00 -3.310657662411825797e+00 5.428777987025089402e+01 -2.144387255146439131e+00
3.454040250179128413e-01 5.925873263038489852e-02 -1.807919421193759923e+00 -1.271807547656063964e+00 5.199614515516856983e+01 -4.070462523048183456e+00
3.258708494711331505e-01 5.161343831522632875e-02 -2.771970476520162041e+00 -2.379874827115016966e+00 5.317070215719765969e+01 -3.034481583133208815e+00
2.789033652690339204e-01 4.802442774340793391e-02 -3.662347449054180970e+00 -3.259465401366359760e+00 5.421720029596742307e+01 -2.613000285102968778e+00
2.797202878002140736e-01 4.738935000687037602e-02 -3.281896908454628115e+00 -2.820125650658554584e+00 5.375422835449914061e+01 -2.954747570683816882e+00
2.753583512245405540e-01 4.146761984154075098e-02 -3.238832700570452694e+00 -2.427191133529563505e+00 5.364708880948652592e+01 -3.067056853718180154e+00
3.737878436402051197e-01 6.265424353661237789e-02 -2.337085171848939602e+00 -2.100403783007049441e+00 5.262896897944130359e+01 -3.182628770462700096e+00
3.532530918398318343e-01 5.738459798447202720e-02 -2.484825747211144797e+00 -2.296909149532215366e+00 5.284624071769497533e+01 -3.035075905645062466e+00
3.896056990292668387e-01 6.296238552704526426e-02 -1.059026454184436750e+00 -1.254674549696450425e+00 5.141321055020158326e+01 -4.144025343492600655e+00
3.638538358789289440e-01 6.128710854592490931e-02 -3.193062025674128446e+00 -3.492005323919023407e+00 5.376806843793135471e+01 -2.113445373864283994e+00
4.632109365824421676e-01 7.767037900591045041e-02 -2.186864026237716363e+00 -2.225533916631351694e+00 5.239424618653211496e+01 -2.626206027681634581e+00
3.704774877958416646e-01 5.899798738804854642e-02 -2.905614718922202133e+00 -2.755930511345342726e+00 5.327713182739685038e+01 -2.456763569252899515e+00
3.050178076956158724e-01 5.118272922886631104e-02 -3.584493424745714307e+00 -3.046833054832072119e+00 5.398415523480016986e+01 -2.464487509258790343e+00
4.311463903795627606e-01 6.928535156309280352e-02 -1.310495316789253906e+00 -1.196455353398477417e+00 5.151603150490156935e+01 -3.778114223554727147e+00
3.654475865460956596e-01 5.873658062584250633e-02 -1.347849584800602019e+00 -1.187742574526755357e+00 5.164274152094321835e+01 -4.178627976067810224e+00
4.489313431480692618e-01 7.645494684654056960e-02 -1.321530854097626939e+00 -1.461873336992340899e+00 5.154467327919878983e+01 -3.578149171288696806e+00
2.708466389676781882e-01 4.391810863205881932e-02 -3.836875190104959810e+00 -3.268787757898662605e+00 5.437506811420283981e+01 -2.501594661067190639e+00
3.317824145921869361e-01 5.498915950487597015e-02 -3.184018608715716514e+00 -3.095223430206987647e+00 5.369970501520908357e+01 -2.532844822926822115e+00
3.077470031473545919e-01 5.115984309230679067e-02 -1.944758687251951113e+00 -1.795577208488256638e+00 5.242017110447473272e+01 -4.052828062763042638e+00
3.078543894828668082e-01 5.038074172422583874e-02 -2.624921373486303278e+00 -2.055817726033015713e+00 5.297475334916396150e+01 -3.458642528938231209e+00
4.498339772644435186e-01 7.256577452144749585e-02 -2.636618208602341085e+00 -2.984290467083908549e+00 5.304490653652997878e+01 -2.032164330788057693e+00
3.547686936326314711e-01 5.855456039230052395e-02 -2.570756866872152102e+00 -2.283881310962013522e+00 5.289297649256594980e+01 -3.035283627776129478e+00
3.519157647581929726e-01 5.843662291934503816e-02 -3.551668531772723014e+00 -3.283741403280396653e+00 5.393144622061100790e+01 -2.031951091525629138e+00
3.591457933716875051e-01 6.060992109997731525e-02 -3.738613070735054666e+00 -3.375545178249137468e+00 5.408476777338550789e+01 -1.855509027355481511e+00
4.230297321657503495e-01 6.722660987482305395e-02 -1.945253367966865321e+00 -1.896028001133816421e+00 5.220308182399912056e+01 -3.116024171099819995e+00
3.249257262704036697e-01 5.609768813191435416e-02 -2.805847734562714191e+00 -2.370036999678246659e+00 5.313816208403869723e+01 -3.118819523604526189e+00
3.211894035065426811e-01 5.330581182757877790e-02 -2.245541847292058524e+00 -1.867859307784467848e+00 5.259569819914754873e+01 -3.697962512378184297e+00
4.288341057979198623e-01 6.909781421080934960e-02 -2.748089690623218839e+00 -3.154385160150430245e+00 5.321793995222881790e+01 -2.015002423592055614e+00
4.299530272498384154e-01 7.293039344370352839e-02 -2.202543853028226195e+00 -2.540176487093499080e+00 5.259169142835608568e+01 -2.738175378622337508e+00
3.819600628895515326e-01 6.063066114227823322e-02 -1.449678105984853138e+00 -1.105652115043655126e+00 5.167078587165126180e+01 -4.043699819979349463e+00
2.779894330740635411e-01 4.937217351447031888e-02 -3.588124884672179604e+00 -3.225373692008765225e+00 5.412720477602336189e+01 -2.769793985250965207e+00
4.352740419522798110e-01 7.391865470098955837e-02 -3.068271905762800955e+00 -3.363088637684429560e+00 5.349709675386373675e+01 -1.812905542831811267e+00
3.055599795115736539e-01 4.951916009825479970e-02 -3.855939879421695249e+00 -3.298695016562389171e+00 5.427203854631910929e+01 -2.153747634710496683e+00
3.435783252314613678e-01 5.910482383775052945e-02 -1.660547189918925248e+00 -1.093280318397225725e+00 5.183034407735691929e+01 -4.253512728422542466e+00
3.469694983361674145e-01 5.607369692524774574e-02 -2.260994969321843406e+00 -1.964188861493984639e+00 5.260174053682229101e+01 -3.420466608398491815e+00
2.738775589440760605e-01 4.748348617074457656e-02 -3.642010706877647941e+00 -3.296138151936816030e+00 5.423661861505566151e+01 -2.683489488097545284e+00
2.912305871922484246e-01 4.905670768600191994e-02 -2.921215775895810829e+00 -2.431074641643089063e+00 5.333502938665600368e+01 -3.268870067624264575e+00
2.897473179381829245e-01 4.564406675014681669e-02 -2.951461734341743526e+00 -2.412570718416635618e+00 5.339679407273617784e+01 -3.204613944438737594e+00
3.520147934760935460e-01 6.286043784197882511e-02 -2.381432496039718849e+00 -2.059168567644353853e+00 5.262958410509523333e+01 -3.357597384769929860e+00
3.548302800193990358e-01 5.803543296337921459e-02 -2.698685915322396767e+00 -2.475769361623067155e+00 5.305489242523097460e+01 -2.834467817696937342e+00
3.825420713425148889e-01 6.212556611498021297e-02 -1.229793058521626570e+00 -1.358879067451867151e+00 5.158193459104080603e+01 -4.051393079093534411e+00
3.516457830876144053e-01 5.919734192739434936e-02 -2.897327036347104645e+00 -2.897219073932301825e+00 5.336368390519046301e+01 -2.635223907499876006e+00
4.262289276514190650e-01 7.088166637193862862e-02 -2.074050798564245124e+00 -2.011082914017426670e+00 5.231772651171396404e+01 -3.021278566231385909e+00
3.785564428794619962e-01 6.118466715447697796e-02 -2.924723892782852719e+00 -2.802935299374609723e+00 5.329267058599631923e+01 -2.401698634520379461e+00
3.051080649651509158e-01 5.219213846751311753e-02 -3.421891402526713755e+00 -2.896838030652552742e+00 5.381153227535101280e+01 -2.646477528294213677e+00
4.166072159427601784e-01 6.724264994570842979e-02 -1.550397320817499924e+00 -1.403456563928677792e+00 5.177814523990808482e+01 -3.636709807488030854e+00
3.707059231161253243e-01 5.912115488132289876e-02 -1.150253233448334855e+00 -1.022816312140785611e+00 5.143820910379408673e+01 -4.327487066631848123e+00
4.224252950178090105e-01 7.188676423932716109e-02 -1.604209811702349775e+00 -1.635259846589034671e+00 5.185771955337778394e+01 -3.511308077574770703e+00
2.650599859911252354e-01 4.289713562081379911e-02 -3.936795264440261732e+00 -3.320513608545271111e+00 5.447887085378600602e+01 -2.462238498600817671e+00
3.109585092569434051e-01 5.201793209222293352e-02 -3.355994014072498199e+00 -3.365993746846164036e+00 5.397028680139202805e+01 -2.474572072798498112e+00
2.998679593179254255e-01 4.924029596079128324e-02 -1.297730510379467628e+00 -1.239943983303555708e+00 5.181144417822688553e+01 -4.754978005797187990e+00
2.940098653217095848e-01 4.760594463536860915e-02 -2.544226157854883930e+00 -1.785481663426829790e+00 5.285302200655517169e+01 -3.716767321321732265e+00
4.177621594778260228e-01 6.701141010387878794e-02 -2.374854047036313975e+00 -2.313635165109767300e+00 5.269250165196381630e+01 -2.712577802335296440e+00
3.352431074174121450e-01 5.495519158113962299e-02 -2.636535522899898343e+00 -2.278356155244809500e+00 5.297828032822627620e+01 -3.118043453736797144e+00
3.598233852031790803e-01 5.961914435018784292e-02 -3.774298466980445799e+00 -3.540395909399541630e+00 5.415346449774912685e+01 -1.717240829740795283e+00
3.419366926641885795e-01 5.760142765504231571e-02 -3.890146421777239905e+00 -3.378361029986724162e+00 5.421761320128369732e+01 -1.865139718581512396e+00
4.723406877169140650e-01 7.515076416086372002e-02 -1.329001348596652310e+00 -1.506545358855382544e+00 5.152732100122307912e+01 -3.331104794669411007e+00
3.280290513625578885e-01 5.599993470793111078e-02 -2.753953193184080384e+00 -2.361364511728844207e+00 5.309820245337753164e+01 -3.119340681791687331e+00
3.195770957747737784e-01 5.248688092502337005e-02 -2.196485580842183705e+00 -1.937005526318704485e+00 5.260229779128263772e+01 -3.710064289565841555e+00
4.271816556168244183e-01 6.891611985552914543e-02 -3.059223860772076087e+00 -3.563296795015001628e+00 5.358396578566181745e+01 -1.650796733080584611e+00
4.639911072995056562e-01 7.912240672280534959e-02 -1.792732055427713522e+00 -2.362088527922054482e+00 5.217248812115657586e+01 -2.851167251253845514e+00
3.885322867882441411e-01 6.209859148749567737e-02 -1.493017245347718402e+00 -1.329136073068861723e+00 5.177045463311921480e+01 -3.886908471730532888e+00
2.885965962437469501e-01 5.051725272731671934e-02 -3.325351391649401300e+00 -2.970975142496494747e+00 5.382533958916176431e+01 -2.926760811281486241e+00
4.282197940053765750e-01 7.280253510145691387e-02 -3.030091657434133445e+00 -3.278040047404235935e+00 5.345064943902358578e+01 -1.919959443889345696e+00
3.160966225543775932e-01 5.116181618907390122e-02 -3.716854589489781979e+00 -3.206190360826862928e+00 5.412370794851997147e+01 -2.206226062487780748e+00
3.447899054186266965e-01 5.840555669265293237e-02 -2.527413949953092320e+00 -2.116732507283071385e+00 5.281359769276920701e+01 -3.249175680463888050e+00
3.469694983361674145e-01 5.607369692524774574e-02 -2.260994969321843406e+00 -1.964188861493984639e+00 5.260174053682229101e+01 -3.420466608398491815e+00
2.755155100273026791e-01 4.771476691264775472e-02 -3.644531840123895083e+00 -3.300793203564528877e+00 5.423503386821634109e+01 -2.665074771461388714e+00
2.918083895121684757e-01 4.925900233120260319e-02 -2.776617417213045336e+00 -2.301972270419028632e+00 5.318643414903843336e+01 -3.413262898497988473e+00
2.858233742097597840e-01 4.551397301979511617e-02 -2.969222067940461507e+00 -2.420323416571703579e+00 5.341560873683550170e+01 -3.227947355065494239e+00
3.751966967469183567e-01 6.537298201896067640e-02 -1.974393706132902881e+00 -1.717628409816792878e+00 5.221133525150135313e+01 -3.599496316264362061e+00
3.638496909826363646e-01 5.928225048319486074e-02 -2.679501778647978671e+00 -2.494194088977334189e+00 5.302829383002572428e+01 -2.759079189160587031e+00
3.608128772218927027e-01 6.016717634521585867e-02 -2.408372674771889876e+00 -2.279994467307130179e+00 5.276513221409604881e+01 -3.112277467529665387e+00
3.903658231656291222e-01 6.640991374203350506e-02 -2.112791781073300790e+00 -2.411537813476490655e+00 5.256493673579846160e+01 -3.081613047118411330e+00
4.855823820838321425e-01 8.154106944526046119e-02 -1.552546003333260760e+00 -1.636528022035240060e+00 5.170433558689597220e+01 -3.163392963530186286e+00
4.033677590006571334e-01 6.459559602723063954e-02 -2.967084688700655004e+00 -2.946218653801265130e+00 5.332305588824386433e+01 -2.112375246199653667e+00
3.088046932805615929e-01 5.226271876929893673e-02 -3.105765411615565519e+00 -2.649160357469661609e+00 5.349962025228785478e+01 -2.921149845729673622e+00
4.320112037337511257e-01 7.052510631594727242e-02 -1.524684765188276891e+00 -1.536333491705482057e+00 5.177460813977955212e+01 -3.512347941796229556e+00
3.707059231161253243e-01 5.912115488132289876e-02 -1.150253233448334855e+00 -1.022816312140785611e+00 5.143820910379408673e+01 -4.327487066631848123e+00
4.349423226072636206e-01 7.385900551247726042e-02 -1.521448467450461139e+00 -1.602525033947152622e+00 5.175829311085865214e+01 -3.490089582089102471e+00
2.706099385455273953e-01 4.379587401973406707e-02 -3.912877929894801987e+00 -3.308081586307364041e+00 5.444024884798695041e+01 -2.434398559109442139e+00
3.040215942451891529e-01 5.234402838058214297e-02 -3.073184670739191215e+00 -3.533136041382432868e+00 5.387418813015305119e+01 -2.693738443695606222e+00
2.998679593179254255e-01 4.924029596079128324e-02 -1.297730510379467628e+00 -1.239943983303555708e+00 5.181144417822688553e+01 -4.754978005797187990e+00
2.924701355151330118e-01 4.722760151053132655e-02 -2.608923700699050663e+00 -1.865887719398264366e+00 5.293320960810417120e+01 -3.651267340343347101e+00
3.927286775136182295e-01 6.373851804502726759e-02 -2.311236975610717614e+00 -2.157896731900073917e+00 5.262842059483372736e+01 -3.007154785860256307e+00
3.378833611621430144e-01 5.537357012894518482e-02 -2.716097776913004580e+00 -2.340010454067245060e+00 5.304662718367573149e+01 -3.012581613743342768e+00
3.685537282774773993e-01 6.183530277390283242e-02 -3.432465798093031761e+00 -3.260849884761253481e+00 5.380634851297168098e+01 -2.014499368082926178e+00
3.437913096934539503e-01 5.787295147164282783e-02 -3.917009818651815856e+00 -3.411858957587003083e+00 5.424352692323870428e+01 -1.819370597933851919e+00
4.232582208792469713e-01 6.756331983886254555e-02 -1.683786560685230471e+00 -1.673208231219010411e+00 5.193646895992236523e+01 -3.373447315309905825e+00
3.723907574336131066e-01 6.298866693180106557e-02 -2.748529128720424097e+00 -2.631465096129462111e+00 5.312466813194271964e+01 -2.715865695780465217e+00
3.759977013077864250e-01 6.295334110148717577e-02 -1.541763279509918760e+00 -1.423201193687992250e+00 5.181888059460169416e+01 -3.941234726891392537e+00
4.269407892362895862e-01 6.876722156869796709e-02 -3.058954549624846031e+00 -3.569255904258028966e+00 5.358655140483549673e+01 -1.645971634446018683e+00
4.384175489689933758e-01 7.413643529061203497e-02 -2.003788194719200888e+00 -2.376284563100116820e+00 5.237411251241108090e+01 -2.852405844271491464e+00
4.079479640486183833e-01 6.523644894791726101e-02 -1.728902357110171373e+00 -1.656103418672582261e+00 5.201746190191649788e+01 -3.456501044818149460e+00
2.972068515573750291e-01 5.075816649386933471e-02 -3.438905564610569066e+00 -3.038369818591832416e+00 5.391028675272453796e+01 -2.711363334254534241e+00
4.282197940053765750e-01 7.280253510145691387e-02 -3.030091657434133445e+00 -3.278040047404235935e+00 5.345064943902358578e+01 -1.919959443889345696e+00
3.160966225543775932e-01 5.116181618907390122e-02 -3.716854589489781979e+00 -3.206190360826862928e+00 5.412370794851997147e+01 -2.206226062487780748e+00
3.293898789977119379e-01 5.634978777476840062e-02 -2.708434516002694359e+00 -2.175943727616111545e+00 5.298294933097893278e+01 -3.223573304736714107e+00
3.487198355729505539e-01 5.615507584048234913e-02 -2.166414252140352659e+00 -1.889001081964437390e+00 5.250777004471998310e+01 -3.495604163391843322e+00
2.977069472074669321e-01 5.037390173353821499e-02 -3.063048629643240872e+00 -2.769735721581276344e+00 5.358301903762945528e+01 -3.052627643843447203e+00
2.797165372900239921e-01 4.436127353322104339e-02 -2.795439973510604137e+00 -2.276435227223082336e+00 5.323399299983890387e+01 -3.438987476603565518e+00
2.858233742097597840e-01 4.551397301979511617e-02 -2.969222067940461507e+00 -2.420323416571703579e+00 5.341560873683550170e+01 -3.227947355065494239e+00
3.701548888776641233e-01 6.335253776193175423e-02 -2.085112290744387753e+00 -1.885273257187605855e+00 5.238166549202313860e+01 -3.468696248448179364e+00
3.565096931619107790e-01 5.819074302456976600e-02 -2.320898203966994977e+00 -2.190895142488116232e+00 5.269489990249802247e+01 -3.185606995360084071e+00
3.564299759935931067e-01 5.943403988657599418e-02 -2.434669801730729333e+00 -2.293877297588191144e+00 5.279989538923525316e+01 -3.125361839058419910e+00
3.759643236540053945e-01 6.498682808319282411e-02 -2.316166628091359758e+00 -2.714194541320256171e+00 5.283824236380132078e+01 -2.932659470738076202e+00
4.751628797464012566e-01 7.995842867086211392e-02 -1.545797563634140559e+00 -1.629869475304161153e+00 5.171547052907504849e+01 -3.230508235851927257e+00
3.739639184613546830e-01 5.994839651827889304e-02 -3.113423180256472023e+00 -2.918546456853669646e+00 5.348016973274168606e+01 -2.256234738673175144e+00
3.083993794457902671e-01 5.207212779835373312e-02 -3.122471142876897421e+00 -2.663661086427212332e+00 5.352066290668463466e+01 -2.908913266898818240e+00
4.369125611555574329e-01 7.133680702313471844e-02 -1.452161242656462292e+00 -1.482529882031660362e+00 5.169365922123294155e+01 -3.545082599737120255e+00
3.707059231161253243e-01 5.912115488132289876e-02 -1.150253233448334855e+00 -1.022816312140785611e+00 5.143820910379408673e+01 -4.327487066631848123e+00
4.352934232824062777e-01 7.357706157659472945e-02 -1.497519942527773429e+00 -1.571530946165617504e+00 5.173347350345630957e+01 -3.513842674869297245e+00
2.706099385455273953e-01 4.379587401973406707e-02 -3.912877929894801987e+00 -3.308081586307364041e+00 5.444024884798695041e+01 -2.434398559109442139e+00
3.005268932539870153e-01 5.157501202179123195e-02 -2.998649806312540633e+00 -3.420596585366907583e+00 5.379132455280746683e+01 -2.808959374076541948e+00
2.981562187358213767e-01 4.968647456346317326e-02 -2.784308617016270304e+00 -2.478459299260003412e+00 5.326209627491601140e+01 -3.299327769527940379e+00
2.879800268938343955e-01 4.569956836332007138e-02 -2.668954392162748768e+00 -1.851694564845703495e+00 5.298237701655597220e+01 -3.633619756736171880e+00
3.885966333499593084e-01 6.308745204763017977e-02 -2.318224558825264570e+00 -2.176571366039477873e+00 5.265090242946380528e+01 -3.021455563165741154e+00
3.527963702884608921e-01 5.824667812976334902e-02 -2.361299405002380780e+00 -2.097998689113316217e+00 5.269034347154000386e+01 -3.261478641682097557e+00
3.469910481386186407e-01 5.796112118804176011e-02 -3.701910980158622522e+00 -3.423919724006514009e+00 5.409347951535006871e+01 -1.934618087791591723e+00
3.432894536691379339e-01 5.786041170149761742e-02 -3.979990953895690353e+00 -3.460037096546166424e+00 5.430463435892066570e+01 -1.765460132945225746e+00
4.756627107431183887e-01 7.471786222961947221e-02 -1.564253806932954127e+00 -1.660106194029292936e+00 5.175194833292889740e+01 -3.091042412810618867e+00
4.110216021453096391e-01 6.907942463905265840e-02 -2.391231031092734050e+00 -2.364557801729989972e+00 5.268188870706786986e+01 -2.736119541449673509e+00
3.900771479299055544e-01 6.580952250002387871e-02 -1.044437711241513522e+00 -1.013708509424884108e+00 5.129004390636207233e+01 -4.353736471286708820e+00
4.228569900047274843e-01 6.952465933145700328e-02 -2.717520631232103412e+00 -3.124617058668292202e+00 5.318718364818446531e+01 -2.129382762058543932e+00
4.371182433006611801e-01 7.391086259995625907e-02 -1.911933612865869270e+00 -2.265260765497749684e+00 5.226967996774033764e+01 -2.962370539106527811e+00
4.079479640486183833e-01 6.523644894791726101e-02 -1.728902357110171373e+00 -1.656103418672582261e+00 5.201746190191649788e+01 -3.456501044818149460e+00
2.823470001172686539e-01 4.960539100832514481e-02 -3.813398287023168187e+00 -3.323540563428772021e+00 5.429387198723276953e+01 -2.503993292369832702e+00
4.539879805483414410e-01 7.553703346661810869e-02 -2.911325711968477226e+00 -3.324371258081602498e+00 5.334637413023038732e+01 -1.775262867563615732e+00
3.417036976117457381e-01 5.514878521636505659e-02 -3.496324745142278978e+00 -3.071399571992726507e+00 5.386997504592994090e+01 -2.212502956875866733e+00
3.245197736695444868e-01 5.553488800802906800e-02 -2.789430411652973785e+00 -2.203039754103401027e+00 5.305044583118312573e+01 -3.187590024884678019e+00
3.509625268947944576e-01 5.862564335768655904e-02 -1.277945091495954699e+00 -1.138766995706770757e+00 5.160436109194580467e+01 -4.410778058835027160e+00
2.952135083140297045e-01 4.963918329835325521e-02 -2.893376642604625015e+00 -2.686221554178895410e+00 5.346514655120783743e+01 -3.218169578963362198e+00
3.469608885951534494e-01 5.555913325455116153e-02 -2.814793548996355810e+00 -2.694464624380729312e+00 5.324919369507077249e+01 -2.748858106638188303e+00
2.767264735295414391e-01 4.522038201334454416e-02 -3.258683571270952761e+00 -2.656426386932381423e+00 5.371131500602457010e+01 -3.043639407831170374e+00
3.476635913650296672e-01 5.904349789802442600e-02 -2.485323124258206562e+00 -2.194876833699663798e+00 5.283188823814360546e+01 -3.248272168139626270e+00
3.571702977451848282e-01 5.827086259656133471e-02 -2.308746396689071112e+00 -2.182359572862711872e+00 5.268198629267317301e+01 -3.190345931624176679e+00
3.164882662719112338e-01 5.210088508180456268e-02 -2.809261273002269466e+00 -2.484621524216696908e+00 5.323066239558241364e+01 -3.088586990890074713e+00
3.968877360821331246e-01 6.872090517908890916e-02 -2.202617143989088699e+00 -3.116048587404719239e+00 5.288585422665830293e+01 -2.699802424666016165e+00
4.471465303241115019e-01 7.466866928102176837e-02 -1.914720350760214407e+00 -2.008211819566169343e+00 5.217007549339871986e+01 -3.002739579624130073e+00
4.000479717369053168e-01 6.506369727160093985e-02 -2.796962886929718728e+00 -2.631502350378033483e+00 5.309463071249620469e+01 -2.408329459019343588e+00
3.075289001727052884e-01 5.196015023616340489e-02 -3.136600607162668641e+00 -2.671548107556248830e+00 5.353508986472282771e+01 -2.904213525854440370e+00
4.373263972156486989e-01 7.142396681139875914e-02 -1.448207262145428498e+00 -1.480049923885707885e+00 5.168903284147953769e+01 -3.546348222094962033e+00
3.374412102670801827e-01 5.373199840451709647e-02 -1.884415577863031821e+00 -1.497784729119117753e+00 5.219567548750379160e+01 -3.910337182720921234e+00
4.797675536714873235e-01 8.231274889678788509e-02 -1.043260993477250098e+00 -1.245605489025881418e+00 5.120642353785963508e+01 -3.685718584918700635e+00
2.706099385455273953e-01 4.379587401973406707e-02 -3.912877929894801987e+00 -3.308081586307364041e+00 5.444024884798695041e+01 -2.434398559109442139e+00
2.897544417040062159e-01 5.065071609089367988e-02 -3.041303526061345242e+00 -3.589055519627111224e+00 5.391709616379655046e+01 -2.822902563475066628e+00
3.200824684172984824e-01 5.377439314637982165e-02 -2.520275214262603036e+00 -2.275930071578443847e+00 5.294429656729670342e+01 -3.394433762127207821e+00
3.126556817476292549e-01 4.881014456900349685e-02 -2.407987155898901221e+00 -1.652069852026468055e+00 5.266898243317798034e+01 -3.671580601214241124e+00
3.797661355710351128e-01 6.210681083745154402e-02 -2.587147067274589762e+00 -2.414073950476374630e+00 5.293995723704738054e+01 -2.822933393332283991e+00
3.457138852883799851e-01 5.522503174923110159e-02 -2.471726242600614132e+00 -1.934530833011443018e+00 5.273158989172376465e+01 -3.249657270062065173e+00
3.420583259183629377e-01 5.679980401950493474e-02 -3.713449379369138992e+00 -3.425547119449463107e+00 5.411809656552985359e+01 -1.957268177719466706e+00
3.486271385247664001e-01 5.892974380759854330e-02 -3.627557247319633138e+00 -3.142959948708941909e+00 5.393281215476643808e+01 -2.086737338092913063e+00
4.515078862050988517e-01 7.174613781484873165e-02 -1.676761145600917491e+00 -1.713711558313218308e+00 5.189392556709029236e+01 -3.162995093987275741e+00
3.851738538188826944e-01 6.505600509004783039e-02 -3.926052403734037632e+00 -3.704134531218978399e+00 5.428533458090838337e+01 -1.381246937962651966e+00
3.755333061796841676e-01 6.324904610027889951e-02 -1.346739144549088607e+00 -1.278584640523407367e+00 5.162633754927517060e+01 -4.142047031488397479e+00
4.458307408125714577e-01 7.042337367989053021e-02 -3.080983299593957003e+00 -3.108866933195579829e+00 5.338711843122210610e+01 -1.698418368803996215e+00
4.257274910795418865e-01 7.207924185908662351e-02 -1.725363639266084270e+00 -2.017140291059917878e+00 5.206932726360555819e+01 -3.265345390355669952e+00
3.989068946748128841e-01 6.407881181035776641e-02 -2.001212659806819616e+00 -1.898898245078239233e+00 5.230570121027639630e+01 -3.250783290956265059e+00
3.131958887578904505e-01 5.371370510457297576e-02 -3.681383712646828066e+00 -3.190865537492767245e+00 5.407915120951737009e+01 -2.352254405116136926e+00
4.508607359636868095e-01 7.607873920264836276e-02 -3.324814815516218047e+00 -3.845109734994415440e+00 5.383346683528743171e+01 -1.342045512327908252e+00
3.430249521373908150e-01 5.528286017538130981e-02 -3.628061851278294281e+00 -3.173693334244448661e+00 5.399967958484613462e+01 -2.073138544851356624e+00
3.104371529225015691e-01 5.355631304221061123e-02 -2.806799397556101638e+00 -2.708729074127671055e+00 5.332398112973755389e+01 -3.114173970831415339e+00
3.678219098352981664e-01 6.147533146627096046e-02 -1.288488498921673386e+00 -1.196839250773751306e+00 5.159983097010574227e+01 -4.269142486156417782e+00
3.013425266138393122e-01 5.083900002709198368e-02 -3.011946039977456469e+00 -2.659039903147792927e+00 5.348785284929271455e+01 -3.068348168710989476e+00
4.242903823384432394e-01 6.648213761201904326e-02 -1.291803156049997181e+00 -1.863959572733345116e+00 5.175910902186205220e+01 -3.492808731791026577e+00
2.933929234313299439e-01 4.807181816879292635e-02 -3.096345596474680217e+00 -2.565449176811229748e+00 5.352659259670731018e+01 -3.064059240343357082e+00
3.285356116650775538e-01 5.602706911175225901e-02 -1.785398254323417255e+00 -1.466486353297080658e+00 5.213068547719048240e+01 -4.161602362551296785e+00
3.616014923826475491e-01 5.880809358786601160e-02 -2.283473271270650251e+00 -2.171179919061239527e+00 5.265064587983889766e+01 -3.165961843461420511e+00
2.875085973693267682e-01 4.768419797975616964e-02 -3.142325104665560254e+00 -2.592169817869847126e+00 5.354493948923563096e+01 -3.055850598387762851e+00
4.174249639818095048e-01 7.025309863381289099e-02 -2.097249793482839131e+00 -3.257902019923735182e+00 5.283539251224386391e+01 -2.524349586025246506e+00
4.614253300111315070e-01 7.709659113149343324e-02 -1.670319072462894905e+00 -1.815632196088760919e+00 5.190538924404899745e+01 -3.144792408585475485e+00
4.121870591578328247e-01 6.485281916665387725e-02 -1.784478496549436688e+00 -1.665489075459328561e+00 5.202779109106080568e+01 -3.337917808588451773e+00
3.157748032512547320e-01 5.351417861279342963e-02 -3.299453828655034560e+00 -2.661723343548161314e+00 5.358192116256991255e+01 -2.694000873705951982e+00
4.373263972156486989e-01 7.142396681139875914e-02 -1.448207262145428498e+00 -1.480049923885707885e+00 5.168903284147953769e+01 -3.546348222094962033e+00
3.408284565362460494e-01 5.451684523906524110e-02 -2.018627755965480830e+00 -1.643707109249320286e+00 5.233284140240294136e+01 -3.741993613547773379e+00
4.570018571100701865e-01 7.771681129439925173e-02 -1.045940912349799579e+00 -1.162504321062556967e+00 5.123403175490501837e+01 -3.858052986524515671e+00
2.848014623245019306e-01 4.639543575723216462e-02 -3.872805683817027944e+00 -3.330481069960341323e+00 5.437542494110429914e+01 -2.340722826746893581e+00
2.830920451299703822e-01 4.971438995930217014e-02 -2.840525846652426800e+00 -3.690657737405713679e+00 5.385512177169538006e+01 -2.971617414928259038e+00
3.543116959034436908e-01 6.024251306007840506e-02 -2.985164230791462092e+00 -2.846282113255088397e+00 5.338970606685206377e+01 -2.609677214840812720e+00
3.068770054447368945e-01 4.917195372240147633e-02 -2.647035746453989535e+00 -2.059416458867105781e+00 5.300437880186756701e+01 -3.437876359216165856e+00
3.322198205286382988e-01 5.611872726208666506e-02 -2.955787117576055056e+00 -2.614547941413351229e+00 5.333935434408604692e+01 -2.875632156527707206e+00
3.218684168634189935e-01 5.175866768635399573e-02 -3.032869218695064983e+00 -2.500407658444717018e+00 5.339188781182512145e+01 -2.879990876421850476e+00
3.300643853153454876e-01 5.462899956212404623e-02 -3.669019824056443113e+00 -3.345966153082188921e+00 5.409001215153752185e+01 -2.103045200665729642e+00
3.181484906696028236e-01 5.558821264997855505e-02 -3.866901263489552765e+00 -3.190774000191115345e+00 5.416120288989928611e+01 -2.154311389870595228e+00
4.642145369917464182e-01 7.376557487575084726e-02 -1.559154641974958455e+00 -1.621478733290567575e+00 5.175350830007442227e+01 -3.191948264452666884e+00
3.873022115429993195e-01 6.528511438992294635e-02 -3.860048009589965190e+00 -3.645793879823401973e+00 5.421478756685174005e+01 -1.432283256219082590e+00
3.783315787463479851e-01 6.353185945204081753e-02 -1.630323438117645463e+00 -1.544605270997421176e+00 5.191630234765645469e+01 -3.822181806570043250e+00
4.215530586079774822e-01 6.632759495711605668e-02 -3.165235936276213913e+00 -3.147038766542902266e+00 5.350810244067147181e+01 -1.790321520479221107e+00
4.189153722200440466e-01 7.071685281032513704e-02 -1.964773008496305540e+00 -2.190229092394116783e+00 5.230948673515876379e+01 -3.081615742401707880e+00
3.974861317362310964e-01 6.383964797185033568e-02 -1.998512926338312790e+00 -1.889626612896311286e+00 5.230315799497321905e+01 -3.266028703651917553e+00
3.158264873715813659e-01 5.461300632656662657e-02 -3.737658718766395438e+00 -3.269817622283361480e+00 5.413667525697131566e+01 -2.281982569985199660e+00
4.508607359636868095e-01 7.607873920264836276e-02 -3.324814815516218047e+00 -3.845109734994415440e+00 5.383346683528743171e+01 -1.342045512327908252e+00
3.430249521373908150e-01 5.528286017538130981e-02 -3.628061851278294281e+00 -3.173693334244448661e+00 5.399967958484613462e+01 -2.073138544851356624e+00
3.304087798789007158e-01 5.655023831402603701e-02 -3.032203353736626639e+00 -2.935895512197399526e+00 5.352107049919150938e+01 -2.722766058644492837e+00
3.605939488948167737e-01 5.988079228471150650e-02 -1.469482523163643917e+00 -1.309943162263534910e+00 5.178544643907741118e+01 -4.147080944640354261e+00
2.994870574923252926e-01 5.171274110991357781e-02 -3.110461572594795054e+00 -2.723104501826508539e+00 5.357898312232855176e+01 -3.026283343877575582e+00
4.432764567532326283e-01 7.294382870576261724e-02 -1.070414082747521700e+00 -1.451270525084603413e+00 5.140656226642445858e+01 -3.776565293824103886e+00
2.971494978630628281e-01 4.935931147388350482e-02 -3.325504545649697441e+00 -2.889696553424340841e+00 5.379560915313713565e+01 -2.774268786186063096e+00
3.253942608840332262e-01 5.377298537819193147e-02 -2.450622024992615167e+00 -2.023191112183356122e+00 5.280456836497586437e+01 -3.471742565467231589e+00
3.509753172561976831e-01 5.689918842161430235e-02 -2.078314055442730623e+00 -1.896319510514901996e+00 5.244496136719340740e+01 -3.513237723451440253e+00
2.863729180279278030e-01 4.755477321390941259e-02 -3.129050003746343123e+00 -2.585026055685052171e+00 5.353800467504659366e+01 -3.080458681733640791e+00
4.129993373633665810e-01 6.992423715161817654e-02 -2.330534121529293401e+00 -3.599347538164096250e+00 5.314810406452887293e+01 -2.288105513669796309e+00
4.338662595004908473e-01 7.169599552516128793e-02 -1.855639953493306571e+00 -1.970042891256012396e+00 5.215001766052477450e+01 -3.118738808383938910e+00
4.179430940826541208e-01 6.800995224077778512e-02 -1.696556940817605774e+00 -1.615914157043145671e+00 5.193589942774947588e+01 -3.436709882073345490e+00
3.379346191409362543e-01 5.719936258449074412e-02 -3.488567818330795323e+00 -2.988013592849365629e+00 5.379753345355500471e+01 -2.288613933139435730e+00
4.264250219147827092e-01 6.793735659810343219e-02 -1.671086751293986428e+00 -1.655989079061256586e+00 5.194113051206343812e+01 -3.373645238868733909e+00
3.222100591995199492e-01 5.105538798171765924e-02 -1.941573041343728878e+00 -1.531751037478519262e+00 5.226823380898493809e+01 -3.948773858102221368e+00
4.570018571100701865e-01 7.771681129439925173e-02 -1.045940912349799579e+00 -1.162504321062556967e+00 5.123403175490501837e+01 -3.858052986524515671e+00
2.778983314951768979e-01 4.444253695122164782e-02 -3.955442716313070317e+00 -3.385875184815618777e+00 5.448061040598428661e+01 -2.301535321221129582e+00
2.827490400299514373e-01 4.987206186382452805e-02 -2.817087046640515346e+00 -3.775970202489314254e+00 5.387921162709686485e+01 -2.965075567362192466e+00
3.549336703622260059e-01 5.797163976190620321e-02 -2.833457316145034710e+00 -2.573023410957155477e+00 5.320766405033904078e+01 -2.772928164553026154e+00
2.781474275391914164e-01 4.369634690436567659e-02 -2.357713356347219680e+00 -1.517459652416546456e+00 5.267000107308134460e+01 -4.030364064344873043e+00
3.203951645933026948e-01 5.464464256617822951e-02 -3.072374621964193864e+00 -2.720781589023287150e+00 5.348293527623398091e+01 -2.854036476516871534e+00
3.266898380896071652e-01 5.268377142624416920e-02 -2.924180785207918909e+00 -2.432398524077493907e+00 5.328195449224522662e+01 -2.948851251236717985e+00
3.246115762527147508e-01 5.380451804731786747e-02 -3.764272787680631005e+00 -3.441140854924140235e+00 5.419994840619612120e+01 -2.041986964611673727e+00
3.268320888687804571e-01 5.692757457281096695e-02 -3.391140161319212254e+00 -3.044834602097188814e+00 5.378230512624361381e+01 -2.469830035193022688e+00
4.642145369917464182e-01 7.376557487575084726e-02 -1.559154641974958455e+00 -1.621478733290567575e+00 5.175350830007442227e+01 -3.191948264452666884e+00
4.056756697194567884e-01 6.840532864720098860e-02 -3.705323135222604147e+00 -3.703411981600753577e+00 5.410455561013040438e+01 -1.406197386094905744e+00
3.692257103402158402e-01 6.209416234122597245e-02 -1.268385836899575292e+00 -1.159226579911563970e+00 5.153709729608650747e+01 -4.278055283933023922e+00
4.228269522618383069e-01 6.664497028783426813e-02 -3.030434736401866225e+00 -3.037829472664152597e+00 5.336734046543342913e+01 -1.908546051425273893e+00
4.094563343860727067e-01 6.913151620372709472e-02 -1.901693247527219022e+00 -2.040725840275415148e+00 5.222352968576002752e+01 -3.241183828124893918e+00
3.946206191975145661e-01 6.312490442265360213e-02 -2.058092483169126741e+00 -1.831281817636477127e+00 5.232784132659433851e+01 -3.262380730462191458e+00
3.181391682367302187e-01 5.483310091634099187e-02 -3.824440890132136062e+00 -3.345335642758715977e+00 5.421988566342005100e+01 -2.175718202981038907e+00
4.481523520577839759e-01 7.550699113288758535e-02 -3.270921289937790633e+00 -3.767753632826058130e+00 5.377243872578245742e+01 -1.421702355576625276e+00
3.439776595460687925e-01 5.545049519981014308e-02 -3.650658112176509817e+00 -3.201412218587444070e+00 5.402308437833256249e+01 -2.040280472902816111e+00
3.231574779253064689e-01 5.569426564220131964e-02 -2.995621774733854714e+00 -2.980918490671403021e+00 5.354048989201464082e+01 -2.821424870017915865e+00
3.139494860275235388e-01 5.121084617718435483e-02 -1.810920991028885929e+00 -1.667178927565956537e+00 5.225623095508730387e+01 -4.076573753314171711e+00
2.998099284586037139e-01 5.125637906941082900e-02 -3.063869275822790339e+00 -2.644662423710960830e+00 5.352330760825406486e+01 -3.077930410009987128e+00
4.432764567532326283e-01 7.294382870576261724e-02 -1.070414082747521700e+00 -1.451270525084603413e+00 5.140656226642445858e+01 -3.776565293824103886e+00
2.806456821906853638e-01 4.546856355850895787e-02 -3.399792610886795963e+00 -2.907607148202949077e+00 5.391151574863543061e+01 -2.833141014245314615e+00
2.833267926139100279e-01 4.843615079756501129e-02 -3.043101438857719110e+00 -2.246960045144613893e+00 5.338807652212111776e+01 -3.394844038582516266e+00
3.663175046354349984e-01 5.878428985261932582e-02 -1.852083251541376097e+00 -1.812901987149469818e+00 5.222441032537962968e+01 -3.544263464090448235e+00
2.970345764441912895e-01 4.939029316874481851e-02 -3.069826802139833610e+00 -2.542753361477988694e+00 5.345464850546850499e+01 -3.066972591476532894e+00
3.843124027621898087e-01 6.485237754215499029e-02 -2.419850600632593274e+00 -2.956288360273285676e+00 5.302185586986842480e+01 -2.721439534835484508e+00
4.338662595004908473e-01 7.169599552516128793e-02 -1.855639953493306571e+00 -1.970042891256012396e+00 5.215001766052477450e+01 -3.118738808383938910e+00
4.062227893236203258e-01 6.564471370910467118e-02 -1.630292279950437795e+00 -1.423597326421676801e+00 5.184057032370070317e+01 -3.625070444829805894e+00
3.486891031519018247e-01 5.865953546326084511e-02 -3.163609213063936387e+00 -2.757419187294835261e+00 5.347484608816363050e+01 -2.520265196981054778e+00
4.237839233832722541e-01 6.706958229827834905e-02 -1.709664392932901400e+00 -1.702662639910585085e+00 5.199348535352276457e+01 -3.339988573858154730e+00
3.647970423931305994e-01 5.910882596930864402e-02 -1.726648048667822177e+00 -1.452690933200762480e+00 5.200096227555821571e+01 -3.849946479537083022e+00
4.616585226639343675e-01 7.868900129234174257e-02 -1.004545289400681440e+00 -1.129106228389096689e+00 5.118317555261031515e+01 -3.874166161735100200e+00
2.787387272674929362e-01 4.475116678083087413e-02 -3.873492176398241060e+00 -3.306457714738071818e+00 5.438713541836341392e+01 -2.378778487787799101e+00
2.830995009584707511e-01 4.992240190837714947e-02 -2.738660530371078039e+00 -3.640788701983602049e+00 5.376745934763844303e+01 -3.063389294763182669e+00
3.978545814079544329e-01 6.365026408680492243e-02 -2.577675235678375198e+00 -2.557404825962630301e+00 5.294029713788567904e+01 -2.595178613954913782e+00
2.958457732788231098e-01 4.664355137590341788e-02 -2.238792008498547315e+00 -1.505642211218094939e+00 5.254719329121076754e+01 -3.984573040562335855e+00
3.238793089377179357e-01 5.537355797485806613e-02 -3.737277347525618243e+00 -3.383014767925521582e+00 5.417932766649619225e+01 -2.140778911377559268e+00
3.352951229525660271e-01 5.263962560993074025e-02 -2.261149172133626983e+00 -1.760750495425453366e+00 5.256884598040146983e+01 -3.563149147087298907e+00
3.210176549686825087e-01 5.325300165616630305e-02 -3.946703430775122978e+00 -3.617359295667885277e+00 5.439545878220694419e+01 -1.877834502842094189e+00
3.356550495135675050e-01 5.909177851003714899e-02 -3.459180286989863351e+00 -3.301251050407484122e+00 5.390577499252762550e+01 -2.275254420759550200e+00
4.499524981493563391e-01 7.231781463598402349e-02 -1.839423429730702386e+00 -1.889857674254304509e+00 5.206452151005424156e+01 -3.005163167781530476e+00
4.056756697194567884e-01 6.840532864720098860e-02 -3.705323135222604147e+00 -3.703411981600753577e+00 5.410455561013040438e+01 -1.406197386094905744e+00
3.589318340506547078e-01 6.013196451190838676e-02 -1.297220599555763521e+00 -1.034357807456813383e+00 5.152874801085553713e+01 -4.373026768632407801e+00
4.174032436085365338e-01 6.506260588100910847e-02 -2.879907076787462383e+00 -2.842185761127264065e+00 5.320589269131354371e+01 -2.113318403668158929e+00
3.350198393931743124e-01 5.636934152947175453e-02 -1.993726748937315163e+00 -1.683938131033042573e+00 5.231982750179942343e+01 -3.854880517323677758e+00
4.016125296556946056e-01 6.361620118959714076e-02 -2.402337561127715126e+00 -2.215755474358786614e+00 5.270303226548555386e+01 -2.819396228094549262e+00
3.121650871874780409e-01 5.399715343847724669e-02 -3.847633273959758515e+00 -3.298343017995907012e+00 5.422289745924751259e+01 -2.232350112502260231e+00
4.546400293773221191e-01 7.665482003075919926e-02 -3.277093608095899224e+00 -3.857547848188596085e+00 5.380186749894731690e+01 -1.347339922726086492e+00
3.439143661879240366e-01 5.563745477508744153e-02 -3.640423762080892356e+00 -3.204108832300482934e+00 5.401535316694790367e+01 -2.049412545404938335e+00
3.400911087589413295e-01 5.733769577671804507e-02 -2.082494382025956714e+00 -1.959793802464112389e+00 5.248632844084433202e+01 -3.668579912913595642e+00
3.008184446946953750e-01 4.907280269208615098e-02 -2.255070885243630752e+00 -2.027551310244242622e+00 5.273392157889117016e+01 -3.752422298494979991e+00
2.998099284586037139e-01 5.125637906941082900e-02 -3.063869275822790339e+00 -2.644662423710960830e+00 5.352330760825406486e+01 -3.077930410009987128e+00
4.432764567532326283e-01 7.294382870576261724e-02 -1.070414082747521700e+00 -1.451270525084603413e+00 5.140656226642445858e+01 -3.776565293824103886e+00
2.806456821906853638e-01 4.546856355850895787e-02 -3.399792610886795963e+00 -2.907607148202949077e+00 5.391151574863543061e+01 -2.833141014245314615e+00
3.038575135186729614e-01 5.128309070497317351e-02 -2.796942455556822082e+00 -2.099312526473119611e+00 5.311863717620341419e+01 -3.442628036638110345e+00
3.895324045751055730e-01 6.367576623457869844e-02 -1.688931095491665868e+00 -1.689058381189623370e+00 5.201661399504460803e+01 -3.584986098735897020e+00
2.980607649952946026e-01 4.982405077074233968e-02 -3.231017055113274861e+00 -2.649109820808400961e+00 5.359355581627094978e+01 -2.918687241799223120e+00
4.125179488050805254e-01 7.067051646623229155e-02 -1.782211545433415534e+00 -3.096501548307291962e+00 5.259615485441283766e+01 -2.892847109041205123e+00
4.652500465717096523e-01 7.793237444455693164e-02 -1.044608310427748821e+00 -1.289092828072131436e+00 5.127587212638256631e+01 -3.742702065829441427e+00
4.129552445051615228e-01 6.648229986705277150e-02 -1.470193331443139240e+00 -1.284906926518646575e+00 5.166689903742093293e+01 -3.727665115373392624e+00
3.632786585558258619e-01 6.131806371794341209e-02 -3.211552135809044639e+00 -2.792375242892481069e+00 5.347536358759450081e+01 -2.363661915253090662e+00
4.208685145132396443e-01 6.740136650708743182e-02 -2.227340636145794139e+00 -2.258226167118400074e+00 5.255910042672856264e+01 -2.811096916114093069e+00
3.733341292816120260e-01 6.039570397743949937e-02 -1.546600554541288197e+00 -1.303959970958714631e+00 5.180357659977724438e+01 -3.959899037630422836e+00
4.627291796837000315e-01 7.846344582710587656e-02 -1.016488340817599090e+00 -1.176799291394539315e+00 5.121080901405063202e+01 -3.834975845662353500e+00
2.708918363194802170e-01 4.351626843604457923e-02 -3.960650506618296429e+00 -3.365751176989410176e+00 5.448667871097415372e+01 -2.355869103623199567e+00
2.830293544976520415e-01 4.992770419645185809e-02 -2.735226684706799638e+00 -3.646802423974321083e+00 5.376816304271843450e+01 -3.064440623686524479e+00
4.146883154237025471e-01 6.231764102975739794e-02 -3.071689419280243527e+00 -3.257317659512478425e+00 5.352373099116324795e+01 -1.763241645192312301e+00
2.778319691904735933e-01 4.346772843523724617e-02 -2.200387727867388232e+00 -1.333980134495240888e+00 5.249966726313041931e+01 -4.206527258050958729e+00
3.120018081466561233e-01 5.367343049417135081e-02 -3.959977901916657217e+00 -3.653783600841288504e+00 5.447350522699397857e+01 -2.002448108541250882e+00
3.622481707209174173e-01 5.793627581044858560e-02 -1.571916405483708701e+00 -1.156525470857542315e+00 5.178710806552600587e+01 -4.061241752457298126e+00
3.296741081533905438e-01 5.427260262016853770e-02 -3.814189705752342174e+00 -3.403585759657245191e+00 5.420996385503498516e+01 -1.982510031229199887e+00
3.422631936693205090e-01 6.051478348439272986e-02 -3.373434015937109454e+00 -3.274457042393509099e+00 5.381366433026664708e+01 -2.287646502258961156e+00
4.399688208051991678e-01 7.076431633218033257e-02 -1.801267447711222491e+00 -1.813512879751005391e+00 5.203051935329595068e+01 -3.129569038257812075e+00
4.011679785445588786e-01 6.719430555827385354e-02 -3.226220777335281120e+00 -3.117455421906285995e+00 5.355931276369897631e+01 -1.960242136197302587e+00
3.589318340506547078e-01 6.013196451190838676e-02 -1.297220599555763521e+00 -1.034357807456813383e+00 5.152874801085553713e+01 -4.373026768632407801e+00
4.413431424424527627e-01 6.730787862267834099e-02 -2.792218209606117441e+00 -2.866930553616996669e+00 5.311626635628959292e+01 -1.963843328567711932e+00
3.466375118309388270e-01 5.835106147359273021e-02 -2.005113238157809619e+00 -1.765249967226546257e+00 5.233200700302356978e+01 -3.731985457743632661e+00
4.011433217149844022e-01 6.353066048999293780e-02 -2.413952905997662324e+00 -2.229598431583302620e+00 5.271674684965764612e+01 -2.808830357361574048e+00
2.973280859781032848e-01 5.188777595254281255e-02 -3.971340049655078808e+00 -3.350481750946573634e+00 5.435438490449338644e+01 -2.256702247912928172e+00
4.554834773727592934e-01 7.688592624132818687e-02 -3.303311325703741197e+00 -3.897491116099049080e+00 5.383290576892356682e+01 -1.310782400599848074e+00
3.540737449888943233e-01 5.757936319846803513e-02 -3.447976551711597448e+00 -3.094957954275502576e+00 5.382498215279813536e+01 -2.153361866633254795e+00
2.977962758669338017e-01 5.077950881634001740e-02 -2.585223686667256437e+00 -2.263898001279169847e+00 5.302993111658255287e+01 -3.530829709430006513e+00
3.012260365077162327e-01 4.914848109316444225e-02 -2.231841380536265795e+00 -2.009325412306450787e+00 5.271004953003438942e+01 -3.771442952006431426e+00
3.057428944989162289e-01 5.195166345256715251e-02 -2.962897863961660772e+00 -2.564468909591307355e+00 5.340871855833130155e+01 -3.121652066538559644e+00
4.586805900515280032e-01 7.606877528551396483e-02 -1.098005434359638155e+00 -1.526759384056754820e+00 5.142186679179104658e+01 -3.663528278434454499e+00
2.893965728792207148e-01 4.544991836599868162e-02 -3.306428039599070168e+00 -2.872121897842434102e+00 5.382374162682911845e+01 -2.811307404327588522e+00
2.700086611559524008e-01 4.558438224572924913e-02 -2.662697354430722640e+00 -1.797741427359466959e+00 5.301386444272043263e+01 -3.942611146167558367e+00
3.785396027538799890e-01 6.281856078608184790e-02 -2.197209937114683154e+00 -2.154863437672175586e+00 5.255257461692348642e+01 -3.169773451294649380e+00
3.758515390210566687e-01 6.006585835296537196e-02 -1.404663915231789684e+00 -1.341993060250973091e+00 5.172325312549801879e+01 -3.949791378534718067e+00
4.125179488050805254e-01 7.067051646623229155e-02 -1.782211545433415534e+00 -3.096501548307291962e+00 5.259615485441283766e+01 -2.892847109041205123e+00
4.604159707010053726e-01 7.728540692433452652e-02 -1.067379261847304805e+00 -1.300547228583499582e+00 5.130297385473967609e+01 -3.755436903748670119e+00
4.129552445051615228e-01 6.648229986705277150e-02 -1.470193331443139240e+00 -1.284906926518646575e+00 5.166689903742093293e+01 -3.727665115373392624e+00
3.492504145691064377e-01 5.973049643620909760e-02 -3.665208702907039484e+00 -3.071072598494510419e+00 5.390391293793191352e+01 -2.059054938850223060e+00
4.335414207368351036e-01 6.977658424289572003e-02 -2.397056399551733996e+00 -2.517969446135064793e+00 5.274799220848374404e+01 -2.522580622949140761e+00
3.845897296238328100e-01 6.060182015342985978e-02 -1.741494567034843843e+00 -1.514657929521098234e+00 5.201835908478491888e+01 -3.637033789010065021e+00
4.099572884792131999e-01 6.853960558897488620e-02 -1.944040891321908049e+00 -1.896875062466219619e+00 5.221734140313660077e+01 -3.267867267515185414e+00
2.708918363194802170e-01 4.351626843604457923e-02 -3.960650506618296429e+00 -3.365751176989410176e+00 5.448667871097415372e+01 -2.355869103623199567e+00
2.862427477411203514e-01 5.038333672385984785e-02 -2.723428677204587256e+00 -3.582098427607480318e+00 5.372593020637998507e+01 -3.073040502211410452e+00
3.960984503834080184e-01 6.217764237886680423e-02 -2.387146217596566977e+00 -2.506046351913117309e+00 5.280985882493521189e+01 -2.727467112984252928e+00
2.811891730864555239e-01 4.520907221921779268e-02 -2.298972492126294398e+00 -1.721227750907353915e+00 5.270633267100578934e+01 -3.995364935846061893e+00
3.152105959615690844e-01 5.398124671874527519e-02 -3.807115341607826053e+00 -3.502178591051128276e+00 5.430340589311955313e+01 -2.130100677822869049e+00
3.560462240916216214e-01 5.752417378131120806e-02 -2.215478840254498927e+00 -1.832899553729389064e+00 5.249842369710100343e+01 -3.434743530030162972e+00
3.328187717767370768e-01 5.459020747578105515e-02 -3.893197580268483282e+00 -3.483499510239040031e+00 5.428226796460918990e+01 -1.867163530751714262e+00
3.636240059412077508e-01 6.219648985219926318e-02 -2.810341367588102823e+00 -3.005475824833317322e+00 5.333138051844179017e+01 -2.609370325223613118e+00
4.476629777851184877e-01 7.178765493702149447e-02 -1.784462567027246038e+00 -1.817491634890652241e+00 5.200566495738095085e+01 -3.079906320036608136e+00
3.937283739268883642e-01 6.636669830862637620e-02 -3.437012230919340716e+00 -3.260082456982206445e+00 5.376440893014486022e+01 -1.812742290091345909e+00
3.584390600679476790e-01 6.007403999329408856e-02 -1.295642830561271053e+00 -1.032072426244758923e+00 5.152748786768791689e+01 -4.378913428313596867e+00
4.495058911369403387e-01 6.863462579840826083e-02 -2.636553474748859038e+00 -2.831935071009234584e+00 5.298209820816526872e+01 -2.017641994659484794e+00
3.591086200500319126e-01 5.959591403024457057e-02 -1.501100801258450357e+00 -1.362087002362302623e+00 5.179901745046998940e+01 -4.093169592388439249e+00
3.983061553430717328e-01 6.349106227833856142e-02 -2.509690678344275838e+00 -2.349614152759914809e+00 5.282653197792204480e+01 -2.724486722500190083e+00
2.967936195855570003e-01 5.145395979702364897e-02 -3.926534837970385716e+00 -3.318247388872132664e+00 5.431862741474251521e+01 -2.294074413039691507e+00
4.554834773727592934e-01 7.688592624132818687e-02 -3.303311325703741197e+00 -3.897491116099049080e+00 5.383290576892356682e+01 -1.310782400599848074e+00
3.444730077772416021e-01 5.560621813142438419e-02 -3.868137417971746039e+00 -3.459017674215491667e+00 5.428050686852247253e+01 -1.801202977974769803e+00
3.088347152446490052e-01 5.286657206401146336e-02 -2.895597356682381385e+00 -2.635378617703237669e+00 5.335562384563949934e+01 -3.106112376114412044e+00
3.147969878839796953e-01 5.136773230034578919e-02 -2.163490165911758467e+00 -1.954500999698888242e+00 5.260887189937530195e+01 -3.731524567140338533e+00
2.995247758668529992e-01 5.119352967164214618e-02 -3.088923262444639661e+00 -2.655274918151246499e+00 5.354233559201218640e+01 -3.062606075617035462e+00
4.464461460323144726e-01 7.351999240383394474e-02 -1.384073273730410225e+00 -1.693504971858203145e+00 5.170651206703783487e+01 -3.473238275666382435e+00
2.893965728792207148e-01 4.544991836599868162e-02 -3.306428039599070168e+00 -2.872121897842434102e+00 5.382374162682911845e+01 -2.811307404327588522e+00
2.662834525438969036e-01 4.410989514939253620e-02 -2.076125709609131675e+00 -1.025055736792259697e+00 5.233477619433637074e+01 -4.663317860756980515e+00
4.022011282399466925e-01 6.706130262372361761e-02 -1.809596748652465781e+00 -1.888704166062201484e+00 5.212744871947187164e+01 -3.348673758319453242e+00
3.809005429023084033e-01 6.126471491151768561e-02 -1.597791281697483301e+00 -1.483936735887992242e+00 5.189756335514820762e+01 -3.761110617204229456e+00
4.039866346153777044e-01 6.883383352242115893e-02 -1.896307238514158389e+00 -2.885791351903439050e+00 5.260089645403348868e+01 -2.947792998856549218e+00
4.567302252724759759e-01 7.664183104214587761e-02 -1.083158839250792926e+00 -1.302786157332701533e+00 5.132102082175210001e+01 -3.767724232409623397e+00
3.904276490212420514e-01 6.352687075915310067e-02 -1.962208691163347396e+00 -1.751774212845945478e+00 5.222647418479908765e+01 -3.405083630876956313e+00
3.587844085535186744e-01 6.045543048776580441e-02 -3.502472094218597398e+00 -2.997254096227371267e+00 5.375529616725445692e+01 -2.112812276849400206e+00
4.449435410714851491e-01 7.199264548675801678e-02 -2.290755767785664698e+00 -2.477062530778916916e+00 5.263744976334237435e+01 -2.536860397797423783e+00
3.423128926781865977e-01 5.302876894142433128e-02 -1.854152647798363640e+00 -1.523741223508442433e+00 5.220416638639635210e+01 -3.829282519047224831e+00
4.251850660733439979e-01 7.051510341595651488e-02 -2.139793001759645819e+00 -2.168256676210684297e+00 5.243585008500892286e+01 -2.911359390311710538e+00
2.708918363194802170e-01 4.351626843604457923e-02 -3.960650506618296429e+00 -3.365751176989410176e+00 5.448667871097415372e+01 -2.355869103623199567e+00
2.696674756786040517e-01 4.838985745308253122e-02 -2.116571490655672516e+00 -3.714377534213065601e+00 5.345257453256318314e+01 -3.558120919313024544e+00
4.154754853516231528e-01 6.586258324511128082e-02 -2.042799765060526518e+00 -2.113902688124170925e+00 5.238361346674075492e+01 -3.007030513404993055e+00
2.771308349643298308e-01 4.417911615097211420e-02 -2.131883349625625534e+00 -1.518986409295966400e+00 5.252838746026687033e+01 -4.206137043178158841e+00
3.168611910359121486e-01 5.383020331020562516e-02 -3.798669985757437750e+00 -3.318361884995702393e+00 5.421447980274535894e+01 -2.181227889381182283e+00
3.967581722353167306e-01 6.427213985796671747e-02 -1.619063626840354431e+00 -1.342687550731355817e+00 5.180141935795670349e+01 -3.702767872359980394e+00
3.303477854846771367e-01 5.400179653189868256e-02 -3.905169943879612138e+00 -3.480726125453782238e+00 5.430698876854658863e+01 -1.880145871002737890e+00
2.987983644678660622e-01 5.144522510333559423e-02 -3.617017948162537966e+00 -3.664374017174206521e+00 5.424766831115086774e+01 -2.260947650908663231e+00
4.498043404923684485e-01 7.212434092710050260e-02 -1.791771140308779264e+00 -1.829382993542206570e+00 5.201051323573549467e+01 -3.056742278543965519e+00
3.652334713895550866e-01 6.147292560198967803e-02 -3.240511400151576460e+00 -3.135310183793788674e+00 5.364971207407177189e+01 -2.201072827002232390e+00
3.403051594175260375e-01 5.748250936162810354e-02 -1.326111356044411327e+00 -1.270963005280456137e+00 5.169685470642851044e+01 -4.419620989663837207e+00
4.159172145407994958e-01 6.472700119396274099e-02 -2.074773500747050026e+00 -2.152475148971977337e+00 5.240802567678481694e+01 -2.898762239778340799e+00
3.644685063949454351e-01 6.026865140384228547e-02 -1.580014035921793125e+00 -1.428777421154619587e+00 5.187217168253376087e+01 -3.975411709389502501e+00
3.983981193586290104e-01 6.349537434784890966e-02 -2.485394774439359633e+00 -2.328522218184551296e+00 5.280252054161103104e+01 -2.747936207431353584e+00
2.967936195855570003e-01 5.145395979702364897e-02 -3.926534837970385716e+00 -3.318247388872132664e+00 5.431862741474251521e+01 -2.294074413039691507e+00
4.423042652261190422e-01 7.438708895233117624e-02 -3.336622182625137434e+00 -3.828080422991940068e+00 5.385287865930207118e+01 -1.397044615175389914e+00
3.513587339543286503e-01 5.678165728894290359e-02 -3.642181826429623293e+00 -3.291262716859118420e+00 5.404635380701638780e+01 -1.967824607729248054e+00
2.984324477310400514e-01 5.149894821877956663e-02 -2.986045397257947265e+00 -2.742578712353404669e+00 5.346927011606683067e+01 -3.077970760797303473e+00
3.478254399620991366e-01 5.744174032407076830e-02 -2.724492336428731676e+00 -2.568446115146306497e+00 5.313972275279147794e+01 -2.888061367361402620e+00
3.295583415313300124e-01 5.561026182220982217e-02 -2.521442112747474873e+00 -2.197176038373564566e+00 5.290326788599885077e+01 -3.371931098601785859e+00
4.464461460323144726e-01 7.351999240383394474e-02 -1.384073273730410225e+00 -1.693504971858203145e+00 5.170651206703783487e+01 -3.473238275666382435e+00
2.951349372979089614e-01 4.619686097061686397e-02 -3.705860910441137968e+00 -3.445975396003114533e+00 5.429987748150431059e+01 -2.256489148940166167e+00
2.880714013426634579e-01 4.732463026068170486e-02 -2.130477932168714617e+00 -1.289871727437541749e+00 5.241439112504581743e+01 -4.312450644045027204e+00
3.460916007694453955e-01 5.737815537474174471e-02 -3.153884014223324428e+00 -2.897028458247631555e+00 5.354856129614684335e+01 -2.471422728195796559e+00
3.540729971382250429e-01 5.617251719488940837e-02 -1.645841824316426338e+00 -1.395274179164560646e+00 5.196634683879287309e+01 -3.954621519879523373e+00
3.917325145454318980e-01 6.640911336632127071e-02 -2.162487181473085052e+00 -2.888169808935642013e+00 5.280148013090337145e+01 -2.846963996666759922e+00
4.567302252724759759e-01 7.664183104214587761e-02 -1.083158839250792926e+00 -1.302786157332701533e+00 5.132102082175210001e+01 -3.767724232409623397e+00
3.904276490212420514e-01 6.352687075915310067e-02 -1.962208691163347396e+00 -1.751774212845945478e+00 5.222647418479908765e+01 -3.405083630876956313e+00
4.015915523767909501e-01 6.704915883406001309e-02 -3.182428212589965000e+00 -3.221047470128389989e+00 5.357482873423556669e+01 -1.966122169821313825e+00
4.534928571101669581e-01 7.263196477252874261e-02 -2.356076011223047217e+00 -2.610680071887095277e+00 5.272468014744496401e+01 -2.374818021375468824e+00
3.313638956541130054e-01 5.122465295583298467e-02 -1.845481731789014868e+00 -1.453936206042305113e+00 5.219682281044544681e+01 -3.934180789692758307e+00
4.548062230459867239e-01 7.627065081985867634e-02 -2.154994563445728151e+00 -2.408290589549102023e+00 5.247923752900403827e+01 -2.626663128804061387e+00
2.680066164095935566e-01 4.314361853447045564e-02 -3.996634377583309750e+00 -3.389006755118334269e+00 5.452597677279926103e+01 -2.344820388098554975e+00
2.769176558652632902e-01 4.938017525810562552e-02 -2.071041289483660286e+00 -3.536545826095605083e+00 5.332659658468465125e+01 -3.597466822304606904e+00
4.254514778161831434e-01 6.818142384335255934e-02 -2.016154591815782382e+00 -2.133813119220890009e+00 5.235758103063788127e+01 -2.986032350748165420e+00
2.952950634492900739e-01 4.822293985050627591e-02 -1.838347320149456010e+00 -1.414810470357545036e+00 5.223161741396872060e+01 -4.324938377422718361e+00
3.168611910359121486e-01 5.383020331020562516e-02 -3.798669985757437750e+00 -3.318361884995702393e+00 5.421447980274535894e+01 -2.181227889381182283e+00
3.865370247171909801e-01 6.298142545760307409e-02 -1.702180873029040420e+00 -1.398435732071248383e+00 5.190139770952129794e+01 -3.713876936283969421e+00
3.191001271498160041e-01 5.199540342848549268e-02 -3.848316168066816090e+00 -3.381130923552848166e+00 5.424887075641513690e+01 -2.032345660858347447e+00
3.497862348497487450e-01 5.768107404902030749e-02 -2.436690460027034710e+00 -2.318435007244238566e+00 5.284438355422734901e+01 -3.164304525696313153e+00
4.083067236547744949e-01 6.613028588077697612e-02 -2.071528081859524306e+00 -2.101812432879399228e+00 5.238940308842403226e+01 -3.066574914074646330e+00
3.622275725698783644e-01 6.120248855783873981e-02 -3.391933133286748170e+00 -3.302601021270627157e+00 5.382241532227133973e+01 -2.061408920296121661e+00
3.328484823277756410e-01 5.658329522618828905e-02 -1.231479735326173497e+00 -1.199433160209013138e+00 5.161806369940002526e+01 -4.570552787740386869e+00
3.865115026534705622e-01 6.063792101827006342e-02 -2.219335636751242458e+00 -2.152201513585334069e+00 5.256838627537349140e+01 -3.040520887786830606e+00
3.646129968510539721e-01 6.135867170369776330e-02 -1.520325801849542247e+00 -1.385563108432652957e+00 5.180281664936300956e+01 -4.073379460391822526e+00
4.141248773592276500e-01 6.555321723378422505e-02 -2.359230941587940666e+00 -2.211947583666484363e+00 5.264599466854102161e+01 -2.756580082585067260e+00
