4.176059465463018983e-01 7.521455122676128091e-02 -3.271857350697789713e+00 -3.747763819263884244e+00 5.375430259426495638e+01 -1.650742867425035731e+00
2.761348303293706952e-01 4.433168294691539058e-02 -3.186741431211755682e+00 -2.757019540118111678e+00 5.372091284479373030e+01 -3.042545858993616292e+00
3.323074301602017000e-01 5.464035403110660549e-02 -3.378849685545486814e+00 -3.063489614919888027e+00 5.379173225406304937e+01 -2.393005413990432650e+00
3.440286184066944641e-01 5.703907105772148406e-02 -2.642598272247663083e+00 -2.451728038168002666e+00 5.303934543552823300e+01 -3.017744226435153276e+00
4.171826375863012526e-01 6.897480032668677763e-02 -3.342016249264130323e+00 -3.311929408024826493e+00 5.367803378166744466e+01 -1.665981498015769446e+00
3.650814554001275414e-01 5.917250196283965757e-02 -1.807769307781973644e+00 -2.048359311266128913e+00 5.231968812175038863e+01 -3.521102461257095584e+00
3.500464199942083798e-01 6.143209534673135797e-02 -1.983839128019163400e+00 -1.881860912430826760e+00 5.229728732599327401e+01 -3.670944292265836850e+00
3.260438799174558144e-01 5.270763213808633135e-02 -1.972998929226248199e+00 -1.451305212060287619e+00 5.227232990540173319e+01 -3.956365467062151531e+00
4.750688027383266343e-01 7.692292640278883264e-02 -3.423987171344782254e+00 -3.834293897375591342e+00 5.384212607782307458e+01 -1.013247577402191402e+00
3.267515990290060790e-01 5.405375111682294426e-02 -3.287042545846032393e+00 -3.052718054660894964e+00 5.377127814930055649e+01 -2.515522094981228030e+00
4.137588322019047915e-01 6.775113608781785368e-02 -2.921954928778810689e+00 -3.054602142796060793e+00 5.333114696784578967e+01 -2.141644432582789470e+00
4.623541944857093577e-01 8.012648761626219029e-02 -1.369237068389244971e+00 -1.452546894811221456e+00 5.153904964353336027e+01 -3.522970803441235255e+00
3.387779991593190543e-01 5.935875384716730874e-02 -3.662467274507389181e+00 -3.336933502186614664e+00 5.403591385529416158e+01 -2.104523503457540023e+00
3.214419625649765910e-01 5.441707044849209557e-02 -1.962637701562916392e+00 -1.680298030261886177e+00 5.233490414235490107e+01 -3.957936005511945687e+00
3.916004476503330833e-01 6.531716736732083584e-02 -1.886392707421712167e+00 -1.844181475351973631e+00 5.218217691085904875e+01 -3.412763929250464567e+00
3.331639015055327668e-01 5.585022330191297818e-02 -3.507656884135501141e+00 -3.101996789538625343e+00 5.391733371613505454e+01 -2.279714549125801515e+00
3.148365667280034752e-01 5.172754679043238546e-02 -2.995855948246034739e+00 -2.696885184317780126e+00 5.343573970305871512e+01 -2.908260900750150313e+00
3.214064645159632749e-01 5.232482066337806187e-02 -1.363069674957989585e+00 -1.000462255573468351e+00 5.166605157008841331e+01 -4.559356530145628028e+00
4.463997683502132219e-01 6.885846270236434252e-02 -2.661524371308980008e+00 -3.411746144570503070e+00 5.330867706209693324e+01 -1.877313244595249397e+00
3.674070023170361021e-01 5.710394548189595687e-02 -2.846800909058509355e+00 -2.712472095057120391e+00 5.327873347133401438e+01 -2.555888545112803278e+00
2.686103666759336317e-01 4.447490561867444014e-02 -2.195654817657741287e+00 -1.270566369835980813e+00 5.247797322881392290e+01 -4.481349686318384151e+00
4.423446408701846577e-01 7.325919525830766610e-02 -2.983862756463569799e+00 -3.680243525502673752e+00 5.352735529393380176e+01 -1.586851963775159469e+00
3.747716201226425348e-01 6.133226368960305319e-02 -1.051529602536717345e+00 -3.489377006749550425e+00 5.243396335468573000e+01 -3.333871358131630380e+00
4.413643706844584957e-01 7.787057214803597138e-02 -1.822535378423022712e+00 -2.230118516715768884e+00 5.219056428331415987e+01 -3.059466716839877698e+00
3.746072003442980081e-01 6.422677690693567865e-02 -1.785136565624502847e+00 -3.716205463105008100e+00 5.295054989391066158e+01 -2.811075171583619081e+00
3.818655483274024376e-01 6.403525062445103444e-02 -1.681166089244791273e+00 -1.382105788177863559e+00 5.188783212664358757e+01 -3.820718783507550675e+00
2.778226318075085466e-01 4.598624626120686315e-02 -2.627565127421837232e+00 -1.913862476739775387e+00 5.298334261243724796e+01 -3.794188672931937401e+00
2.920513413481168885e-01 4.647553691417087574e-02 -3.658439739089675236e+00 -3.225238445657393704e+00 5.417773123843059579e+01 -2.418295518653878595e+00
4.010060839244213304e-01 6.811836113253655345e-02 -3.674241343849571351e+00 -3.791651298316454088e+00 5.410845385851646938e+01 -1.416207230872541523e+00
4.303455676976756239e-01 7.490266715529006469e-02 -1.917057436236845325e+00 -2.320651939689146293e+00 5.232126055388396679e+01 -3.043695622285762958e+00
4.431529693932695912e-01 7.293377754773100463e-02 -3.334809457936249721e+00 -3.400040063730589424e+00 5.367850127455379550e+01 -1.511030044583299148e+00
4.371443139637640751e-01 7.671980522933596891e-02 -1.800864479487720438e+00 -1.944811661694405780e+00 5.203193570974501370e+01 -3.189419438836468501e+00
3.672996576434706117e-01 6.342326410571677564e-02 -3.131961705023450726e+00 -3.228175354697195854e+00 5.360756126758128914e+01 -2.276104907080321649e+00
2.953463735560105663e-01 4.751596448443928811e-02 -3.020239513004320919e+00 -2.561956622604729894e+00 5.347929692463345930e+01 -3.067588243359882672e+00
3.338636371096601607e-01 5.488409975941271196e-02 -3.399955173010243747e+00 -3.061146994018076217e+00 5.379146247177637719e+01 -2.364884182648507860e+00
3.462262376094665250e-01 5.296025017188141226e-02 -1.944332935311045896e+00 -1.904756591039921121e+00 5.241770288363390051e+01 -3.582842119950051529e+00
3.917037124826466821e-01 6.369844735342956865e-02 -2.782445029825365346e+00 -2.705781553601163125e+00 5.313716867905739605e+01 -2.441121368620343013e+00
3.531219528712088440e-01 5.788894585350229383e-02 -2.478528129814635328e+00 -2.489290324131622434e+00 5.295692038064474616e+01 -3.029054051598949471e+00
3.539682220978371818e-01 6.030593518648592194e-02 -1.939965949147409940e+00 -1.653011888977727217e+00 5.220990110479595359e+01 -3.759683546063051995e+00
3.071704025547036254e-01 4.893078077897846517e-02 -1.906871688501617035e+00 -1.194133270196961139e+00 5.218519829905952889e+01 -4.228656913518400451e+00
4.516616006740579725e-01 7.189664201268811117e-02 -3.057915703208137437e+00 -3.495441222398326886e+00 5.354475894464903263e+01 -1.549910543354395598e+00
3.282167446268612898e-01 5.438844409361641430e-02 -3.798107521629608740e+00 -3.341917875175528074e+00 5.421252467798156260e+01 -2.083503648237345018e+00
4.125545651614979104e-01 6.671464195688950327e-02 -2.460789932625454313e+00 -2.832277461750170033e+00 5.295817638692215468e+01 -2.533228922418118589e+00
4.662061910860382796e-01 8.067562197576684524e-02 -1.301655720151696949e+00 -1.382490513180907321e+00 5.146521337108873695e+01 -3.573705423563759531e+00
3.438107564191427712e-01 5.933151929786460027e-02 -3.114622823755821113e+00 -2.849313948721465373e+00 5.348680702652601582e+01 -2.615057345386488930e+00
3.451008645495153848e-01 5.872244906368283973e-02 -1.821208601172099373e+00 -1.498779883978983873e+00 5.210840891588849644e+01 -3.962564839087034940e+00
3.857124265993049361e-01 6.440833130555748132e-02 -1.987050157086676982e+00 -1.833547994319337571e+00 5.225385402978070459e+01 -3.404089124312428272e+00
3.488796324856043851e-01 5.639798582768566770e-02 -3.171492385486466503e+00 -2.892981902422901985e+00 5.359038486277477631e+01 -2.439528217405823707e+00
3.009105451811396326e-01 4.965289491535328226e-02 -3.492524584232141738e+00 -3.118233695106684245e+00 5.394476318314781338e+01 -2.535711674905393398e+00
3.094975289984956413e-01 5.054467437645329686e-02 -1.683289611970562705e+00 -1.200790177807909753e+00 5.199363116568228804e+01 -4.400905370086263702e+00
4.654562664977161535e-01 7.109058833902293095e-02 -2.508102992066488568e+00 -3.405648693608042787e+00 5.317594530242519113e+01 -1.832835649536401545e+00
3.558298619425900866e-01 5.439031295665248261e-02 -2.841939089600189483e+00 -2.684959400386332184e+00 5.330042697762340964e+01 -2.617780005990307579e+00
2.686103666759336317e-01 4.447490561867444014e-02 -2.195654817657741287e+00 -1.270566369835980813e+00 5.247797322881392290e+01 -4.481349686318384151e+00
4.195826667604803384e-01 6.749084263787623328e-02 -2.587502690971438035e+00 -3.234403819975326222e+00 5.315358945874256591e+01 -2.144787075343421723e+00
3.747716201226425348e-01 6.133226368960305319e-02 -1.051529602536717345e+00 -3.489377006749550425e+00 5.243396335468573000e+01 -3.333871358131630380e+00
4.452779354408452073e-01 7.931026131090837539e-02 -1.576623029626952999e+00 -2.055038552011955844e+00 5.194983264587006033e+01 -3.284987965412065503e+00
3.733576773789004100e-01 6.383254272274228869e-02 -1.795491333891393149e+00 -3.633354998675117464e+00 5.292642058852656106e+01 -2.846355438769713420e+00
4.203996342232197980e-01 6.908606473502855450e-02 -1.462125021814963066e+00 -1.198772701279222641e+00 5.161137775834690444e+01 -3.739289733685245753e+00
2.930083623829331518e-01 4.839205039127997959e-02 -2.652993626393324700e+00 -2.028099209603666075e+00 5.301013614386265971e+01 -3.608083394540955169e+00
3.104996980807694928e-01 5.050223172942880367e-02 -3.485065686980465482e+00 -3.125129483765034522e+00 5.396921331520731258e+01 -2.457487801007043782e+00
4.010060839244213304e-01 6.811836113253655345e-02 -3.674241343849571351e+00 -3.791651298316454088e+00 5.410845385851646938e+01 -1.416207230872541523e+00
4.457945287487766750e-01 7.832740873154710182e-02 -1.260876171710324289e+00 -1.797631079675732213e+00 5.165248502586892698e+01 -3.611147330942474198e+00
4.463835663743248028e-01 7.314703280600232116e-02 -3.156387899253733753e+00 -3.300128129993657566e+00 5.352138600109178412e+01 -1.643766755752869235e+00
3.873158846042684678e-01 6.670510552572567198e-02 -2.673899991447432622e+00 -2.706524400065616121e+00 5.304869321205423915e+01 -2.648674290468270076e+00
3.902543125599565732e-01 6.587124323262820436e-02 -2.410105928451253821e+00 -2.350882357668334421e+00 5.274462861570643923e+01 -2.908626895546950308e+00
2.891433770519776791e-01 4.651863837176841571e-02 -3.041845638919704609e+00 -2.528381992302684900e+00 5.349555917956836026e+01 -3.113662802343244440e+00
3.601442436003662317e-01 6.028011859772990783e-02 -3.012719954406538392e+00 -2.858429560021104709e+00 5.340608329490626005e+01 -2.523907478178528230e+00
3.587014482951173533e-01 5.465905081707727459e-02 -1.568488125998028337e+00 -1.523984776582966161e+00 5.197030064172702168e+01 -3.861876011001540210e+00
3.748185359384539339e-01 5.980085526346928110e-02 -2.129191290891438104e+00 -1.843045730272789839e+00 5.240181251357925163e+01 -3.281779664737555890e+00
3.614189660043029551e-01 6.026243833350760498e-02 -1.843218049266050151e+00 -2.085968038608787101e+00 5.234797859318512536e+01 -3.537381230737346005e+00
3.604644975653020222e-01 6.253595997350626379e-02 -1.613241586637378822e+00 -1.273739532752684589e+00 5.180110550050398643e+01 -4.095654065436169944e+00
2.988695364910453622e-01 4.817988467458401980e-02 -2.282226729881623672e+00 -1.593897387181912872e+00 5.259969212399337124e+01 -3.925327480524779755e+00
4.605224385802105247e-01 7.315921876434748616e-02 -3.131103397963536317e+00 -3.549856041971819032e+00 5.360404382102365872e+01 -1.424457873501912442e+00
3.032397530722844570e-01 5.030122814604795489e-02 -3.844063397291124673e+00 -3.207338883803594332e+00 5.423808285211527647e+01 -2.301957358622514604e+00
4.055927005060138701e-01 6.694903948983652042e-02 -2.537932378032212277e+00 -2.722600614564896659e+00 5.296619852104195303e+01 -2.582366777480209485e+00
4.336447376593463576e-01 7.480967271125410489e-02 -1.447514447123193770e+00 -1.420805117268744810e+00 5.164459600572560305e+01 -3.671382660983514512e+00
3.426732825301013197e-01 6.045441668733685103e-02 -3.017805941369762213e+00 -2.718000332302360711e+00 5.335289639649268878e+01 -2.760724071416861047e+00
3.486047280637221135e-01 5.943914253977033296e-02 -1.839829796038878085e+00 -1.539857927164004492e+00 5.212821087723997238e+01 -3.909908567523999068e+00
4.268151387924796758e-01 7.117363037325225017e-02 -1.469845123788326546e+00 -1.588870786057066331e+00 5.173132699245378774e+01 -3.552895071308054042e+00
3.248644472535507921e-01 5.256473691523047553e-02 -3.353569021840660191e+00 -2.827218757898722235e+00 5.373501914960886694e+01 -2.501226264487057982e+00
3.467090147903143516e-01 5.880107870208008125e-02 -2.874198967898867529e+00 -2.694209188303313685e+00 5.326825464775237151e+01 -2.801688314488807841e+00
3.095469962000985120e-01 5.056050709359830725e-02 -1.695616679447835562e+00 -1.214248183620440846e+00 5.200681412814614646e+01 -4.387306826355120037e+00
3.528772006350649471e-01 5.613547410222059775e-02 -3.448400094391570470e+00 -3.079102036693524003e+00 5.386321408153806090e+01 -2.175566880057556496e+00
3.755446664957528546e-01 5.999320361037888127e-02 -2.823240429440946553e+00 -2.694092450752183510e+00 5.323023374157882870e+01 -2.543937741732891222e+00
2.686103666759336317e-01 4.447490561867444014e-02 -2.195654817657741287e+00 -1.270566369835980813e+00 5.247797322881392290e+01 -4.481349686318384151e+00
3.976966813658689981e-01 6.508062775533099420e-02 -2.721392638455352841e+00 -3.080136265278335284e+00 5.323222564048461436e+01 -2.313174580195020535e+00
3.767057827410051352e-01 6.216068610121790877e-02 -1.301678040013125370e+00 -3.368671304972163938e+00 5.252874671263032269e+01 -3.228222871811261108e+00
4.072846823746915645e-01 7.022244848557311625e-02 -2.351399636318194375e+00 -2.557548950116420361e+00 5.274903755450193188e+01 -2.776346520573251375e+00
3.811058671013821675e-01 6.544409502336727413e-02 -1.807618578998331005e+00 -3.927094200572541105e+00 5.303808348247188320e+01 -2.659245953593121214e+00
3.998684383240739826e-01 6.458214158635966484e-02 -1.546984084063007581e+00 -1.330301217493112587e+00 5.177177126409672780e+01 -3.747686401027992442e+00
2.806793020759784096e-01 4.582779315189653563e-02 -2.882306291536620435e+00 -1.952780826519188606e+00 5.316125347056041051e+01 -3.591956224649856644e+00
3.167050368630207613e-01 5.163018671622224276e-02 -3.634770782998457239e+00 -3.318749532264575919e+00 5.412909727279311056e+01 -2.245485694956882217e+00
4.010060839244213304e-01 6.811836113253655345e-02 -3.674241343849571351e+00 -3.791651298316454088e+00 5.410845385851646938e+01 -1.416207230872541523e+00
4.095271962139407362e-01 6.808100897840224652e-02 -2.568810461453942651e+00 -2.808360256197980132e+00 5.300751381406110596e+01 -2.509619303005765190e+00
4.454629255040475355e-01 7.297395220653293824e-02 -3.158808445302632162e+00 -3.294817916302638761e+00 5.352350174341820832e+01 -1.649483794494083444e+00
3.870556732051847471e-01 6.692642620429903322e-02 -2.336798645510048900e+00 -2.360762627364576982e+00 5.269488697480350226e+01 -3.020405169595588912e+00
3.801655511619949079e-01 6.457330198223938666e-02 -2.273288851409013489e+00 -2.178388608626729450e+00 5.260229819431501852e+01 -3.138721325292473274e+00
2.902600081286976219e-01 4.669174964861658172e-02 -3.029950730050468888e+00 -2.519449790972312364e+00 5.348130403801769717e+01 -3.115853921863884768e+00
3.778658138834718461e-01 6.375919356837458918e-02 -3.176767375334327959e+00 -3.061839657820981664e+00 5.354116325782714370e+01 -2.223296315215145924e+00
3.578780328420994028e-01 5.296120875530126865e-02 -1.485244192219538517e+00 -1.353702279168013334e+00 5.185586316798266182e+01 -3.960198835390150940e+00
3.647646005927180912e-01 5.937998142719310563e-02 -2.305072295781948277e+00 -2.052402012194460390e+00 5.262157551331991812e+01 -3.192206124048882820e+00
3.550098087633236643e-01 5.901345536256654561e-02 -2.254037014643781589e+00 -2.353318537128510801e+00 5.274044862868886696e+01 -3.224589912578117890e+00
3.642051513918403982e-01 6.241597248355987282e-02 -1.934224308861730135e+00 -1.598413953846425262e+00 5.216222954941660106e+01 -3.726226720721861341e+00
2.807030414261091344e-01 4.599565673457131632e-02 -2.962624376849354313e+00 -2.189761914835637313e+00 5.332325271844643311e+01 -3.429033228508150177e+00
4.130491613263217454e-01 6.701587597953510833e-02 -2.505485111983232649e+00 -2.818883746060412143e+00 5.298366582945294567e+01 -2.456064093172609653e+00
3.051385619429929363e-01 5.061135417865125080e-02 -3.809603166569034194e+00 -3.185499285278253101e+00 5.420253086685583099e+01 -2.318754025175468580e+00
4.055153989452774943e-01 6.679948728187064255e-02 -2.546454497760481495e+00 -2.730141328505276022e+00 5.297611995220816539e+01 -2.573504426665507605e+00
4.480274343282886762e-01 7.983804872365668492e-02 -1.456856750119467581e+00 -1.406452760712305183e+00 5.158184533378138070e+01 -3.609009862912918365e+00
3.653788941913890254e-01 6.322974802447742237e-02 -2.874683141546101606e+00 -2.756751591661754208e+00 5.323788620070160960e+01 -2.645435694422852091e+00
3.665017699772027959e-01 6.196303431422373054e-02 -1.828264182069354593e+00 -1.623134604184926166e+00 5.211734608701380012e+01 -3.750599505024387881e+00
4.402584972616624959e-01 7.341662196836437615e-02 -1.393091609539982123e+00 -1.486683513084008368e+00 5.160456317485121502e+01 -3.556084220017127873e+00
4.301464084189915438e-01 7.393906909478520362e-02 -1.835358666760787516e+00 -1.662082536100285335e+00 5.200527997897918908e+01 -3.325320381949179449e+00
3.594431252986091674e-01 6.114225517452859249e-02 -2.898225118985349624e+00 -2.865946401847863090e+00 5.332175268496305875e+01 -2.632642343218525305e+00
3.091824282722803185e-01 5.050254598980000870e-02 -1.692764062249975776e+00 -1.208596140871492697e+00 5.200337334214812302e+01 -4.394109284646612323e+00
3.646049213276807976e-01 5.794303910286557890e-02 -2.601505556317425416e+00 -2.402743851607052950e+00 5.299035887540736667e+01 -2.890971812337860491e+00
3.832604911730549402e-01 5.897886963809124278e-02 -3.298683046392600016e+00 -3.385252032336619088e+00 5.382067525807651975e+01 -1.810569414170524194e+00
2.749388345402645206e-01 4.555143186910728947e-02 -2.171622726029205364e+00 -1.326167287150688434e+00 5.246910910544534090e+01 -4.416982008330374576e+00
3.839450690029486690e-01 6.396941043363413293e-02 -2.397840732009066222e+00 -2.472821419200835535e+00 5.279283376062223709e+01 -2.893001806976697843e+00
3.650992673691172419e-01 5.957027884306771021e-02 -1.141140926143059176e+00 -3.670358135733147620e+00 5.258786715836695436e+01 -3.258787769505353094e+00
4.170242465094176620e-01 6.995033532815089772e-02 -2.241114210528329043e+00 -2.550881599179080084e+00 5.266557530386221231e+01 -2.725110749389996201e+00
3.742209024180626065e-01 6.477840790694022743e-02 -1.693556972630604118e+00 -3.962759761219653676e+00 5.299067114860984162e+01 -2.764665294384673011e+00
3.998684383240739826e-01 6.458214158635966484e-02 -1.546984084063007581e+00 -1.330301217493112587e+00 5.177177126409672780e+01 -3.747686401027992442e+00
2.878425448507382356e-01 4.594884350149240626e-02 -3.060954550041082189e+00 -2.213317111279822669e+00 5.338589955467627135e+01 -3.308802518495736145e+00
3.203836238883873144e-01 5.219048221888906297e-02 -3.515966285784493550e+00 -3.201711031119514494e+00 5.399481587289221096e+01 -2.335146554601287061e+00
4.086117048411400665e-01 6.901591128550137177e-02 -3.823075837202671856e+00 -3.984923916257455900e+00 5.427040797045231812e+01 -1.174661151070480081e+00
4.100295886968635117e-01 6.775748284988748760e-02 -1.866348433821749087e+00 -1.929428993628842015e+00 5.219226086686762756e+01 -3.291566016755405943e+00
4.330086018701108652e-01 7.062456396340764664e-02 -3.529446921415769545e+00 -3.606100308230713480e+00 5.391543396319647030e+01 -1.358055712204335741e+00
3.598784313620935205e-01 6.149349420102259017e-02 -2.570314570977494384e+00 -2.446964900523422415e+00 5.294967421315865153e+01 -3.009636865715995313e+00
3.805210500348881753e-01 6.449481953729196970e-02 -2.233348497503250485e+00 -2.139015260016761122e+00 5.256137101434856618e+01 -3.174384061674584423e+00
2.996805470793014736e-01 4.846870460643883105e-02 -3.093081772293006182e+00 -2.636098360125435747e+00 5.354411500345435826e+01 -2.961339177961887614e+00
3.895077985058217895e-01 6.468322842841338349e-02 -2.907143223710951574e+00 -2.867853919604947954e+00 5.326350775752847966e+01 -2.371088319008672229e+00
3.825116512787431478e-01 6.034711110771828063e-02 -1.636404218556265722e+00 -1.619044293237809518e+00 5.198754459832676389e+01 -3.668876216378468502e+00
3.608066945274086001e-01 6.011791437934282945e-02 -2.214580184029808496e+00 -1.961884606779648710e+00 5.252340923996984401e+01 -3.339861872268256704e+00
3.920223605799327271e-01 6.560764330138067757e-02 -2.574108998024072559e+00 -3.076220159134991583e+00 5.316597909122219079e+01 -2.450699774508227957e+00
3.732160634452894032e-01 6.419185057839875419e-02 -1.585505213235611777e+00 -1.182880201433482714e+00 5.174337761432766314e+01 -4.065227004311630310e+00
2.807030414261091344e-01 4.599565673457131632e-02 -2.962624376849354313e+00 -2.189761914835637313e+00 5.332325271844643311e+01 -3.429033228508150177e+00
4.246937375179720142e-01 6.913160281076481672e-02 -2.250738652828419006e+00 -3.181219755490287682e+00 5.294559457414329273e+01 -2.390176164334425035e+00
3.110092593578586140e-01 5.150381501455533750e-02 -3.738654783968174300e+00 -3.165554174134071364e+00 5.413622053344055018e+01 -2.326224151982589028e+00
4.283442867202016946e-01 7.033524446106639849e-02 -2.672943234483132535e+00 -2.866618950292505019e+00 5.306363781108580469e+01 -2.294004601078754479e+00
4.480274343282886762e-01 7.983804872365668492e-02 -1.456856750119467581e+00 -1.406452760712305183e+00 5.158184533378138070e+01 -3.609009862912918365e+00
3.663395538591433520e-01 6.319907072324870700e-02 -2.946505831848678980e+00 -2.771176614066281019e+00 5.329629340566330598e+01 -2.597500170902287575e+00
3.607559012044076474e-01 6.130212872096487547e-02 -1.640644162072876888e+00 -1.343245523005403452e+00 5.189483866313337046e+01 -4.033094451969924776e+00
4.407255894094817550e-01 7.270301138966699106e-02 -1.466214805156622614e+00 -1.733079939863050978e+00 5.176617989869850334e+01 -3.393765210685989686e+00
4.051232045827863337e-01 6.959326196478719806e-02 -1.946735580427931378e+00 -1.845120299367040362e+00 5.219025816473222790e+01 -3.311491551603614081e+00
3.157092661534826039e-01 5.337236440084686118e-02 -3.203354144774796186e+00 -3.175951442143077230e+00 5.375082145944216450e+01 -2.589899801153534575e+00
3.073713195008421772e-01 5.025940387189802017e-02 -1.663068002037920934e+00 -1.169573511717223235e+00 5.197112040551495227e+01 -4.443229151160998036e+00
3.894771533099063987e-01 6.128214675696064956e-02 -3.009326063953673636e+00 -2.938647547833224571e+00 5.343329335548904879e+01 -2.216401221024548285e+00
3.873807364286718236e-01 6.128035652239101350e-02 -2.673553028881061167e+00 -2.713048818566901055e+00 5.310851110863026747e+01 -2.492649618654551702e+00
2.749388345402645206e-01 4.555143186910728947e-02 -2.171622726029205364e+00 -1.326167287150688434e+00 5.246910910544534090e+01 -4.416982008330374576e+00
3.921569985533764902e-01 6.491396910455644875e-02 -2.665985106234207258e+00 -2.872835674218726432e+00 5.311083881113862759e+01 -2.489263278583525363e+00
3.603501030051173837e-01 6.053330295615199502e-02 -1.616821188033463530e+00 -3.074077009376290359e+00 5.262627609695314845e+01 -3.302207602934807085e+00
4.486337811222226857e-01 7.467447819443895352e-02 -2.247838842844586793e+00 -2.907532647880656018e+00 5.275580984259590167e+01 -2.336067550798377468e+00
3.742209024180626065e-01 6.477840790694022743e-02 -1.693556972630604118e+00 -3.962759761219653676e+00 5.299067114860984162e+01 -2.764665294384673011e+00
3.791742376639952727e-01 6.274829220111752259e-02 -1.877619203762554090e+00 -1.598139507777958546e+00 5.212789314008442432e+01 -3.622602795089040040e+00
2.878425448507382356e-01 4.594884350149240626e-02 -3.060954550041082189e+00 -2.213317111279822669e+00 5.338589955467627135e+01 -3.308802518495736145e+00
3.507297089106237720e-01 5.661466034554485383e-02 -2.924958283691898586e+00 -2.699776583031979538e+00 5.334327968116965479e+01 -2.642477326529768522e+00
4.086117048411400665e-01 6.901591128550137177e-02 -3.823075837202671856e+00 -3.984923916257455900e+00 5.427040797045231812e+01 -1.174661151070480081e+00
4.412473429054149521e-01 7.190589070179280451e-02 -1.547895225443962630e+00 -2.008310850204050979e+00 5.194670978142569595e+01 -3.212450857682318972e+00
4.383437235160410617e-01 7.124762468977674512e-02 -3.661189449213215319e+00 -3.755222851071324364e+00 5.405306832212084345e+01 -1.173434171390300040e+00
3.329028084828801193e-01 5.866244921352715969e-02 -2.651887187923982481e+00 -2.261930866483817582e+00 5.297236146043654514e+01 -3.290177749130439366e+00
3.850672004649050018e-01 6.495582882340845965e-02 -2.100568246209276513e+00 -1.856100773694766115e+00 5.235681493551403065e+01 -3.348097404254439802e+00
2.782609693625832659e-01 4.478840071926651345e-02 -3.340143298608582612e+00 -2.773233795110515487e+00 5.381411824867619487e+01 -2.895669496407372367e+00
4.135215763103279318e-01 6.842171573860761358e-02 -3.117370190517785744e+00 -3.195020848052567697e+00 5.348687057140038092e+01 -1.926048205482085107e+00
3.833377406431027201e-01 6.030336922277593908e-02 -1.561825387376995611e+00 -1.549163839668855180e+00 5.190943840506429297e+01 -3.735942743929770771e+00
3.464089561276182949e-01 5.814630289005857933e-02 -2.240583910952521851e+00 -1.734618297805368137e+00 5.247034049341504414e+01 -3.512668896517538109e+00
3.603013388893072655e-01 6.194373764085687323e-02 -2.834816138983145439e+00 -2.945994429437344575e+00 5.333134560960020565e+01 -2.641920641968522609e+00
3.775106693355265164e-01 6.528473186755044677e-02 -1.443767667539524568e+00 -1.000565517727568299e+00 5.156000834314687609e+01 -4.207231099425704279e+00
2.636558841787567387e-01 4.296934797287019214e-02 -3.370495291284783868e+00 -2.186275564646632752e+00 5.363033702197841279e+01 -3.307035793566121207e+00
4.262255349670459603e-01 6.982986837151179682e-02 -2.537786474837217199e+00 -3.198230633543896140e+00 5.311949681477278062e+01 -2.203666385819833096e+00
3.274901723249782348e-01 5.447683193928816447e-02 -3.627643767897064997e+00 -3.279617978554873137e+00 5.406961958670677859e+01 -2.219715998741917495e+00
4.430021642861736719e-01 7.288632610618601959e-02 -2.255475778144214516e+00 -2.518675683179628866e+00 5.262058244910652860e+01 -2.623519547543823105e+00
3.960492209590562029e-01 6.830771745913147286e-02 -1.859907178993300603e+00 -1.583193975957291277e+00 5.205580120496556162e+01 -3.591938840649936182e+00
4.253411736390128595e-01 7.308872308017853869e-02 -3.458233798781432444e+00 -3.381862662859436597e+00 5.373461795392906026e+01 -1.592930962572400411e+00
3.829274625120582254e-01 6.585725486217766655e-02 -1.258075774103682765e+00 -1.139952897918058872e+00 5.149923257643683172e+01 -4.196312358145875443e+00
4.488687025178799694e-01 7.364912352357877445e-02 -1.380863581515288763e+00 -1.687447407517058684e+00 5.167636653534129465e+01 -3.408059770223827556e+00
4.252434384897343933e-01 7.325379960423700210e-02 -1.477651323978677711e+00 -1.657137608051936439e+00 5.174988076839133555e+01 -3.564458483215950935e+00
3.472866304107379287e-01 5.856805473872537388e-02 -2.530926036469383966e+00 -2.521436719876265720e+00 5.297106300120979228e+01 -3.049246909218986445e+00
3.232050776268675651e-01 5.319287751166877631e-02 -2.000888146611243812e+00 -1.609887692621017052e+00 5.233072357220603266e+01 -3.932032804387517011e+00
3.882043742514162399e-01 6.105684888977405689e-02 -3.016656285472967713e+00 -2.942091356688175452e+00 5.344231911277103819e+01 -2.218158458785783882e+00
3.712759941914301476e-01 6.094204531310647155e-02 -2.650752313634966661e+00 -2.569489665471090589e+00 5.304986841189246149e+01 -2.756703105195198678e+00
2.749388345402645206e-01 4.555143186910728947e-02 -2.171622726029205364e+00 -1.326167287150688434e+00 5.246910910544534090e+01 -4.416982008330374576e+00
3.916111792005332881e-01 6.414095662883992355e-02 -2.689160115268978135e+00 -2.855502163587613662e+00 5.313114271633435948e+01 -2.476398256977062395e+00
3.568497612479648584e-01 6.000331377029630847e-02 -1.623380076003675399e+00 -3.132477253637598658e+00 5.266373317214610950e+01 -3.298220281278249733e+00
4.273569559905634474e-01 7.177105851067012987e-02 -2.366886730191719135e+00 -2.843414542970344350e+00 5.284653953280346173e+01 -2.463954940765067381e+00
3.884616227495253926e-01 6.614604198654200351e-02 -2.050288219402113477e+00 -3.915540556212842471e+00 5.317779886366781028e+01 -2.462673625904227226e+00
3.954930175902064415e-01 6.544379507805941909e-02 -2.466637867609509094e+00 -2.356834538811952484e+00 5.277355753506661529e+01 -2.816551960534630084e+00
2.618269025087799906e-01 4.097726021804337648e-02 -3.347655546126068860e+00 -2.250332559548784417e+00 5.366002396026800625e+01 -3.304819893262505914e+00
3.439677241228190629e-01 5.419315478388148088e-02 -3.151461030244813610e+00 -3.031636413167322353e+00 5.364418122576954318e+01 -2.381689114778978933e+00
4.086117048411400665e-01 6.901591128550137177e-02 -3.823075837202671856e+00 -3.984923916257455900e+00 5.427040797045231812e+01 -1.174661151070480081e+00
4.499439496462805943e-01 7.388741313857084825e-02 -1.531643687483550842e+00 -2.161090618312270895e+00 5.197768534584617584e+01 -3.112864590629524475e+00
4.382785362456907419e-01 7.123284638768771770e-02 -3.708633643310699224e+00 -3.794441636183292665e+00 5.410035680770870670e+01 -1.127657533975419568e+00
3.088712747420199745e-01 5.530480435438503428e-02 -3.301538621977182508e+00 -2.840143990636294191e+00 5.368216750720871033e+01 -2.857284980176954203e+00
3.593129493089364246e-01 6.073643728118641866e-02 -2.045337685480468348e+00 -1.608122694995617774e+00 5.227524412893292549e+01 -3.670217966691281308e+00
2.977128960738246177e-01 4.866591910061368598e-02 -3.031008878353546265e+00 -2.450195749444394888e+00 5.342320039814503474e+01 -3.101609932458361030e+00
4.027167934915050207e-01 6.619503966905240788e-02 -2.980702474837542582e+00 -2.985258918859721611e+00 5.334720461240929978e+01 -2.170312645328918322e+00
3.833377406431027201e-01 6.030336922277593908e-02 -1.561825387376995611e+00 -1.549163839668855180e+00 5.190943840506429297e+01 -3.735942743929770771e+00
3.148159194737878419e-01 5.279817267699103700e-02 -1.870536578319723198e+00 -1.136611525734894101e+00 5.206875082236095409e+01 -4.281093875413049865e+00
3.646499833559711523e-01 6.258033743018019679e-02 -2.923774067237593144e+00 -3.039513384947198915e+00 5.341587505289697901e+01 -2.509845677506123085e+00
3.775106693355265164e-01 6.528473186755044677e-02 -1.443767667539524568e+00 -1.000565517727568299e+00 5.156000834314687609e+01 -4.207231099425704279e+00
2.634150726800797981e-01 4.287830697085114051e-02 -3.036564013262122330e+00 -2.169870064588249381e+00 5.341323261710675041e+01 -3.518567639895625376e+00
4.170208766061019867e-01 6.872332879176887288e-02 -2.865933486539818276e+00 -3.503186942723252706e+00 5.347724252932383848e+01 -1.936599896545300625e+00
3.304066578537169230e-01 5.519962658140762507e-02 -3.125607719292609943e+00 -2.725028896954260205e+00 5.350535510879218748e+01 -2.740715999044787132e+00
4.320045717993544754e-01 7.199656523886560633e-02 -1.833661421297576810e+00 -1.937940298822676155e+00 5.211687316919395130e+01 -3.208943624338839395e+00
3.979243951121370082e-01 7.126768266897015591e-02 -1.385840921328618913e+00 -1.036284877989135822e+00 5.149248947297736123e+01 -4.164506287303119336e+00
4.163990895457069796e-01 7.108828589445015389e-02 -3.902287621982096333e+00 -3.646704457348957540e+00 5.415808591699143903e+01 -1.264351145678997090e+00
3.829274625120582254e-01 6.585725486217766655e-02 -1.258075774103682765e+00 -1.139952897918058872e+00 5.149923257643683172e+01 -4.196312358145875443e+00
4.541840792279488448e-01 7.540264889353626154e-02 -1.554420846764882125e+00 -1.848431820537031145e+00 5.183999574997671544e+01 -3.231332555299030851e+00
4.310172406753142726e-01 7.529862944060253249e-02 -1.214117399583408252e+00 -1.434262775797942036e+00 5.145972618473159343e+01 -3.800578256085962003e+00
3.820006179055869255e-01 6.637520431742269245e-02 -2.366768707112213654e+00 -2.692378857587365726e+00 5.283608396696985920e+01 -2.883948794965224494e+00
3.614244915264131497e-01 5.899710717806312676e-02 -2.739557401319029140e+00 -2.621750167065729276e+00 5.314563792407885501e+01 -2.771639332289456803e+00
3.944466536342007279e-01 6.234691666772005508e-02 -2.883310421896058795e+00 -2.845925868893624866e+00 5.329753134605286391e+01 -2.305023259858899998e+00
3.100776716837529978e-01 4.982139677051009019e-02 -2.395357778290986506e+00 -1.609545014774206084e+00 5.262931948736554233e+01 -3.703525788032252297e+00
2.659659616105590207e-01 4.394385656712437860e-02 -2.172668180861744514e+00 -1.149236308163838371e+00 5.241956083547496803e+01 -4.565114843989425353e+00
3.828080798552621067e-01 6.161663996631398799e-02 -2.102003402566832158e+00 -2.270672488220700558e+00 5.254121594438437626e+01 -3.150455124804148355e+00
3.487240657206636674e-01 5.856282108141115661e-02 -1.704406142060673091e+00 -3.101113191473355180e+00 5.272358197326784790e+01 -3.318804926702653812e+00
4.110716964143388830e-01 6.963185296974969130e-02 -2.079661991865252801e+00 -2.330665752904072185e+00 5.247373149874693610e+01 -2.985045628863237432e+00
3.882083719110013265e-01 6.613282668769591977e-02 -2.014035480512706755e+00 -3.788525820155627777e+00 5.310098534517199198e+01 -2.542007335771462095e+00
3.638243007323508360e-01 6.005912905901968080e-02 -3.054368852002022017e+00 -2.727381566330882912e+00 5.338050244640336217e+01 -2.500450147972241410e+00
2.636678638582165002e-01 4.140418816122623524e-02 -3.346814016305719175e+00 -2.308908502606905166e+00 5.367728576354847547e+01 -3.258986438073501191e+00
3.470237954704677996e-01 5.521603208087325076e-02 -3.044113335968423151e+00 -2.935018668522490159e+00 5.352247924684787961e+01 -2.475953344620616559e+00
4.073099275928765972e-01 6.879728445060356856e-02 -3.776133088764119794e+00 -3.922162377551629220e+00 5.421772390434539091e+01 -1.240558536293558500e+00
4.516400711588567374e-01 7.351276843234674785e-02 -1.891731099402498062e+00 -2.540476978613874337e+00 5.236949977570368731e+01 -2.709833300800950973e+00
4.324381185327771382e-01 7.034274670551811381e-02 -3.589184116023854898e+00 -3.653538328141148206e+00 5.397664062101821969e+01 -1.304434385066444158e+00
3.221893214045902232e-01 5.715728722487602859e-02 -3.565893386758836492e+00 -3.206504929276308147e+00 5.397200442566754219e+01 -2.408647117439590257e+00
3.592674223784846910e-01 6.074582423976248452e-02 -2.034477911896371616e+00 -1.592498424298952164e+00 5.226181525737876399e+01 -3.684336320321538238e+00
2.959791132857759743e-01 4.832618470810545741e-02 -3.058751382769186122e+00 -2.473896569352950880e+00 5.345551054588786144e+01 -3.085606004358875332e+00
4.068396200871415846e-01 6.744847221803464132e-02 -3.282563677130715618e+00 -3.290783189455794400e+00 5.365308440975131532e+01 -1.837230246517419285e+00
3.833377406431027201e-01 6.030336922277593908e-02 -1.561825387376995611e+00 -1.549163839668855180e+00 5.190943840506429297e+01 -3.735942743929770771e+00
2.930244230641254610e-01 4.598232418845352859e-02 -2.464130489193189888e+00 -1.680452109050546872e+00 5.276131019380718357e+01 -3.766413409757948028e+00
3.224434578303696508e-01 5.552295164808311589e-02 -1.623141896813729002e+00 -1.337092892061062521e+00 5.198706235040754819e+01 -4.367295804542704829e+00
3.779532647556037017e-01 6.519054547521051235e-02 -1.405650389533331657e+00 -1.017615646292457932e+00 5.154616137529107789e+01 -4.212758550224409149e+00
2.818725837155826586e-01 4.655606179743500966e-02 -2.745748006505558614e+00 -1.942512957440343691e+00 5.307555077453326220e+01 -3.667525039470779014e+00
4.170208766061019867e-01 6.872332879176887288e-02 -2.865933486539818276e+00 -3.503186942723252706e+00 5.347724252932383848e+01 -1.936599896545300625e+00
3.369558463597104869e-01 5.877258933468737512e-02 -3.386010740492563009e+00 -3.077684547890208400e+00 5.376507829691373530e+01 -2.383204237942028847e+00
4.370715888291913376e-01 7.195572486267194645e-02 -1.598681152620152535e+00 -1.891662772557614058e+00 5.194500210593688649e+01 -3.340058359223467388e+00
3.979243951121370082e-01 7.126768266897015591e-02 -1.385840921328618913e+00 -1.036284877989135822e+00 5.149248947297736123e+01 -4.164506287303119336e+00
4.134728100923049654e-01 7.057463663315546865e-02 -3.861998613462159557e+00 -3.602487195583147894e+00 5.412177024841611939e+01 -1.330464846569175297e+00
3.850078423275405393e-01 6.591432435791937106e-02 -1.190487711218021660e+00 -1.024176226094711373e+00 5.140725241278988022e+01 -4.265772613002418723e+00
4.400019382884393648e-01 7.320168884321832936e-02 -1.596495745308389003e+00 -1.789340532072220213e+00 5.187619477406595081e+01 -3.333025817710622896e+00
4.251115878534286185e-01 7.390416120133941336e-02 -1.366628328810639115e+00 -1.569471616142521730e+00 5.163519002424601467e+01 -3.684799104519281610e+00
3.578199766967507522e-01 6.516850007607653816e-02 -2.073776021508945355e+00 -2.537227147511885939e+00 5.260931383990079979e+01 -3.358017182159484193e+00
3.945800798542147270e-01 5.922477637497069319e-02 -1.915702745867851498e+00 -1.997821955177529585e+00 5.232346053176746636e+01 -3.213990732118033211e+00
4.058819071939935297e-01 6.196049937557070175e-02 -2.767733637894858489e+00 -2.622224355836136667e+00 5.313862649376331149e+01 -2.354355578024756035e+00
3.488527864716881588e-01 5.535373018612135126e-02 -2.288585811345925869e+00 -1.850177517940609029e+00 5.256817804756421708e+01 -3.370138975393382808e+00
2.659659616105590207e-01 4.394385656712437860e-02 -2.172668180861744514e+00 -1.149236308163838371e+00 5.241956083547496803e+01 -4.565114843989425353e+00
4.059516562248511873e-01 6.708008429772772951e-02 -1.934165256193297155e+00 -2.135489383182691991e+00 5.231371511848873723e+01 -3.185985298291642565e+00
3.516733613719746909e-01 5.888183754563024175e-02 -1.383810033172761855e+00 -3.257091667520587208e+00 5.258622985310836384e+01 -3.428221880029352686e+00
3.929591241704445959e-01 6.642539327142957251e-02 -2.091271328461123513e+00 -2.183195866907781557e+00 5.246696973944541753e+01 -3.182275034358663213e+00
3.882083719110013265e-01 6.613282668769591977e-02 -2.014035480512706755e+00 -3.788525820155627777e+00 5.310098534517199198e+01 -2.542007335771462095e+00
3.271195590383115803e-01 5.210501607000703195e-02 -3.718002364835298224e+00 -3.478998584589647614e+00 5.422982924110618796e+01 -1.991282788409462379e+00
2.638775997097103643e-01 4.141998172192082328e-02 -3.327318893728794524e+00 -2.283964939807350714e+00 5.365389137188210356e+01 -3.280475367161923561e+00
3.537730457036909471e-01 5.433693999737553015e-02 -3.392707820632754778e+00 -3.527596405986336059e+00 5.399588039874051049e+01 -1.894398545681579282e+00
4.071748896712231169e-01 6.870367997959006545e-02 -3.686290170115899656e+00 -3.834278268082110586e+00 5.412467196680044879e+01 -1.336252018166512734e+00
4.416510283877674303e-01 7.224505726165900144e-02 -2.000080598683659616e+00 -2.582028334382334478e+00 5.247666348722597718e+01 -2.699519554991193893e+00
4.237292028195936977e-01 6.951380597230562286e-02 -3.279034550399873460e+00 -3.680117605213229393e+00 5.380422254102418833e+01 -1.548114698425947289e+00
3.136780310688832563e-01 5.526330290854898630e-02 -3.555950596109500594e+00 -3.124387588024092999e+00 5.396125521890198229e+01 -2.492315930058873530e+00
3.497750126544948435e-01 5.958948141681245925e-02 -2.265788438018792483e+00 -1.842832834770854022e+00 5.253675312732393365e+01 -3.528495326796150522e+00
2.975462258476903044e-01 4.807882311137436082e-02 -2.996988424975609355e+00 -2.425198019794966520e+00 5.339758820538656181e+01 -3.119396829778809721e+00
4.005721897268147980e-01 6.660382462488267930e-02 -3.084079212574945217e+00 -3.041841542737787396e+00 5.343766940413108557e+01 -2.113767260462902531e+00
3.782844377547954218e-01 5.883186912650663347e-02 -1.513631726139424538e+00 -1.489432129211187172e+00 5.186952269437431084e+01 -3.813867928513574146e+00
3.028603075836730496e-01 4.749903371650366496e-02 -2.119347321673308748e+00 -1.428805120059723599e+00 5.240520691301345835e+01 -3.978432272433404915e+00
3.356598461335489891e-01 5.673581688442370929e-02 -1.933202974011261510e+00 -1.627664225704362755e+00 5.227797053944198780e+01 -3.922695176251909999e+00
3.723908135769782302e-01 6.239459037540131398e-02 -1.769780864490864136e+00 -1.391873501569986793e+00 5.196261636583637511e+01 -3.812332444854652724e+00
2.822106329456628426e-01 4.657125024441629429e-02 -2.735658571816970142e+00 -1.934238666240205795e+00 5.306475354717787951e+01 -3.672532821705286388e+00
4.358900130960067232e-01 7.149585634936837797e-02 -2.617044093680715999e+00 -3.278448719391164445e+00 5.318281367311398355e+01 -2.056104852568260366e+00
3.460059405637463947e-01 6.107743170277024625e-02 -3.449671197034680503e+00 -3.202785963919800860e+00 5.382483673446775896e+01 -2.238839845356014990e+00
4.436692460046018915e-01 7.482475394849565087e-02 -1.341495505120026355e+00 -1.450724502002282978e+00 5.156510206242339933e+01 -3.667240066095368345e+00
4.396320138778403996e-01 7.675193504931340782e-02 -1.662006599030632747e+00 -1.739901796120549848e+00 5.187746666641976390e+01 -3.368899771289216805e+00
3.984916016740183697e-01 6.562285723172658902e-02 -3.148062963257733049e+00 -2.926231294324007415e+00 5.345465647159630151e+01 -2.123684777074205332e+00
3.872945138393744102e-01 6.536784155141063535e-02 -1.274545195041947299e+00 -1.052525108666421794e+00 5.148093642775687329e+01 -4.169292317671812853e+00
4.381999713114898554e-01 7.296955436405588857e-02 -1.632153495443852353e+00 -1.816562480125698764e+00 5.191368621115561410e+01 -3.311918508423830954e+00
4.302949626276709183e-01 7.268634414160644874e-02 -1.485578512087506908e+00 -1.584963414158838901e+00 5.173475272341657671e+01 -3.533356742722310706e+00
3.255783380035606744e-01 5.810893313206048211e-02 -2.589173342157547797e+00 -2.382939827200599936e+00 5.300749766308040023e+01 -3.343966012502905372e+00
3.869228451094963162e-01 5.991165802930552287e-02 -2.435511140615685299e+00 -2.472389574312298777e+00 5.285712851578355043e+01 -2.767313413061240901e+00
3.885542564736047533e-01 6.015138406538614313e-02 -2.837936768041154689e+00 -2.659974553388832597e+00 5.322531833571249393e+01 -2.435306557302846286e+00
3.633161871700862355e-01 5.783324733319907679e-02 -2.363826172484072785e+00 -2.002440697114788559e+00 5.264202429826126917e+01 -3.159074161211571141e+00
2.750552626003399670e-01 4.584247657330798448e-02 -2.328020394309697316e+00 -1.396148196470513358e+00 5.259183626932357924e+01 -4.285750504953824702e+00
3.947323396333743961e-01 6.547033205484988072e-02 -1.650104315105423769e+00 -1.668787158327645681e+00 5.195320100856493184e+01 -3.644327613625060636e+00
3.488634640119945285e-01 5.655079723717373885e-02 -1.114830729795989850e+00 -3.603345829738027195e+00 5.260259610330478353e+01 -3.434025062335757994e+00
3.847242113629346649e-01 6.596068113275174727e-02 -1.253546857187291197e+00 -1.400379066132763084e+00 5.162781681662904987e+01 -4.119661007654827678e+00
3.882083719110013265e-01 6.613282668769591977e-02 -2.014035480512706755e+00 -3.788525820155627777e+00 5.310098534517199198e+01 -2.542007335771462095e+00
3.362581391549404053e-01 5.368952395465506622e-02 -3.993773359216660879e+00 -3.847062531296915999e+00 5.453679042851639736e+01 -1.595043272107262489e+00
2.638775997097103643e-01 4.141998172192082328e-02 -3.327318893728794524e+00 -2.283964939807350714e+00 5.365389137188210356e+01 -3.280475367161923561e+00
3.327695968811223426e-01 5.143462442823569514e-02 -3.695002903117007520e+00 -3.684269310231231387e+00 5.430293931214325909e+01 -1.801800678529470900e+00
4.071748896712231169e-01 6.870367997959006545e-02 -3.686290170115899656e+00 -3.834278268082110586e+00 5.412467196680044879e+01 -1.336252018166512734e+00
4.436915170945893161e-01 7.404640504976589543e-02 -1.920074182492140125e+00 -2.383541004091788373e+00 5.232715879817109794e+01 -2.846939675879828879e+00
4.219749215176720747e-01 6.923620884225345495e-02 -3.102171695697506948e+00 -3.591772540996249763e+00 5.366168493300011022e+01 -1.714878332398387384e+00
2.818489601995377569e-01 4.824819219980945595e-02 -3.612692250789679260e+00 -2.921250570208042241e+00 5.402047313560764508e+01 -2.782200617372910578e+00
3.324387161073594221e-01 5.719559378472288680e-02 -1.986518361469187921e+00 -1.433629573449483496e+00 5.222928423556575694e+01 -4.011320292769964269e+00
2.802147109946738213e-01 4.589207400723914476e-02 -3.430331991505988665e+00 -2.846120227518335266e+00 5.389603958931144234e+01 -2.821956033884810644e+00
3.861385664704171661e-01 6.397055628105939584e-02 -3.178147912618734416e+00 -3.029227105507630302e+00 5.352567204889432873e+01 -2.149058565161221956e+00
3.771941851089103959e-01 5.875913183190894368e-02 -1.575557917139386532e+00 -1.526798483104937709e+00 5.192578991897893559e+01 -3.766174269640753192e+00
3.118581715972028601e-01 5.004971483645062613e-02 -2.428073706895399031e+00 -1.787124678833104996e+00 5.272860004611762008e+01 -3.628529090614516672e+00
3.309489955652675786e-01 5.424873797969789746e-02 -2.042729180491195784e+00 -1.576456163216457540e+00 5.234219118942512949e+01 -3.845966705197143121e+00
3.732425647458970097e-01 6.320379764366201858e-02 -1.923513187265771363e+00 -1.505718495318452366e+00 5.209968642205202372e+01 -3.689201211440456429e+00
2.766783204735622781e-01 4.573099986323844734e-02 -2.762233742451797092e+00 -1.906966357780353061e+00 5.308463179118414388e+01 -3.708080939138265641e+00
4.653728471020108781e-01 7.766605150522062906e-02 -2.894533243807198897e+00 -3.513187423503483231e+00 5.337910576514662608e+01 -1.611645994975630325e+00
3.488217190017532943e-01 6.091208397637286331e-02 -3.404594602796585878e+00 -3.162507809405137316e+00 5.377624798835311282e+01 -2.246373282232998925e+00
4.300509148223636835e-01 6.890836444204632982e-02 -1.199632949769694257e+00 -1.041913991060055000e+00 5.134598252211583258e+01 -3.855077177520487286e+00
4.345979956254501508e-01 7.607390571975287952e-02 -1.152304958943287883e+00 -1.223953905823257138e+00 5.134275916814024754e+01 -3.940476236723306158e+00
4.117680932459709675e-01 6.672643308030989928e-02 -3.045748380514635478e+00 -2.824956468640936524e+00 5.333235005327961886e+01 -2.124027798027024350e+00
3.457653233251583025e-01 5.403776493213004184e-02 -1.845006456356105051e+00 -1.506146255469972051e+00 5.218639607274668890e+01 -3.815891340326244663e+00
4.097624906452983495e-01 6.686914214143356572e-02 -1.755648371354274095e+00 -1.756035046378923159e+00 5.205322826529643976e+01 -3.423040727961281782e+00
4.303967218916487369e-01 7.426162744754076506e-02 -1.604807652142890895e+00 -1.811395729452745851e+00 5.189685608464561994e+01 -3.399210751896974525e+00
3.347872908804839787e-01 5.702351647151959052e-02 -2.500035478158061153e+00 -2.021221143126696429e+00 5.279652253042393539e+01 -3.438975086631467448e+00
3.869228451094963162e-01 5.991165802930552287e-02 -2.435511140615685299e+00 -2.472389574312298777e+00 5.285712851578355043e+01 -2.767313413061240901e+00
4.064754237900076728e-01 6.431584765116110658e-02 -2.528867203235901862e+00 -2.383819693952583307e+00 5.286636563193773242e+01 -2.628054772282129470e+00
3.633161871700862355e-01 5.783324733319907679e-02 -2.363826172484072785e+00 -2.002440697114788559e+00 5.264202429826126917e+01 -3.159074161211571141e+00
2.958319766198203027e-01 4.786960217363107895e-02 -2.800845112435132567e+00 -2.193822101683917225e+00 5.318426974982137523e+01 -3.414867918758453413e+00
4.053914891875276538e-01 6.709223833829142114e-02 -1.658100960486519782e+00 -1.727312849344905032e+00 5.196190424400514019e+01 -3.549497735728856185e+00
3.488634640119945285e-01 5.655079723717373885e-02 -1.114830729795989850e+00 -3.603345829738027195e+00 5.260259610330478353e+01 -3.434025062335757994e+00
3.928093607793451403e-01 6.692725034237428927e-02 -1.162683438151597359e+00 -1.340484234047264245e+00 5.152930572944698184e+01 -4.130235251744290181e+00
3.882083719110013265e-01 6.613282668769591977e-02 -2.014035480512706755e+00 -3.788525820155627777e+00 5.310098534517199198e+01 -2.542007335771462095e+00
3.362581391549404053e-01 5.368952395465506622e-02 -3.993773359216660879e+00 -3.847062531296915999e+00 5.453679042851639736e+01 -1.595043272107262489e+00
2.741932606882565016e-01 4.335807994135260773e-02 -3.213155509245436470e+00 -2.240636151058118752e+00 5.353493032526249351e+01 -3.296150645824735825e+00
3.326931186544624386e-01 5.146604021506098053e-02 -3.639710155096351762e+00 -3.609020438140320586e+00 5.423533945459910655e+01 -1.869785925756798139e+00
4.071748896712231169e-01 6.870367997959006545e-02 -3.686290170115899656e+00 -3.834278268082110586e+00 5.412467196680044879e+01 -1.336252018166512734e+00
4.459443703906139644e-01 7.459972840086433188e-02 -1.830346842550891084e+00 -2.384855791065302544e+00 5.226418769723491664e+01 -2.887123476305827552e+00
4.310373209936168570e-01 7.164477517089283543e-02 -3.278760776449030967e+00 -3.882722052134413460e+00 5.387346272885364584e+01 -1.439557233779726220e+00
2.859557401004875765e-01 4.886713466561545122e-02 -3.547438404299302572e+00 -2.887687468071447938e+00 5.395440639283861373e+01 -2.805820655774500239e+00
3.276742824871607396e-01 5.648640918841939945e-02 -1.962745240556093451e+00 -1.364805973099185055e+00 5.219632321210150394e+01 -4.092518191868902200e+00
2.893098086854417605e-01 4.749191913325698233e-02 -3.286752017161152395e+00 -2.740963487339556970e+00 5.373539365144066693e+01 -2.890751665784362601e+00
3.919718773474664686e-01 6.553922844140888659e-02 -3.386285364092795014e+00 -3.291669695110788219e+00 5.375152895747586257e+01 -1.890902529592024983e+00
3.771941851089103959e-01 5.875913183190894368e-02 -1.575557917139386532e+00 -1.526798483104937709e+00 5.192578991897893559e+01 -3.766174269640753192e+00
2.930811986594751839e-01 4.630034920458092618e-02 -2.296100615826525804e+00 -1.422292609782744632e+00 5.254289320329142754e+01 -3.982722854680100344e+00
3.307826427509720224e-01 5.392715487207798419e-02 -1.860117475451720681e+00 -1.376952410456907749e+00 5.213937024984954149e+01 -4.051950630251590191e+00
3.582399165677483954e-01 5.984911287034413302e-02 -2.063129282721353430e+00 -1.554262341642004053e+00 5.225014592190657226e+01 -3.674045448307194928e+00
2.881492553049099792e-01 4.771023770583927154e-02 -2.781399081281640484e+00 -2.006448068860531730e+00 5.310430278194402831e+01 -3.561217239649773436e+00
4.416990680790781054e-01 7.353750201950037813e-02 -2.708730957340102830e+00 -3.133685626775267963e+00 5.315661440901877910e+01 -2.044433651410147768e+00
3.708920151932189047e-01 6.516797312124103514e-02 -2.897352572062239506e+00 -2.760095154499514258e+00 5.323421176413711464e+01 -2.596197336038303938e+00
4.063033794203572691e-01 6.512404577213745660e-02 -1.458704573029669493e+00 -1.224873810155547416e+00 5.164557462576239288e+01 -3.788139763446476405e+00
4.026096797270516392e-01 6.766742176042023216e-02 -2.324325883989517560e+00 -2.431570448147967412e+00 5.270006228105472701e+01 -2.830533739684776506e+00
4.111631143863467841e-01 6.653963949886046447e-02 -2.865028695917748447e+00 -2.641886460850196627e+00 5.313992522243841421e+01 -2.313652838351189622e+00
3.874662509879299721e-01 6.300442731679119224e-02 -2.309863289757221327e+00 -2.200126307877601217e+00 5.265356433764856803e+01 -2.992324909356907536e+00
4.242658674317429934e-01 7.104740573224756217e-02 -1.577319857410978354e+00 -1.645481291201294383e+00 5.184014831227621301e+01 -3.541248923219645128e+00
4.245423199980955520e-01 7.340846063189902793e-02 -1.472928749427485862e+00 -1.509397945753643056e+00 5.169636454993561614e+01 -3.639754077949092448e+00
2.782796201014089421e-01 4.642148510200459072e-02 -2.506767300117152431e+00 -1.508871878456701898e+00 5.271763949392765625e+01 -4.010218377330050821e+00
4.156635934928235576e-01 6.315769135327765904e-02 -2.468419752694296587e+00 -2.732963988181770443e+00 5.292640840283061721e+01 -2.392856273947745471e+00
3.969477364883748916e-01 6.346215872572201488e-02 -2.649822298043369884e+00 -2.520703657166991629e+00 5.301034441451993473e+01 -2.564172196976480578e+00
3.909367392969524957e-01 6.237360683171735282e-02 -2.391304634050585243e+00 -2.232145223774873344e+00 5.268218963007889499e+01 -2.834172676405062319e+00
2.981911334517384216e-01 4.829815169948902670e-02 -2.749914981292455707e+00 -2.152347537063509009e+00 5.312769902006049705e+01 -3.443829079978839136e+00
4.052102306650705033e-01 6.707925768509077902e-02 -1.660972657220117998e+00 -1.731427489606671255e+00 5.196532192569669206e+01 -3.547469401202208772e+00
3.530815786712007132e-01 5.769229968922652552e-02 -1.253140969397146920e+00 -3.833756445698178528e+00 5.277537776592365049e+01 -3.232213473364601075e+00
3.833447647597424401e-01 6.512619024387021616e-02 -1.530702106243798211e+00 -1.420409201264990706e+00 5.180520285760530186e+01 -3.916904003478941299e+00
3.534413887357508166e-01 6.034374840186648714e-02 -1.995825385600849433e+00 -3.102496425229381405e+00 5.288607596645692865e+01 -3.135036801703413811e+00
3.362581391549404053e-01 5.368952395465506622e-02 -3.993773359216660879e+00 -3.847062531296915999e+00 5.453679042851639736e+01 -1.595043272107262489e+00
2.721405430258359570e-01 4.303831776861416492e-02 -3.312819897173787886e+00 -2.329572711717277755e+00 5.364274368875139487e+01 -3.221534830070150512e+00
3.264338063935470768e-01 5.102618583384846418e-02 -3.638274832061438424e+00 -3.553181378400212864e+00 5.422207764472817360e+01 -1.962918023469584439e+00
4.000145066357954637e-01 6.741878472651943732e-02 -3.629266449150932328e+00 -3.791506846513067241e+00 5.408844208978934631e+01 -1.416023621820222234e+00
4.421078303436053458e-01 7.380744742158600047e-02 -1.768473854421134916e+00 -2.311847054344921659e+00 5.220522970370478788e+01 -2.991819076637655783e+00
4.345467477250531951e-01 7.224478260954028674e-02 -3.278634602847431800e+00 -3.910959790799552138e+00 5.387687143675944412e+01 -1.403602347111405635e+00
2.859557401004875765e-01 4.886713466561545122e-02 -3.547438404299302572e+00 -2.887687468071447938e+00 5.395440639283861373e+01 -2.805820655774500239e+00
3.433485167202980914e-01 5.813241304847081153e-02 -1.951158435348720133e+00 -1.529972292695540803e+00 5.221863046352694226e+01 -3.896178316825394283e+00
2.922388664151077675e-01 4.821929908355529482e-02 -3.268979185609433014e+00 -2.752943588697335464e+00 5.372189880811811946e+01 -2.883648052842955334e+00
3.846525346156087766e-01 6.431058754109442166e-02 -3.002330755971702736e+00 -2.964061215033058083e+00 5.338070635418654319e+01 -2.324333473405878259e+00
3.771941851089103959e-01 5.875913183190894368e-02 -1.575557917139386532e+00 -1.526798483104937709e+00 5.192578991897893559e+01 -3.766174269640753192e+00
3.133154198701209592e-01 5.039362670960752938e-02 -2.062110127689083416e+00 -1.397958697780135928e+00 5.232632397364333343e+01 -4.019877137721221239e+00
3.347934178651841286e-01 5.466919939777456494e-02 -1.846384964503375858e+00 -1.386362330065253001e+00 5.212456007154752058e+01 -4.032358056077095299e+00
3.480403004416890989e-01 5.848365353689131269e-02 -1.804247656095398611e+00 -1.145034963976761189e+00 5.193101610298374737e+01 -4.097789120225540316e+00
2.932283695341032503e-01 5.008540345411909012e-02 -3.188959384569143740e+00 -2.559517314203121785e+00 5.357649594942675009e+01 -3.087894515075753965e+00
4.549078639065082252e-01 7.501772350349503182e-02 -2.679688764068646201e+00 -3.190322820819022187e+00 5.313635030562035411e+01 -1.935630759743272478e+00
3.358195203222872349e-01 5.670761277352875940e-02 -2.447144045285148284e+00 -2.098907679955070993e+00 5.279807188183643518e+01 -3.390449095899578325e+00
4.284510689894046043e-01 6.835475088150305689e-02 -1.328164989031582977e+00 -1.191612962173510981e+00 5.150446687721190386e+01 -3.717405421814452993e+00
4.230234112965648441e-01 6.900340269300304918e-02 -1.965058510966787741e+00 -2.272383544779433606e+00 5.237002492994484015e+01 -2.926815653255758320e+00
4.676399820063818491e-01 7.541361316020379901e-02 -2.465667194639097559e+00 -2.334032726473938446e+00 5.261914495231440725e+01 -2.291004365659777164e+00
4.366932824789365175e-01 7.070929570164696809e-02 -3.095114603807890941e+00 -3.505884418160435612e+00 5.359503194644376123e+01 -1.598022704109641090e+00
4.238915357615691826e-01 7.115348703599311264e-02 -1.541321518000619228e+00 -1.595400758494950999e+00 5.179555658098922066e+01 -3.597115133204889403e+00
4.334848009213644326e-01 7.511828280459829921e-02 -1.296144107872319484e+00 -1.394926714704225024e+00 5.151602414142703168e+01 -3.743339361834969736e+00
2.891401638102056304e-01 4.865782518442165333e-02 -3.438978166252887103e+00 -2.612962826863743704e+00 5.373984696964733843e+01 -2.868407663090884796e+00
4.338904723007953601e-01 6.546127595214741579e-02 -1.858910899241002390e+00 -2.146940854946257637e+00 5.225803241608107186e+01 -2.912414713853603399e+00
4.122862327411594974e-01 6.526469287891226156e-02 -2.708408756623563729e+00 -2.552059062449757665e+00 5.302581588925140466e+01 -2.397095518187699170e+00
3.901422183755462458e-01 6.163756570127838091e-02 -2.493927701158887622e+00 -2.385628001813890009e+00 5.282207721200994399e+01 -2.695726353935139485e+00
3.078925658748446481e-01 4.881951701612264466e-02 -2.284397495291166535e+00 -1.702570519924508030e+00 5.262318799317980478e+01 -3.812196811306928446e+00
3.842421293229106305e-01 6.265021150560469432e-02 -1.765834595395792350e+00 -1.843622043932251486e+00 5.211907471864133612e+01 -3.535338392906616001e+00
3.547883162602119556e-01 5.806619646800453838e-02 -1.276599501929651215e+00 -3.710044880910098986e+00 5.273104678499836950e+01 -3.259170512361052818e+00
3.843799001911753499e-01 6.454885553754315108e-02 -1.683325842758052193e+00 -1.565121621337409508e+00 5.196243188412641700e+01 -3.726554301837369909e+00
3.241840675257395277e-01 5.588573879569068426e-02 -2.361853083851021218e+00 -3.981133211866871857e+00 5.355888669593107210e+01 -2.720909648558996530e+00
3.567262535698162429e-01 5.818163802335118290e-02 -3.574448756732622190e+00 -3.473602509785470804e+00 5.404783171994381519e+01 -1.903492114989485895e+00
2.721958986172090533e-01 4.336099854680445370e-02 -3.367076676719334749e+00 -2.412363731566871561e+00 5.370941488505965822e+01 -3.160118875111163739e+00
3.224282226062183954e-01 5.076494774794824971e-02 -3.896725212467424981e+00 -3.717347670787481295e+00 5.446432231653705713e+01 -1.765972034095700804e+00
3.670411419605654202e-01 6.163399914036828131e-02 -3.498506480327884915e+00 -3.431754378614662926e+00 5.393800936747756225e+01 -1.886407034780805514e+00
4.327435720750957837e-01 7.188979237605323813e-02 -1.831072655049687414e+00 -2.291674015772938944e+00 5.225857998698042195e+01 -3.019791509538345853e+00
4.345480727003659949e-01 7.224347864485609894e-02 -3.278174496704072016e+00 -3.910285442928354449e+00 5.387629578921632145e+01 -1.404107677681981858e+00
2.728010963206199402e-01 4.688883848223805023e-02 -3.960261169214644994e+00 -3.317510507766955108e+00 5.443832507983026403e+01 -2.488663761508660421e+00
3.368133224073556753e-01 5.692051810206979340e-02 -1.948559532225275115e+00 -1.443240819046833101e+00 5.219675140060734719e+01 -3.977154307641797004e+00
3.018866508875413524e-01 5.072740149995037806e-02 -3.268769968862274666e+00 -2.808990406835663478e+00 5.371484565927496391e+01 -2.848028566125879291e+00
3.834094297276192109e-01 6.412464633483941356e-02 -2.970694186057420971e+00 -2.920900209397045977e+00 5.334573197896824581e+01 -2.371640445162682020e+00
3.806008307305677185e-01 5.914801934437240172e-02 -1.346288779581746198e+00 -1.306283683481589186e+00 5.168015312688638829e+01 -3.974207117430642366e+00
3.139697711380256551e-01 5.049819396776943081e-02 -2.057562853250775703e+00 -1.396144137027759191e+00 5.232112611774891064e+01 -4.018683962267277643e+00
3.336879649949611726e-01 5.477832135139556330e-02 -1.898849594553723374e+00 -1.634366107300531112e+00 5.226375215003964314e+01 -3.905768292667350039e+00
3.423306426876859820e-01 5.778274508256236314e-02 -1.838052445436945348e+00 -1.141727640425784340e+00 5.196130371418779959e+01 -4.124798695837797347e+00
2.905339928733485788e-01 4.974185963695716695e-02 -3.172602090415182818e+00 -2.520730355325354388e+00 5.355649597432922349e+01 -3.138151720212533302e+00
4.482300297535206646e-01 7.394239789245055094e-02 -2.685072289698200887e+00 -3.149778510142224430e+00 5.313848136269623978e+01 -1.996307346815797024e+00
3.126863084349527089e-01 5.341227801370328904e-02 -2.722338762927801525e+00 -2.249825249012991968e+00 5.309533810050655234e+01 -3.340892985690035122e+00
3.994943219406166812e-01 6.465491677719494013e-02 -1.571311412647437677e+00 -1.265917380023303451e+00 5.175774616878253198e+01 -3.771509656542678002e+00
4.231139452532299838e-01 6.922762819358682651e-02 -1.920868319231531007e+00 -2.201783149666495909e+00 5.231011544149427550e+01 -2.996719067474209464e+00
4.454632258322784866e-01 7.180132210405376636e-02 -2.368950298106241803e+00 -2.126362623243378991e+00 5.252108067985808759e+01 -2.595654658429563000e+00
4.444219197980069369e-01 7.190231162091244299e-02 -3.266711569541773663e+00 -3.486619625751242069e+00 5.367655847981706074e+01 -1.441275078952708011e+00
4.240379188742967598e-01 7.151603417230965876e-02 -1.469871003116338004e+00 -1.481247948023471706e+00 5.169868975085886831e+01 -3.710141004828175326e+00
3.995978747017055466e-01 6.916473671010960056e-02 -1.853567908972888034e+00 -1.807949802046282084e+00 5.213264011508221074e+01 -3.477738252039691780e+00
2.904710041097511852e-01 4.887390633266115031e-02 -3.421207000987815938e+00 -2.633429752508918753e+00 5.373723662287625302e+01 -2.866279914218209157e+00
4.560481505223949461e-01 6.794174021476832859e-02 -2.151947472433557884e+00 -2.578123222672594306e+00 5.258535114482096873e+01 -2.387704649695236547e+00
4.020733904431872396e-01 6.636505746028271979e-02 -2.290646135016442653e+00 -2.142498730602867774e+00 5.257840730428443976e+01 -2.969343009979358072e+00
3.744273785155902701e-01 6.083611489877042977e-02 -1.919794451050399475e+00 -1.716494399979134888e+00 5.220111073228999032e+01 -3.500726874906627373e+00
3.193614950923885920e-01 5.063202583841857479e-02 -2.725318802201000867e+00 -2.239709495276839490e+00 5.309590695785914960e+01 -3.224290628696393934e+00
3.791569077697182766e-01 6.140944311171363246e-02 -2.198682098515516437e+00 -2.244480482621768136e+00 5.258685114232970648e+01 -3.120213674147726213e+00
3.547459916268814739e-01 5.806206868356694750e-02 -1.276233623571681353e+00 -3.710518002059198128e+00 5.273110768293083339e+01 -3.259534768073755640e+00
3.518411161973389323e-01 6.044407132619501050e-02 -1.900607027323770737e+00 -1.862650122560044030e+00 5.228150629403272376e+01 -3.716756781376611585e+00
3.241840675257395277e-01 5.588573879569068426e-02 -2.361853083851021218e+00 -3.981133211866871857e+00 5.355888669593107210e+01 -2.720909648558996530e+00
3.567262535698162429e-01 5.818163802335118290e-02 -3.574448756732622190e+00 -3.473602509785470804e+00 5.404783171994381519e+01 -1.903492114989485895e+00
2.832836106507278240e-01 4.586703722707276970e-02 -3.263813978821509920e+00 -2.720569172671395641e+00 5.373065540270410878e+01 -2.996657131342129077e+00
3.342637545032236535e-01 5.292648799698945750e-02 -3.904642949357177706e+00 -3.746859955492475081e+00 5.444979026379565568e+01 -1.677008148116268416e+00
3.648639227388896789e-01 6.143164941324572026e-02 -3.690694260540432481e+00 -3.613298761460220554e+00 5.414078733404988242e+01 -1.705215617514081572e+00
4.375197428673039957e-01 7.559564789642739258e-02 -1.988608261941849698e+00 -2.779760566452028403e+00 5.253390466708130901e+01 -2.729325737010372510e+00
4.484946076313804375e-01 7.362308135243936236e-02 -2.939008892990482291e+00 -3.253542394866263621e+00 5.335147280849368912e+01 -1.774473540280602446e+00
2.742300990327283805e-01 4.713904968347765873e-02 -3.915808125035426190e+00 -3.335966401261122094e+00 5.441386717468679990e+01 -2.495122710741979333e+00
3.365650950265524632e-01 5.728508379281602170e-02 -1.928892794403777255e+00 -1.467366575769413650e+00 5.219427364471909669e+01 -3.991724028589437978e+00
3.017724038244907758e-01 5.069914722654868255e-02 -3.268959141424190307e+00 -2.808276049423449106e+00 5.371496067527856866e+01 -2.848838295287392519e+00
3.239962193143888225e-01 5.253899765839056824e-02 -3.760617918186014652e+00 -3.371895846455966961e+00 5.418242555805741034e+01 -2.066651357656077437e+00
3.834980199734311923e-01 6.109649319839605824e-02 -1.698109763933219885e+00 -1.627156124608963861e+00 5.201821509351240280e+01 -3.616445835928161934e+00
3.288265975187005807e-01 5.303863020187059296e-02 -2.023707705470092488e+00 -1.474866872579452703e+00 5.229163358865099553e+01 -3.891401410850714893e+00
3.483034591198767016e-01 5.707818616299935310e-02 -1.750389311380352586e+00 -1.101775738631764368e+00 5.189854028259393459e+01 -4.108596136243834351e+00
3.311162959740566736e-01 5.572785599099056714e-02 -1.836413849926313402e+00 -1.040581115646584509e+00 5.194357520315861620e+01 -4.240543746862249108e+00
2.905339928733485788e-01 4.974185963695716695e-02 -3.172602090415182818e+00 -2.520730355325354388e+00 5.355649597432922349e+01 -3.138151720212533302e+00
4.260458280316028468e-01 7.246696712490166559e-02 -2.622938236640522724e+00 -2.861815299525384937e+00 5.300884698437030096e+01 -2.346934597156779212e+00
3.059659025807899835e-01 5.262171222414642469e-02 -2.756099463163983909e+00 -2.260976092171148366e+00 5.313940160736283502e+01 -3.376082393166941475e+00
4.130339186660540451e-01 6.680503636347759344e-02 -1.450682135388912108e+00 -1.214199044101569758e+00 5.163052326314483764e+01 -3.767896275105339754e+00
4.143369447089855773e-01 6.783433186572075668e-02 -1.928317322819854240e+00 -2.310231384408159450e+00 5.238131856742631953e+01 -2.997306655249408980e+00
4.530448917301369560e-01 7.366834859149910819e-02 -1.867869977326836350e+00 -1.783536809374108856e+00 5.203709179822503472e+01 -3.025636446629596854e+00
4.370508591998172876e-01 7.071711477317696448e-02 -3.296942771113090753e+00 -3.479597570443755394e+00 5.370752177812767059e+01 -1.479553340390929339e+00
4.199099806664114976e-01 6.996567304706932666e-02 -1.939989059388339543e+00 -2.046602740692220479e+00 5.225024807422106932e+01 -3.160759944025387291e+00
4.426979009162212986e-01 7.691584597955024305e-02 -1.419803420519008652e+00 -1.659100619584769287e+00 5.169181869831467679e+01 -3.521490594423026366e+00
2.882545250715371488e-01 4.927373869966329006e-02 -3.290605178797640917e+00 -2.535923539568129659e+00 5.362212874838589727e+01 -3.026027366291377696e+00
4.441364306172977949e-01 6.645042569885342698e-02 -2.231600270789259266e+00 -2.586751305985492078e+00 5.266511401364019207e+01 -2.428147164523347890e+00
4.119868910273171703e-01 6.832972316564323023e-02 -2.054686184192979770e+00 -1.907947464847951080e+00 5.230481851701133422e+01 -3.158277255538708417e+00
3.905263613977092430e-01 6.434421178005900188e-02 -2.091293947877518988e+00 -2.003368849960797338e+00 5.239238728885442242e+01 -3.193324329363478764e+00
3.211887249700584035e-01 5.043391854366629373e-02 -3.122201002994116958e+00 -2.726381179430497959e+00 5.355386311770759988e+01 -2.745025948300551910e+00
3.505657655046387489e-01 5.555218087360953849e-02 -1.980540207807270470e+00 -1.902716506014442643e+00 5.235718437812285941e+01 -3.531526523177357824e+00
3.589512016840543662e-01 5.894546814546233054e-02 -1.024069878865194294e+00 -3.708200320834855290e+00 5.256476249169087822e+01 -3.392846301758905447e+00
3.473681626204389028e-01 5.896121132882692351e-02 -2.370694655990478683e+00 -2.349649834488273914e+00 5.280540569958393604e+01 -3.252607885113615538e+00
3.241840675257395277e-01 5.588573879569068426e-02 -2.361853083851021218e+00 -3.981133211866871857e+00 5.355888669593107210e+01 -2.720909648558996530e+00
3.446035553649408056e-01 5.548161101895088265e-02 -3.848746479268522869e+00 -3.724706169451935445e+00 5.436680961145239621e+01 -1.690803007506813449e+00
2.784561225896082237e-01 4.544531592129021774e-02 -3.451616434578905768e+00 -2.862087962036532929e+00 5.391526561782754356e+01 -2.855251353864884933e+00
3.364884673567880569e-01 5.336738342142405972e-02 -3.851690601085394405e+00 -3.694223733673908328e+00 5.438839353652739561e+01 -1.719407343133944943e+00
3.980628317042557707e-01 6.939088783642274882e-02 -3.636779940359789798e+00 -3.927282684200880780e+00 5.414191304776876734e+01 -1.421558433305820213e+00
4.461279682064391849e-01 7.668278035991135666e-02 -2.090522734289866680e+00 -2.414173162841307896e+00 5.242645893230678666e+01 -2.770577123386072316e+00
4.516221573372861675e-01 7.403938601936720099e-02 -3.006689817098051609e+00 -3.329577211595908359e+00 5.342182729891196402e+01 -1.674928232580704002e+00
2.742300990327283805e-01 4.713904968347765873e-02 -3.915808125035426190e+00 -3.335966401261122094e+00 5.441386717468679990e+01 -2.495122710741979333e+00
3.709943168054904428e-01 6.258849008398729985e-02 -1.698259664350522335e+00 -1.392429629536594549e+00 5.193636910061567846e+01 -3.904803510805219702e+00
3.221543696789435085e-01 5.281568492507489332e-02 -3.658743886410870338e+00 -3.328334806255723866e+00 5.413646807760511592e+01 -2.192377215383794820e+00
3.253036067079893567e-01 5.265273022301959760e-02 -3.963400724593006519e+00 -3.648235448304382622e+00 5.442875990273975617e+01 -1.807976924512295636e+00
4.214495307161635895e-01 6.663477906351573943e-02 -1.454980285686301444e+00 -1.565810073188753648e+00 5.178457215285072834e+01 -3.522693373546257334e+00
3.381537269934321577e-01 5.442438987500720915e-02 -1.997140849928985773e+00 -1.543035860525373337e+00 5.228527409910174839e+01 -3.804398861987755787e+00
3.481186259304469566e-01 5.624813149052623751e-02 -1.633037180062215654e+00 -1.059105223709641441e+00 5.180917253355625007e+01 -4.178906330377227363e+00
3.140541926424803565e-01 5.251102062756329847e-02 -2.201993312723694807e+00 -1.431181753521672650e+00 5.239389197636209161e+01 -3.973982692537531225e+00
2.995419990291560142e-01 5.086751056864456666e-02 -2.943105101302007753e+00 -2.541025383916238667e+00 5.339233171183645510e+01 -3.184240133547723506e+00
4.517016954773905857e-01 7.634801294972159980e-02 -2.553464880343395915e+00 -2.953745425770117006e+00 5.294483199999029921e+01 -2.150043166611625090e+00
3.224064900799568645e-01 5.438949717206960355e-02 -2.688641451142433247e+00 -2.279251705984489451e+00 5.306686010133162767e+01 -3.259329388986979215e+00
3.882749007239720829e-01 6.319996560584388579e-02 -1.453461084978700635e+00 -1.088415665400487953e+00 5.163587613544250843e+01 -4.022240685015965767e+00
4.137933289140043325e-01 6.756793975433156296e-02 -1.819760774920438529e+00 -2.077366612680155988e+00 5.221818309234580369e+01 -3.167473232293376739e+00
4.493304005201981255e-01 7.306788495751286028e-02 -1.901565227732659791e+00 -1.806483696483492718e+00 5.207705118494844498e+01 -3.022011391407002812e+00
4.374070785863660160e-01 7.076948019862197570e-02 -3.316611396168308801e+00 -3.494580705771784590e+00 5.372566690347195362e+01 -1.458798645877649625e+00
4.189111419079737386e-01 6.971491978820598678e-02 -1.921076794755392392e+00 -2.010421799182778635e+00 5.222638505197144809e+01 -3.190067850957110096e+00
4.143218113277130077e-01 7.277722925486272698e-02 -1.827369785743973463e+00 -1.911416346337697192e+00 5.212329812262700557e+01 -3.382158701294416758e+00
2.882545250715371488e-01 4.927373869966329006e-02 -3.290605178797640917e+00 -2.535923539568129659e+00 5.362212874838589727e+01 -3.026027366291377696e+00
4.448991591292721370e-01 6.658541104483861606e-02 -2.206083895006059059e+00 -2.560601140988377544e+00 5.263565543102448174e+01 -2.449404443006792942e+00
3.632887538875925193e-01 6.020999842169653948e-02 -3.057744216476872001e+00 -2.536156471914642108e+00 5.330962787601880137e+01 -2.544938644583187859e+00
3.884677418000913041e-01 6.331437280184809557e-02 -1.820307225254531813e+00 -1.660844725194399629e+00 5.208551826489941305e+01 -3.511572350429110312e+00
3.035172839774877285e-01 4.705075098109633841e-02 -3.464155153870621895e+00 -3.006253946061963056e+00 5.393953714574366387e+01 -2.543685617369388030e+00
3.830868842774695082e-01 6.275839327456961270e-02 -1.934512633638225232e+00 -1.937395804995297732e+00 5.227507191988914315e+01 -3.394502990726819380e+00
3.589512016840543662e-01 5.894546814546233054e-02 -1.024069878865194294e+00 -3.708200320834855290e+00 5.256476249169087822e+01 -3.392846301758905447e+00
3.373247874343519581e-01 5.786745834876518002e-02 -2.878349582096896064e+00 -3.064526823080063522e+00 5.346152070092868769e+01 -2.743047224593816669e+00
3.189655682082589427e-01 5.497857157896666319e-02 -2.523249374893745234e+00 -3.921118364032200709e+00 5.365065471869813507e+01 -2.694928861759740890e+00
3.437064767592982739e-01 5.512640040974861599e-02 -3.934792196375169304e+00 -3.817232454790846052e+00 5.446333038563511764e+01 -1.593306892490929494e+00
2.793184228613792564e-01 4.566215897745011520e-02 -3.432481775744744112e+00 -2.850475199799800130e+00 5.389557530018586817e+01 -2.866906261224932528e+00
3.194406553532856963e-01 5.047937036700757274e-02 -3.216518628112655431e+00 -3.125712221752745545e+00 5.378519653177730220e+01 -2.456562168642659749e+00
3.980628317042557707e-01 6.939088783642274882e-02 -3.636779940359789798e+00 -3.927282684200880780e+00 5.414191304776876734e+01 -1.421558433305820213e+00
4.722608782977966158e-01 8.231740941310439208e-02 -2.077684757662947135e+00 -2.498510153571871673e+00 5.239369848700609822e+01 -2.608721929904485481e+00
4.678878445091619875e-01 7.644073339722723404e-02 -3.306361036244027218e+00 -3.799611806068550646e+00 5.377410590377717625e+01 -1.170360508575613245e+00
2.742300990327283805e-01 4.713904968347765873e-02 -3.915808125035426190e+00 -3.335966401261122094e+00 5.441386717468679990e+01 -2.495122710741979333e+00
4.012064659476161088e-01 6.933919515922912225e-02 -1.807131955339548623e+00 -1.811501430810721347e+00 5.211057799768925491e+01 -3.505718415341315897e+00
3.168498346512663710e-01 5.226836375135360258e-02 -3.094289707390045052e+00 -2.608938743956757289e+00 5.347468584298779604e+01 -2.893689048449768819e+00
3.768953432599277398e-01 6.224202367511857265e-02 -2.555420464727918173e+00 -2.432216960630563918e+00 5.290724856112525032e+01 -2.866490856098260931e+00
4.218258455657322159e-01 6.795109488167218326e-02 -1.524960705031572328e+00 -1.621563583205598125e+00 5.183940084763657552e+01 -3.492281563370907893e+00
3.257629128220995152e-01 5.211783946791497674e-02 -2.147717057893473669e+00 -1.686883743561360838e+00 5.248036532825815215e+01 -3.721463260143921925e+00
3.600560730398931764e-01 5.851897991027578405e-02 -1.681608100566250430e+00 -1.219521775476994252e+00 5.187952534279333605e+01 -4.012162616230803280e+00
3.173048975981186404e-01 5.322713585527304170e-02 -2.298017676799994469e+00 -1.659475790954510366e+00 5.254436721700357538e+01 -3.799789396933115793e+00
2.961218215225446815e-01 4.987221080303427118e-02 -2.772333601828804728e+00 -2.374274299332888027e+00 5.322423191875838455e+01 -3.372281952899255586e+00
4.541216712966865687e-01 7.689507234331521834e-02 -2.577901257377648303e+00 -3.112744314522984723e+00 5.302294355574713336e+01 -2.045404076112596670e+00
3.007259523169556470e-01 5.087556118738837535e-02 -2.892480198558710747e+00 -2.225338728298273949e+00 5.321825212235221159e+01 -3.285244495275467358e+00
3.880679297807189676e-01 6.227489552516516508e-02 -1.516599598659749804e+00 -1.248877896960313372e+00 5.174972905490513853e+01 -3.901293646759075973e+00
4.137933289140043325e-01 6.756793975433156296e-02 -1.819760774920438529e+00 -2.077366612680155988e+00 5.221818309234580369e+01 -3.167473232293376739e+00
4.373729178643241955e-01 7.129564766099109885e-02 -1.984710483637880385e+00 -1.865121544274522813e+00 5.218204892797337635e+01 -3.034961976039204146e+00
4.189716152135447014e-01 6.763034075027453407e-02 -3.261223571701386437e+00 -3.368652182322847022e+00 5.368027926317515863e+01 -1.666869385535934889e+00
4.233703512684273695e-01 7.335363823073441647e-02 -1.812180720079240803e+00 -1.850392220356092299e+00 5.206443377382895221e+01 -3.367462640336247315e+00
4.199554727189088732e-01 7.381491712050852749e-02 -1.858682182462238597e+00 -2.049945920322263859e+00 5.218741254774298710e+01 -3.273076068238350622e+00
2.881444327290145768e-01 4.925784345006214981e-02 -3.292518511870983655e+00 -2.536191478979078706e+00 5.362365991873841864e+01 -3.025481909519452728e+00
4.448991591292721370e-01 6.658541104483861606e-02 -2.206083895006059059e+00 -2.560601140988377544e+00 5.263565543102448174e+01 -2.449404443006792942e+00
3.438449042041188952e-01 5.724728293499284359e-02 -3.016231737424278858e+00 -2.474125586316197722e+00 5.330310450552839541e+01 -2.757816985419146327e+00
3.895853564689817361e-01 6.341602365047982470e-02 -1.799004797202993000e+00 -1.631508155787726233e+00 5.205995990024109688e+01 -3.532657166308449614e+00
3.111915742308420385e-01 4.867048271788450287e-02 -3.403110344561974365e+00 -2.976272600029630233e+00 5.386727917498706830e+01 -2.546126316867229455e+00
3.669332422920255077e-01 6.043483668428979022e-02 -2.298918030081232189e+00 -2.096442258302091854e+00 5.261562531055572833e+01 -3.212578666205707201e+00
3.576123182360071984e-01 5.865441372882359422e-02 -1.086713475566861709e+00 -3.568813068231757146e+00 5.254676980804416786e+01 -3.419340908392098921e+00
3.393808087388091033e-01 5.905583035611587650e-02 -2.008757128232425693e+00 -2.449719986779975045e+00 5.262945874620589137e+01 -3.580141173090689577e+00
3.642485360960766028e-01 6.146319168523727006e-02 -2.766893903808187449e+00 -3.873487677550385921e+00 5.368744223666210758e+01 -2.230587180526488300e+00
3.374194757151490753e-01 5.420228961333792284e-02 -3.885745425308019918e+00 -3.722836002287349011e+00 5.440789344354801216e+01 -1.717664130772318387e+00
2.793184228613792564e-01 4.566215897745011520e-02 -3.432481775744744112e+00 -2.850475199799800130e+00 5.389557530018586817e+01 -2.866906261224932528e+00
3.221766161397885408e-01 5.200823485519316669e-02 -3.173261286312934359e+00 -3.013852679084485064e+00 5.369981868568787320e+01 -2.576302744263530897e+00
3.908913448548805292e-01 6.591985165319304285e-02 -3.148985738888579355e+00 -3.278265003016439305e+00 5.359369967434213322e+01 -2.034819295218793123e+00
4.297222257140865809e-01 7.368750079400868125e-02 -2.460263413034747160e+00 -2.513205872001757601e+00 5.275124315525313534e+01 -2.583823314505222513e+00
4.678878445091619875e-01 7.644073339722723404e-02 -3.306361036244027218e+00 -3.799611806068550646e+00 5.377410590377717625e+01 -1.170360508575613245e+00
2.773554967263694992e-01 4.748405390404447646e-02 -3.939821098801076893e+00 -3.357032969791759580e+00 5.443112866059558286e+01 -2.442930324314608104e+00
3.604965468969429931e-01 6.364632452824529885e-02 -1.992665194402807316e+00 -1.691524777980203842e+00 5.225224230324211305e+01 -3.756630372888188241e+00
3.015908335333988277e-01 4.846204521234828699e-02 -3.256060232798752896e+00 -2.749678989513051786e+00 5.368215262622546646e+01 -2.811267365039019417e+00
3.592587561734513213e-01 5.983265674358081987e-02 -2.898443220479246740e+00 -2.634695487516030887e+00 5.324557816054277737e+01 -2.693525776382184489e+00
4.135619443472990375e-01 6.681572714012011527e-02 -1.679719943855040754e+00 -1.708636390615759115e+00 5.199083615466427943e+01 -3.417738222825833283e+00
3.284490642580524256e-01 5.258787122396921254e-02 -2.147543520511491444e+00 -1.694350879916005859e+00 5.247683530463609713e+01 -3.701369495649156516e+00
3.622119188939694756e-01 5.889496909594288399e-02 -1.689294992781992466e+00 -1.267995298385451886e+00 5.189963015197128016e+01 -3.969638999700457749e+00
3.404599179862046743e-01 5.702182987891132870e-02 -2.215501001137550219e+00 -1.688904680836412986e+00 5.244089782983365922e+01 -3.662724859084371509e+00
2.816484824401327969e-01 4.679960905368855950e-02 -3.027806555054986859e+00 -2.349032122227160180e+00 5.342322765022196052e+01 -3.302737630000608604e+00
4.436419470435994938e-01 7.447132339085382746e-02 -2.380890849018644673e+00 -2.843691034074561585e+00 5.281381847775102045e+01 -2.336985000468123186e+00
2.931354073242675162e-01 4.975286912547679380e-02 -3.212042527018656557e+00 -2.588232812179761311e+00 5.359748140798906491e+01 -3.027634230244610869e+00
3.938348670049909850e-01 6.398863497282429591e-02 -1.732305751598315791e+00 -1.521808085239065189e+00 5.198253639350822652e+01 -3.626757332022360725e+00
4.164039527806995267e-01 6.795339682136680715e-02 -1.789636569867821825e+00 -2.066313219123151690e+00 5.218833980435718445e+01 -3.170498868997816633e+00
4.231636576547448403e-01 6.916134733642728682e-02 -2.141424534681593439e+00 -1.957644592326142963e+00 5.235236549717532739e+01 -2.992856673751816743e+00
3.993600632025116060e-01 6.502326623737240963e-02 -2.641963294461765699e+00 -2.566376892560855438e+00 5.298273136882596646e+01 -2.555711019605600320e+00
4.251254712627100529e-01 7.308512088220546488e-02 -1.719321630892466146e+00 -1.735451602258253567e+00 5.195074758406461513e+01 -3.451462468203174261e+00
4.387867533074841231e-01 7.637488732424708993e-02 -1.636386532095621682e+00 -1.767129065554925882e+00 5.188580230241630886e+01 -3.367452848467702431e+00
2.881444327290145768e-01 4.925784345006214981e-02 -3.292518511870983655e+00 -2.536191478979078706e+00 5.362365991873841864e+01 -3.025481909519452728e+00
4.449775633566525612e-01 6.778552415910817086e-02 -2.145367055742901208e+00 -2.481454499298759941e+00 5.255626610489817097e+01 -2.540743658003790539e+00
2.960770287690311919e-01 4.838916911116933339e-02 -3.896913920858501523e+00 -3.286699825528707208e+00 5.432803081096857056e+01 -2.202861490516832887e+00
3.577686563021016952e-01 5.844804277190965985e-02 -2.352589037409435591e+00 -1.889732080563341521e+00 5.260509480977325580e+01 -3.318492111527052035e+00
3.413451652372601619e-01 5.599390122720649537e-02 -2.755046853523499983e+00 -2.357593351136138438e+00 5.309067628289923135e+01 -3.028022310232115100e+00
3.667160739515873402e-01 6.123937202467932134e-02 -1.341697548021609343e+00 -1.065516601153155385e+00 5.154868095841489151e+01 -4.255065703129699450e+00
3.814165716173568144e-01 6.315351403083321880e-02 -1.454518363607904652e+00 -3.456322663640876591e+00 5.266421915553633681e+01 -3.080456236095240552e+00
3.013494892009010440e-01 5.348141279935690606e-02 -2.421826899803719790e+00 -2.769149020257557492e+00 5.311397454423272535e+01 -3.478496682755817915e+00
3.623496392858260862e-01 6.115827072393368452e-02 -2.810843307393912305e+00 -3.881177957192841088e+00 5.372186964102974827e+01 -2.212335485526039314e+00
3.669032756858463529e-01 5.936740165181018242e-02 -3.988753063471216720e+00 -3.911698400465100978e+00 5.447616864749029730e+01 -1.362787346822272649e+00
2.717775785160042035e-01 4.433923960628065319e-02 -3.495101378736408471e+00 -2.903183510639022025e+00 5.397728855814528259e+01 -2.866740790002882289e+00
2.622293445627703057e-01 4.031426620706940467e-02 -3.581446560177333538e+00 -2.544518230037058792e+00 5.392085561717837550e+01 -2.938419663111730085e+00
3.849034921683066046e-01 6.537679436940016520e-02 -3.230524029496888438e+00 -3.232919574498943405e+00 5.363238012852618652e+01 -2.062131210944707416e+00
3.879890646303121859e-01 6.407188035526460712e-02 -3.463544360475616202e+00 -3.331464193866066736e+00 5.384590242152672346e+01 -1.847137881735152698e+00
4.678878445091619875e-01 7.644073339722723404e-02 -3.306361036244027218e+00 -3.799611806068550646e+00 5.377410590377717625e+01 -1.170360508575613245e+00
2.773554967263694992e-01 4.748405390404447646e-02 -3.939821098801076893e+00 -3.357032969791759580e+00 5.443112866059558286e+01 -2.442930324314608104e+00
3.776757669201039613e-01 6.626171758866335193e-02 -1.892843847902908383e+00 -1.182207396985693659e+00 5.193775101927703020e+01 -3.889081138507631596e+00
3.200943200556857215e-01 5.102084927186383012e-02 -3.107700229184630292e+00 -2.654406975903425003e+00 5.349897760104506972e+01 -2.776837988891898146e+00
4.111982472237422082e-01 7.116615701068491895e-02 -3.136494376218119662e+00 -3.351382827161645483e+00 5.354877997423690061e+01 -1.952176711259667075e+00
4.367279286899705126e-01 7.073049330823021064e-02 -1.325794515854651356e+00 -1.474226810436676249e+00 5.161704275402762221e+01 -3.576585576624042861e+00
3.390023493825586320e-01 5.551928835393581119e-02 -2.092940670415889493e+00 -1.584556887880301357e+00 5.236126570801713598e+01 -3.741611364008178064e+00
3.662414216808527745e-01 6.006155885938853356e-02 -1.493981175391846605e+00 -1.072518250521756311e+00 5.167817269554770832e+01 -4.148565072220113059e+00
3.414700624566266995e-01 5.733658318663135967e-02 -2.297491601125902339e+00 -1.783128467140584705e+00 5.252886259237872224e+01 -3.569761140026099788e+00
2.972717343785018507e-01 4.868013206925420749e-02 -2.242746233254817145e+00 -1.610847901476188726e+00 5.259881454617292462e+01 -3.988036162635136606e+00
4.206310541734158415e-01 7.039150870743313138e-02 -2.486400421209742362e+00 -2.756698649385920241e+00 5.289890277583865696e+01 -2.464137741282660166e+00
3.197842898118367638e-01 5.374235745756864024e-02 -2.639451718967398275e+00 -2.149831229207963101e+00 5.297433331474064744e+01 -3.361351637484924382e+00
3.951451623038126915e-01 6.396997610851977434e-02 -1.344260849468832841e+00 -1.116186454598805167e+00 5.156487606392330036e+01 -4.025646457919487275e+00
3.841173836822664445e-01 6.315546501414236180e-02 -1.911987554366105790e+00 -1.810175222605253875e+00 5.223154376403884669e+01 -3.445869277323189372e+00
3.992383545567631531e-01 6.673924499225097895e-02 -2.145619472482651169e+00 -1.828023308346423903e+00 5.234785275554847317e+01 -3.226870072130010314e+00
3.497279339726333536e-01 5.514412536833529499e-02 -3.313526125323391192e+00 -2.974257137743966606e+00 5.370209235166159800e+01 -2.274975001716412315e+00
4.590555641227939132e-01 7.803973087688602372e-02 -1.740877363241077225e+00 -1.951831346523264177e+00 5.196908601093743840e+01 -3.055383523329093798e+00
4.334874120875000791e-01 7.551990726540300236e-02 -1.662145555566528765e+00 -1.802796323134522538e+00 5.192883912210909614e+01 -3.376628120290326329e+00
2.967960114077939915e-01 4.982431540097657235e-02 -3.383633506208133745e+00 -2.704321996622066848e+00 5.373797080470395571e+01 -2.808495954351630797e+00
4.463829553728836941e-01 6.757483846847482656e-02 -2.119136427593425687e+00 -2.456989104255716150e+00 5.252907781505486184e+01 -2.552088172045753556e+00
3.046072673599057867e-01 5.015209293358784126e-02 -3.470839137973870336e+00 -2.861872298275093041e+00 5.384815484004433017e+01 -2.600992241488992995e+00
3.300431785635986048e-01 5.395697312505412513e-02 -2.177131131319339552e+00 -1.621044550820679886e+00 5.244759757025192215e+01 -3.749672807738672731e+00
3.351161988875511755e-01 5.373182932112274823e-02 -2.581337192326056851e+00 -2.114607495015755401e+00 5.290352253706367947e+01 -3.259435698359117062e+00
3.667160739515873402e-01 6.123937202467932134e-02 -1.341697548021609343e+00 -1.065516601153155385e+00 5.154868095841489151e+01 -4.255065703129699450e+00
3.711505336599569826e-01 6.156105822211070666e-02 -1.671274461695794855e+00 -3.432376183764626276e+00 5.281432463266840216e+01 -3.039499304167353699e+00
2.929189717027804729e-01 5.284101031524401915e-02 -2.345420250444486321e+00 -2.748893311918166660e+00 5.307041849437519687e+01 -3.620008117288522786e+00
3.627379732422797431e-01 6.100554547071295602e-02 -2.911295411106197051e+00 -3.883780739551262240e+00 5.378619623450273224e+01 -2.139886049312991645e+00
3.669032756858463529e-01 5.936740165181018242e-02 -3.988753063471216720e+00 -3.911698400465100978e+00 5.447616864749029730e+01 -1.362787346822272649e+00
2.768669975841335229e-01 4.661722199732400845e-02 -3.448597672627804922e+00 -3.114352461451886711e+00 5.401476867126098114e+01 -2.825891483660209147e+00
2.822094935048192754e-01 4.506705702449369244e-02 -3.104337057494245489e+00 -2.249468010888468150e+00 5.342955601618706396e+01 -3.253004231074231090e+00
3.658456076549073677e-01 6.254671598319370973e-02 -3.451108076890490040e+00 -3.295572502336902243e+00 5.383164210553606921e+01 -2.035446925862793410e+00
4.422764907645199139e-01 7.432746714014670797e-02 -3.412648835629266131e+00 -3.671169712135635255e+00 5.381354694180494391e+01 -1.376057959910661266e+00
4.557762342023701785e-01 7.432906219896767697e-02 -3.281966215127267272e+00 -3.701444445114653981e+00 5.374555057705648409e+01 -1.312456768883243585e+00
2.802803918592656762e-01 4.797066817599106997e-02 -3.920530924797737349e+00 -3.353657558987239717e+00 5.440940574810188224e+01 -2.432574041347826732e+00
4.013105693201965973e-01 6.864144289861751069e-02 -2.226559690784030376e+00 -1.840564925447582434e+00 5.238762432315533601e+01 -3.207220534462943640e+00
3.424480057975519132e-01 5.602190336156719769e-02 -2.963956258865954041e+00 -2.523963864042002125e+00 5.329533187943746952e+01 -2.799095167742998047e+00
4.059729991489197110e-01 6.914286132549983532e-02 -2.758389979312810159e+00 -3.121552968695865182e+00 5.323210249626443158e+01 -2.288227167476472701e+00
4.213904913825797238e-01 6.671481819137189961e-02 -1.428158769956477059e+00 -1.503708978434223908e+00 5.175811966899571814e+01 -3.580677030866305621e+00
3.148542477072548418e-01 5.074795324810218999e-02 -2.071369102635769455e+00 -1.334922829507354525e+00 5.231023413754588347e+01 -4.003273712063792900e+00
3.662414216808527745e-01 6.006155885938853356e-02 -1.493981175391846605e+00 -1.072518250521756311e+00 5.167817269554770832e+01 -4.148565072220113059e+00
3.217846011814009533e-01 5.497194446784445243e-02 -2.024656557230812393e+00 -1.422225049587479306e+00 5.221296150090192612e+01 -4.054721110627500735e+00
2.722280739436735431e-01 4.407370535380238097e-02 -2.167315528263686009e+00 -1.387469272103911244e+00 5.252707297265713748e+01 -4.302103603879032789e+00
4.518125637627650182e-01 7.706995594450322118e-02 -2.436951578576088462e+00 -2.984377919908189014e+00 5.288206258321505260e+01 -2.193269961138184065e+00
3.051833049370172302e-01 5.192064007512739443e-02 -3.042089662318982590e+00 -2.534153608773536792e+00 5.341599775165143171e+01 -3.082229831102827777e+00
3.761897019158293443e-01 5.793583683129348294e-02 -1.346582273832511722e+00 -1.111434243396159260e+00 5.165497465522995668e+01 -4.111008565100521039e+00
3.925466272904705733e-01 6.458935255425614363e-02 -1.870656206149618361e+00 -1.839657459149589336e+00 5.219786467137251407e+01 -3.398511503662259514e+00
3.983829354898741903e-01 6.616050711284195140e-02 -1.978146897734227583e+00 -1.679259512370055996e+00 5.218422174347885090e+01 -3.393802995960415458e+00
3.497279339726333536e-01 5.514412536833529499e-02 -3.313526125323391192e+00 -2.974257137743966606e+00 5.370209235166159800e+01 -2.274975001716412315e+00
4.201350868586840592e-01 7.105543662547034178e-02 -1.551989988410709342e+00 -1.555364774933363003e+00 5.177006295528094881e+01 -3.585987842206475484e+00
3.404153986917764496e-01 5.844948960495782025e-02 -1.847062447614027159e+00 -1.404990975590277635e+00 5.209702370976391705e+01 -4.031944477917828173e+00
3.187602100619277290e-01 5.284478625053756762e-02 -3.475849829450243789e+00 -2.971972135237478163e+00 5.386006775993745777e+01 -2.464000774158105145e+00
4.552638328163953751e-01 6.954182069620559736e-02 -1.965979543349871239e+00 -2.303796074175431308e+00 5.233130078448521516e+01 -2.647034065048496032e+00
2.988043380250917647e-01 5.044166672795558082e-02 -3.379381170516290389e+00 -2.621152057935046020e+00 5.370112079227210700e+01 -2.830538068518122508e+00
3.300431785635986048e-01 5.395697312505412513e-02 -2.177131131319339552e+00 -1.621044550820679886e+00 5.244759757025192215e+01 -3.749672807738672731e+00
3.723213883095738419e-01 6.119449617752023562e-02 -2.163751936739840787e+00 -1.910419704739040769e+00 5.244449476431243795e+01 -3.367775757470439224e+00
3.920387648213429777e-01 6.427601884917112651e-02 -1.127147692132969947e+00 -1.025295183301684121e+00 5.137000585834545774e+01 -4.179854533318112964e+00
3.758729817303761989e-01 6.239316226529691839e-02 -1.645351284331141528e+00 -3.534644744458484755e+00 5.282867440520318070e+01 -2.978606799300972163e+00
2.883587981795593391e-01 4.845897094655014087e-02 -2.403230487791811587e+00 -2.102997562794995723e+00 5.289829829743334244e+01 -3.780018522622333066e+00
3.616292862558374566e-01 6.084520755680133952e-02 -2.940319698072956012e+00 -3.952349306939113127e+00 5.383602342350278747e+01 -2.100884706257248435e+00
3.669032756858463529e-01 5.936740165181018242e-02 -3.988753063471216720e+00 -3.911698400465100978e+00 5.447616864749029730e+01 -1.362787346822272649e+00
2.687724248282582495e-01 4.531538006627554294e-02 -3.546549192292181019e+00 -3.209948681075335486e+00 5.413670736955313600e+01 -2.788061046481021599e+00
2.912964222448948259e-01 4.622812953457668128e-02 -3.922334907959404759e+00 -3.167170224763101061e+00 5.432879232860167207e+01 -2.308245267888880292e+00
3.613186298365909654e-01 6.144047081709295977e-02 -3.554000454781681473e+00 -3.338330182597483820e+00 5.393372490711526979e+01 -1.980192792040532446e+00
4.496146395955319397e-01 7.518364954321539451e-02 -3.569307683100788164e+00 -3.936435644422274560e+00 5.401022637179095653e+01 -1.107050170485441187e+00
4.557762342023701785e-01 7.432906219896767697e-02 -3.281966215127267272e+00 -3.701444445114653981e+00 5.374555057705648409e+01 -1.312456768883243585e+00
2.888654817953179577e-01 4.828141864705885744e-02 -3.401306882544146148e+00 -2.906503281849555975e+00 5.387020997943835710e+01 -2.824530392079312335e+00
4.372630748650573884e-01 7.453394284709469186e-02 -2.643327721095984462e+00 -2.619791957153254192e+00 5.289534942823929242e+01 -2.369605664845517712e+00
3.233780506817074407e-01 5.341011217844068848e-02 -1.907863986892861075e+00 -1.662886758687355471e+00 5.231109355270171335e+01 -3.983595397331513244e+00
4.138402004087027852e-01 6.955208378665653224e-02 -2.388537410882070500e+00 -2.719408445795292284e+00 5.282783365817200405e+01 -2.615314311718622609e+00
4.401549841943949160e-01 7.253783218204667982e-02 -2.215151276823339010e+00 -2.546611667361394549e+00 5.261556117156477796e+01 -2.561281265065109114e+00
3.863941297499845495e-01 6.237687125093608481e-02 -2.187510804316322055e+00 -2.043434415216156097e+00 5.250596438546075717e+01 -3.156091522643648783e+00
3.783990290032849813e-01 6.199845420058333612e-02 -1.391275728604538298e+00 -1.061015204890417785e+00 5.157634609812478033e+01 -4.122813944347513804e+00
3.210049605974000797e-01 5.437656119003361072e-02 -2.635869938422124470e+00 -2.084868873570957071e+00 5.290348898835141966e+01 -3.384759357947710434e+00
3.170718853688123673e-01 5.164464654649209008e-02 -1.839536782986524344e+00 -1.249583683518295185e+00 5.212551101388599051e+01 -4.226376380006980682e+00
4.688286986376368759e-01 8.286194862840488840e-02 -3.001204870651371870e+00 -3.812568126620243358e+00 5.351072337860745876e+01 -1.417244398848706677e+00
2.874344287060424663e-01 4.967114786982538416e-02 -3.342329668764852713e+00 -2.788458487707831779e+00 5.375066963503910955e+01 -2.935824213154316631e+00
3.714741114643924091e-01 5.834404713068985088e-02 -2.360321689430003644e+00 -2.175251076567620956e+00 5.273535998950607251e+01 -3.070264165128947731e+00
3.566904773573912335e-01 5.854759106552642062e-02 -1.823572726171291070e+00 -1.625547392233685606e+00 5.217107369915073889e+01 -3.744507038123034981e+00
4.237578686502122549e-01 7.019262863596571755e-02 -1.436622689510878681e+00 -1.228326640327078723e+00 5.159954443922806888e+01 -3.742738031204002169e+00
3.666323815269242337e-01 5.787329478686960293e-02 -3.482583924645392681e+00 -3.513263958544940113e+00 5.399590225697719603e+01 -1.807160699652906377e+00
4.300077132495282450e-01 7.090154577343457665e-02 -1.919847162066848245e+00 -2.063351180767944992e+00 5.222585481853554512e+01 -3.037029066700235536e+00
3.665975734241932460e-01 6.244877371839559210e-02 -2.081710727726681309e+00 -1.808087847558045524e+00 5.233895266951248715e+01 -3.503327460898046475e+00
3.195645821533118491e-01 5.327659633837274894e-02 -3.765080753088028587e+00 -3.309096934244750710e+00 5.417923184779640167e+01 -2.147011494731760894e+00
4.520580818479607577e-01 7.132092698799644137e-02 -2.134023761564998178e+00 -2.357280633061003883e+00 5.245736019045539678e+01 -2.587598827163710702e+00
3.826702995419614117e-01 6.644003368256387598e-02 -3.196707634773896523e+00 -3.207904435666287135e+00 5.360915018575135349e+01 -2.131468121414355377e+00
3.530108608769010337e-01 5.788320928565046652e-02 -2.181030486931990975e+00 -1.713834883607848303e+00 5.241602509786491026e+01 -3.530213635101220326e+00
3.306777616581206281e-01 5.491904329710752680e-02 -2.143606785816170923e+00 -1.597604356435684991e+00 5.239860029945774755e+01 -3.798182379725607571e+00
3.926853737090931218e-01 6.437415482109618003e-02 -1.103612263381513525e+00 -1.004919285904078752e+00 5.134494216772340280e+01 -4.197991397064087415e+00
3.766306050678696060e-01 6.253419294136555728e-02 -1.625555469429330380e+00 -3.539002106442733719e+00 5.281611035349754957e+01 -2.983717880852319038e+00
2.883587981795593391e-01 4.845897094655014087e-02 -2.403230487791811587e+00 -2.102997562794995723e+00 5.289829829743334244e+01 -3.780018522622333066e+00
3.581304738311762992e-01 5.968289705976288079e-02 -2.671748898891963542e+00 -3.022875599739977215e+00 5.327750948010265120e+01 -2.676891897097401163e+00
3.680149168841128637e-01 5.911851871196596026e-02 -3.592713588058295215e+00 -3.489389116695967630e+00 5.405279867397313609e+01 -1.778050915297824552e+00
2.687724248282582495e-01 4.531538006627554294e-02 -3.546549192292181019e+00 -3.209948681075335486e+00 5.413670736955313600e+01 -2.788061046481021599e+00
2.939142576517061456e-01 4.713664402659045044e-02 -3.786837232767908734e+00 -3.063270895601748922e+00 5.418783745640843819e+01 -2.425696531256261945e+00
3.487464658771023407e-01 5.956561455430340463e-02 -3.318063393804608907e+00 -3.008129183366823778e+00 5.367894950839499302e+01 -2.353546039883507301e+00
4.496146395955319397e-01 7.518364954321539451e-02 -3.569307683100788164e+00 -3.936435644422274560e+00 5.401022637179095653e+01 -1.107050170485441187e+00
4.557762342023701785e-01 7.432906219896767697e-02 -3.281966215127267272e+00 -3.701444445114653981e+00 5.374555057705648409e+01 -1.312456768883243585e+00
2.676582952033726981e-01 4.417615895400819892e-02 -3.447562229852153770e+00 -2.838363172827834457e+00 5.392922980261341337e+01 -2.981216383768209077e+00
4.253855727506902773e-01 7.278354045855436882e-02 -2.629137658059933713e+00 -2.558554086438400432e+00 5.288253817659362710e+01 -2.484351588694113211e+00
3.001778563779966547e-01 5.094598088052501583e-02 -1.743552677338933599e+00 -1.405623666676585337e+00 5.213321896936955824e+01 -4.385389445719776624e+00
4.330657208100541222e-01 7.461443178119410435e-02 -2.632805656520696758e+00 -3.339305358890629183e+00 5.317772807263114743e+01 -2.110834396661260826e+00
4.046433806689096468e-01 6.745155992335802320e-02 -2.302846864854058317e+00 -2.342619807476681082e+00 5.264781323174683081e+01 -2.854888533513190385e+00
2.950591174898469227e-01 4.804229294724041838e-02 -3.312197084028015048e+00 -3.014798615820173389e+00 5.381303736624558809e+01 -2.716862540551604255e+00
3.811714467171233856e-01 6.244681067966596777e-02 -1.491581724435038669e+00 -1.192046992275483497e+00 5.169042458720829103e+01 -3.986964254124451656e+00
3.172733940915560824e-01 5.417812672595832824e-02 -2.419774414212814140e+00 -1.804956669627213683e+00 5.265621519397246431e+01 -3.674602284574983724e+00
2.833362382852311345e-01 4.596662572176186956e-02 -2.164018502134202215e+00 -1.354847489692194706e+00 5.246968413850690638e+01 -4.243094253113850911e+00
4.547257604267626041e-01 7.914114932471276453e-02 -2.841311964253375066e+00 -3.279657744788697649e+00 5.323578565327846235e+01 -1.842741838264124743e+00
3.498828200682781997e-01 5.908441924063919520e-02 -2.780107019477467745e+00 -2.368020659485343238e+00 5.306669686735902758e+01 -2.974080464904648391e+00
3.623430188244870509e-01 5.609699185005587174e-02 -2.321042239515947792e+00 -2.113551609772077899e+00 5.271315446579865949e+01 -3.167511140067003961e+00
3.318197712776352892e-01 5.650183596474866315e-02 -2.070954148710022480e+00 -1.598744510476098002e+00 5.234562279899526516e+01 -3.838389129471846406e+00
3.943154846596264584e-01 6.536782479799474466e-02 -1.575475819649857945e+00 -1.338156209874266755e+00 5.180570372229230003e+01 -3.833230506754088829e+00
3.595063600930047398e-01 5.615290229900204988e-02 -3.534457490988225814e+00 -3.532160757681416463e+00 5.405738936620016943e+01 -1.804282481567128560e+00
4.257040049729290399e-01 7.045738694249975564e-02 -1.736329149857142262e+00 -1.892484855616808792e+00 5.204359455771992060e+01 -3.257849438908850814e+00
3.539856695962788069e-01 6.226124714977405300e-02 -2.543836126073381720e+00 -2.190431395630028977e+00 5.280552517184063532e+01 -3.174130278797906435e+00
3.609252872803106471e-01 6.113498538416749228e-02 -3.461044372474303188e+00 -3.469650368400597262e+00 5.391876663293571426e+01 -1.943382208548958268e+00
4.612765380229080225e-01 7.136732582792254531e-02 -2.352662888005539799e+00 -2.567657917966604586e+00 5.267713945532927511e+01 -2.279043160027592663e+00
3.576831928488131696e-01 6.162504558500962043e-02 -2.929351507958226186e+00 -2.561178357493200775e+00 5.322609081632904093e+01 -2.718706523822333132e+00
3.602413238817077645e-01 5.769279721408432371e-02 -1.936671607484748758e+00 -1.501926089277239029e+00 5.216060267102177050e+01 -3.703829281018331976e+00
2.835133476334630309e-01 4.873325337774878085e-02 -2.853574670811038771e+00 -2.014282452142317492e+00 5.312968774220627211e+01 -3.573641390270229312e+00
3.926853737090931218e-01 6.437415482109618003e-02 -1.103612263381513525e+00 -1.004919285904078752e+00 5.134494216772340280e+01 -4.197991397064087415e+00
3.862558988299718554e-01 6.471142551129178966e-02 -1.651230121740736800e+00 -3.349862856698678559e+00 5.272170324523440144e+01 -2.999065393239980892e+00
2.625421880074546577e-01 4.433522353300527880e-02 -2.501203674453372994e+00 -2.182249254667231408e+00 5.305923771601247552e+01 -3.897626357303362266e+00
4.026160596208947506e-01 6.745119800686541489e-02 -1.412448844023627359e+00 -2.605963890672466476e+00 5.219622506651065663e+01 -3.342108923894870909e+00
3.559508001117449028e-01 5.624595827379368085e-02 -3.967810229070024342e+00 -3.735562846550683158e+00 5.443245658344429927e+01 -1.498663233086284574e+00
2.686011624460054037e-01 4.530772177796252992e-02 -3.562806987699520533e+00 -3.231763643914223660e+00 5.415631063971745363e+01 -2.770950661624669298e+00
2.664159215861753305e-01 4.270991474369661978e-02 -3.958675443709348762e+00 -2.797374382988184749e+00 5.427943392980014892e+01 -2.674049371961008781e+00
3.184400534484208567e-01 5.455320662283065503e-02 -3.670771332011426580e+00 -3.056987823230678636e+00 5.399167343936213115e+01 -2.315157714703571568e+00
4.589868483175356673e-01 7.707859636867209208e-02 -3.529432646398710016e+00 -3.956535416101517821e+00 5.396797709294267520e+01 -1.067864510563892422e+00
4.324503198464555442e-01 7.073965013630081899e-02 -3.346849929016780578e+00 -3.615622042921736057e+00 5.380042999487110222e+01 -1.474276864040358737e+00
2.660983482928538923e-01 4.400026749500343670e-02 -3.427404865837936132e+00 -2.825000718186021942e+00 5.391386513215550025e+01 -3.014221514673736557e+00
4.061019792301253650e-01 6.810559286145964619e-02 -2.376804028647655720e+00 -2.308245810586482705e+00 5.266753485279056690e+01 -2.828858340077982980e+00
3.980131781247986389e-01 6.732910955754244087e-02 -1.681702988464043758e+00 -1.612823028896461341e+00 5.192219964598960047e+01 -3.591555109067596341e+00
4.349915502353103314e-01 7.505770457541134644e-02 -2.678799079622733004e+00 -3.418865592459369829e+00 5.323500652030424618e+01 -2.039941050759931596e+00
4.042970294279830679e-01 6.729625665778402044e-02 -2.285285380744288997e+00 -2.350782078299575417e+00 5.264313023801352642e+01 -2.861069528090840475e+00
2.862871290682584835e-01 4.638394063326094219e-02 -3.578291467393971637e+00 -2.920597385621143793e+00 5.399763543122290343e+01 -2.682016161401153731e+00
3.709929301816912162e-01 6.101755829863279162e-02 -1.633506156845114798e+00 -1.277707289142842262e+00 5.184039717492042598e+01 -3.943922119773515700e+00
3.027555340473699341e-01 5.060082229986141711e-02 -2.613155067984184399e+00 -1.944468364902788293e+00 5.290524542689112764e+01 -3.588988365878511111e+00
2.837527270477223085e-01 4.594658423842390427e-02 -2.057142110305187455e+00 -1.192338457126113527e+00 5.233379212026360250e+01 -4.370112138419266046e+00
4.333977364690302925e-01 7.736736759526949281e-02 -2.950942589492455248e+00 -3.253039527566812694e+00 5.333227303425667287e+01 -1.961625030692940586e+00
3.507904772959991035e-01 5.948217822582522324e-02 -2.840299945581611585e+00 -2.448256528523336861e+00 5.313547440271433686e+01 -2.895396173931884309e+00
3.744117961301626218e-01 6.032853688105422468e-02 -2.115164135000408674e+00 -2.005749214397390734e+00 5.248116297815853670e+01 -3.280415674082161726e+00
3.313614155382092474e-01 5.590524823778550423e-02 -2.235764893667559150e+00 -1.817171836358917991e+00 5.254810981500394718e+01 -3.639681304617643498e+00
3.981351887435141124e-01 6.647539775326435918e-02 -1.486404081690814838e+00 -1.245520846968906747e+00 5.169729189917015333e+01 -3.912763033171335891e+00
3.595063600930047398e-01 5.615290229900204988e-02 -3.534457490988225814e+00 -3.532160757681416463e+00 5.405738936620016943e+01 -1.804282481567128560e+00
4.470760341416089578e-01 7.380372559808569266e-02 -1.600928779400264901e+00 -1.826006835606939660e+00 5.189096353975966736e+01 -3.233878468353783564e+00
3.950522451276181624e-01 6.547531917680927960e-02 -2.438945657017294710e+00 -2.297009061101599414e+00 5.272246310294750771e+01 -2.862492560693498778e+00
3.616783630863620869e-01 6.143536808042640573e-02 -2.239710056806956562e+00 -2.020817146298071521e+00 5.252487232521767879e+01 -3.325138762187163977e+00
4.488557759777301315e-01 6.968624792418205705e-02 -2.301523008190996755e+00 -2.436642196758517009e+00 5.261363901600226711e+01 -2.454199213533510893e+00
3.312587483790628839e-01 5.560023230652370863e-02 -2.710113621035874054e+00 -2.176070916898523055e+00 5.301373326694707799e+01 -3.199722182094313805e+00
3.699232335994898646e-01 5.994250672169972038e-02 -2.029221732147939772e+00 -1.746203295214483697e+00 5.229582818232582042e+01 -3.492042664145840192e+00
3.100979352283338986e-01 5.365870087727367399e-02 -2.855408560642883398e+00 -2.270616396026160722e+00 5.317134659856058221e+01 -3.283065324497547621e+00
3.830236817137934180e-01 6.309613519291906725e-02 -1.437681806579119037e+00 -1.271959068226856004e+00 5.168936660082059120e+01 -3.952974484840203750e+00
3.866973400168734476e-01 6.481826089595313367e-02 -1.651742740765280715e+00 -3.409794501339097117e+00 5.274719270319425846e+01 -2.971737899852257669e+00
2.922734713260192185e-01 4.938160091164652682e-02 -2.321351094548242067e+00 -2.057279529172885812e+00 5.280969646017192787e+01 -3.830454108919542300e+00
4.358755922557330242e-01 7.266796878210339539e-02 -1.056213358718391282e+00 -3.125949618884493741e+00 5.212218392602061812e+01 -3.109748026148451139e+00
3.559508001117449028e-01 5.624595827379368085e-02 -3.967810229070024342e+00 -3.735562846550683158e+00 5.443245658344429927e+01 -1.498663233086284574e+00
2.686011624460054037e-01 4.530772177796252992e-02 -3.562806987699520533e+00 -3.231763643914223660e+00 5.415631063971745363e+01 -2.770950661624669298e+00
2.644607140429482417e-01 4.233959778792607126e-02 -3.987861765852361629e+00 -2.805680685872714797e+00 5.430818973649272152e+01 -2.668100451191464995e+00
3.567004145395654691e-01 6.214622715230856687e-02 -3.432434722745421496e+00 -3.122507081201916446e+00 5.377303383502218281e+01 -2.196369045788626906e+00
4.512001983575678055e-01 7.544067663387814260e-02 -3.529825956751524885e+00 -3.923318279998003977e+00 5.397497567212545277e+01 -1.125506255862624982e+00
4.229825909540543827e-01 6.761606307181368403e-02 -3.399571854223386147e+00 -3.517974077906330876e+00 5.383894434413914354e+01 -1.519792344902737735e+00
2.807869062145524897e-01 4.678812845881914068e-02 -3.252785216810249125e+00 -2.744569200539288989e+00 5.372208760480084777e+01 -3.047307768367900405e+00
4.256013382915860288e-01 7.315734900068876501e-02 -2.793170842112847829e+00 -2.610863869902288137e+00 5.298776983984364364e+01 -2.364334198343850169e+00
4.006068060399141650e-01 6.778244251856710423e-02 -1.754783555234977310e+00 -1.749724699360426072e+00 5.202231672312036181e+01 -3.477301056279402225e+00
4.155208578046035717e-01 7.036459305821636534e-02 -2.166835950924549170e+00 -2.548163336026390446e+00 5.259800105575261853e+01 -2.820601448702473757e+00
4.060474132155679206e-01 6.752943667524007043e-02 -2.512222256537343323e+00 -2.664751789532704862e+00 5.291181295455317013e+01 -2.562316711348739062e+00
2.650816079385754365e-01 4.275089203011343819e-02 -3.886919171049600052e+00 -3.283724288441877803e+00 5.440014324382255495e+01 -2.517738456220838916e+00
3.709929301816912162e-01 6.101755829863279162e-02 -1.633506156845114798e+00 -1.277707289142842262e+00 5.184039717492042598e+01 -3.943922119773515700e+00
2.879734996933528413e-01 4.831248141141130520e-02 -2.600915362890174443e+00 -1.923030957595380119e+00 5.292485091970772970e+01 -3.723027926438832846e+00
2.895905791259626993e-01 4.766555383638757665e-02 -2.182679459451228432e+00 -1.464519123623432506e+00 5.251510635471171895e+01 -4.158244680461291587e+00
4.347555995908726767e-01 7.778678720975118477e-02 -3.007337914235907128e+00 -3.330343516036742280e+00 5.339523163286739305e+01 -1.886492106100723376e+00
3.417233083708762775e-01 5.850795772956923768e-02 -2.910385875343221684e+00 -2.465304249505278378e+00 5.320443971234112723e+01 -2.918244803312674218e+00
3.866046669627286603e-01 6.210950831996232824e-02 -2.016242363599900500e+00 -2.023698366995018816e+00 5.239861714094422496e+01 -3.241603614993340265e+00
3.396373800310489299e-01 5.648026320323262101e-02 -2.001624024689675707e+00 -1.671457927684699696e+00 5.232972360211994811e+01 -3.763801014089518393e+00
3.981351887435141124e-01 6.647539775326435918e-02 -1.486404081690814838e+00 -1.245520846968906747e+00 5.169729189917015333e+01 -3.912763033171335891e+00
3.621277847241117231e-01 5.814009855547316169e-02 -3.558531431416061430e+00 -3.494163690133914368e+00 5.403601735749051471e+01 -1.814219776710585208e+00
4.501669328371093459e-01 7.454182098347325591e-02 -1.421922971981309125e+00 -1.651621163290758920e+00 5.169506909813444651e+01 -3.405102250668104347e+00
4.342673057692403304e-01 7.048943603242593947e-02 -2.097505958710643270e+00 -2.179262231178584752e+00 5.237478813151682289e+01 -2.814551139966493309e+00
3.109693822627633830e-01 5.214660510820701839e-02 -2.958479705672905080e+00 -2.281282140570293215e+00 5.325492780856262698e+01 -3.161727028995259925e+00
4.370493065723268789e-01 6.988942767800869482e-02 -1.987953718159903849e+00 -2.069489837288832401e+00 5.226053625878643771e+01 -2.917420672166928242e+00
3.044262313939211095e-01 5.010598194360733892e-02 -2.682962820908158630e+00 -1.902723307018232335e+00 5.295496583504106525e+01 -3.503192074423631119e+00
3.740008316704186986e-01 6.098757298982380309e-02 -1.949435834755405939e+00 -1.682198129697582090e+00 5.220003127971984469e+01 -3.550842769356544526e+00
3.115887564423032163e-01 5.401943620695724702e-02 -2.867210171144900954e+00 -2.295121756699963544e+00 5.318530640312021518e+01 -3.256554512171742743e+00
3.813398750990588670e-01 6.261910399826436935e-02 -1.387099447694797316e+00 -1.205739336701050934e+00 5.163445069751578131e+01 -4.019537468491874321e+00
3.860296726200251882e-01 6.498798039632774914e-02 -1.391610807365727842e+00 -3.835232618363638046e+00 5.276808992269415910e+01 -2.977506160468325724e+00
2.963889579059845181e-01 5.008063244144615039e-02 -2.299827700010026899e+00 -2.045595796016886680e+00 5.277978460755767998e+01 -3.817038140024532566e+00
4.303060965848789499e-01 7.297598791247197902e-02 -1.566355783527383361e+00 -2.908405185870428067e+00 5.235573601356371398e+01 -2.940884832058245912e+00
3.559508001117449028e-01 5.624595827379368085e-02 -3.967810229070024342e+00 -3.735562846550683158e+00 5.443245658344429927e+01 -1.498663233086284574e+00
2.686011624460054037e-01 4.530772177796252992e-02 -3.562806987699520533e+00 -3.231763643914223660e+00 5.415631063971745363e+01 -2.770950661624669298e+00
2.741307462736397027e-01 4.455721624612481863e-02 -3.509378765736091754e+00 -2.573742145514906543e+00 5.386751691810688669e+01 -2.992753844729793222e+00
3.646859252018230801e-01 6.341460643615438875e-02 -3.858865487526654370e+00 -3.472436559883067986e+00 5.416425631159996357e+01 -1.699047965711697250e+00
4.554897870481072752e-01 7.631385620570516060e-02 -3.507489944884431221e+00 -3.928846954767024613e+00 5.395141998942809636e+01 -1.111789888240792390e+00
4.309162321251533978e-01 6.868289260379520367e-02 -3.527043325477410285e+00 -3.688688134538373298e+00 5.397675549044441823e+01 -1.311630140062637562e+00
3.122080685919742526e-01 5.164036129107833772e-02 -3.016271516915425277e+00 -2.628837145313294155e+00 5.344626270700346993e+01 -2.999656838108132106e+00
3.980765348571067008e-01 6.746670972562171520e-02 -3.018746178545359982e+00 -2.820450010613681613e+00 5.331407153675972665e+01 -2.304205396915907755e+00
3.827622820786460434e-01 6.422917967834280983e-02 -1.544873004417013584e+00 -1.391916888976793665e+00 5.180229094503766873e+01 -3.884358993983004105e+00
4.103481960263142270e-01 7.038747894544075678e-02 -2.369691358694175243e+00 -2.931791073595608310e+00 5.288046414236829662e+01 -2.578114062558125141e+00
3.958860324892484739e-01 6.573513203527310556e-02 -2.589236409947237583e+00 -2.688277202585343861e+00 5.299641287886205987e+01 -2.580683335122003985e+00
2.790095294207804999e-01 4.509698674703680604e-02 -3.475055491010967224e+00 -2.958867202595080403e+00 5.396948372222389168e+01 -2.791936787542435461e+00
3.563342574663888040e-01 5.910715180804092250e-02 -2.053741386246580536e+00 -1.613460319527774356e+00 5.228243412264070855e+01 -3.660492089014570460e+00
2.904171698870392504e-01 4.870766297992472349e-02 -2.583152198818707390e+00 -1.918941790655872115e+00 5.290632254205478091e+01 -3.718237932894520092e+00
3.333788594729373278e-01 5.584672329587701128e-02 -2.329478364149014880e+00 -2.039255916632097598e+00 5.271295090047229337e+01 -3.508993773974858676e+00
4.347555995908726767e-01 7.778678720975118477e-02 -3.007337914235907128e+00 -3.330343516036742280e+00 5.339523163286739305e+01 -1.886492106100723376e+00
3.364521496568195214e-01 5.693218358220999281e-02 -2.772006084200469012e+00 -2.377250369637077476e+00 5.310505390305761608e+01 -3.063006038622571925e+00
3.873871503035246078e-01 6.238204333816173286e-02 -2.474483061319854738e+00 -2.466835913936466618e+00 5.286951504169130089e+01 -2.764458588347639356e+00
3.439948696296822872e-01 5.722625266894200424e-02 -2.058263288845998851e+00 -1.756363795925589333e+00 5.239071953066199683e+01 -3.664052453020397504e+00
4.023918949348492813e-01 6.671599180597244383e-02 -2.088552424353411929e+00 -1.973371345226740292e+00 5.237287400587477748e+01 -3.181227836705657008e+00
3.531270982940374892e-01 5.719090511882449906e-02 -3.419963084682104970e+00 -3.267177215995014539e+00 5.387026653136022958e+01 -2.082032099066532638e+00
4.458754764996488706e-01 7.471761015947296636e-02 -1.308429328111269996e+00 -1.525469200654263613e+00 5.158071886222748503e+01 -3.576965503751460052e+00
4.297352870774830969e-01 6.971361402161224685e-02 -2.189291912588715139e+00 -2.261868241080930986e+00 5.247915147901807131e+01 -2.751707356551425843e+00
3.352437984869054977e-01 5.802714340137909294e-02 -2.120507480956713486e+00 -1.322709304172398515e+00 5.222422798013852230e+01 -3.929174570600854288e+00
4.370493065723268789e-01 6.988942767800869482e-02 -1.987953718159903849e+00 -2.069489837288832401e+00 5.226053625878643771e+01 -2.917420672166928242e+00
2.849952895429417321e-01 4.723715577052736703e-02 -3.034381314515012473e+00 -2.068989233068468270e+00 5.329090876189778925e+01 -3.379183981712412521e+00
3.747191982933667509e-01 6.353595633274877752e-02 -2.414176617138536596e+00 -2.258515595016350019e+00 5.272428254074040410e+01 -3.052752730582528606e+00
3.043413981171636529e-01 5.513161245854455994e-02 -2.502353058455211610e+00 -2.218955571614898759e+00 5.289707983242677614e+01 -3.646812732934529677e+00
3.781487354909475740e-01 6.257945726880723147e-02 -1.577108481324261735e+00 -1.394575481500169190e+00 5.183540565446644877e+01 -3.857640498075642910e+00
3.853338373157651486e-01 6.405502852738786945e-02 -1.196974309342139220e+00 -3.442918571949762807e+00 5.247361119840066124e+01 -3.249366357585363740e+00
2.727459796784010848e-01 4.483882259229378386e-02 -2.537474522682011457e+00 -2.003493064796571410e+00 5.299877127804402477e+01 -3.859640989017216750e+00
4.399474477259288085e-01 7.576673983859763539e-02 -1.346094551473447476e+00 -3.483164918244571862e+00 5.241929076670977139e+01 -2.781683791277978823e+00
3.647537574978084174e-01 5.717102789506085109e-02 -3.971336522981923522e+00 -3.817595187544540636e+00 5.445234099336212807e+01 -1.383189813022046133e+00
2.799375871594808607e-01 4.709982795217746571e-02 -3.336579269136298542e+00 -3.009918082477001988e+00 5.389083104692031867e+01 -2.905240134815871400e+00
2.740619099397348379e-01 4.457121481349441555e-02 -3.461065696061770947e+00 -2.545395234010653152e+00 5.382433183178014247e+01 -3.035846545786558437e+00
3.646859252018230801e-01 6.341460643615438875e-02 -3.858865487526654370e+00 -3.472436559883067986e+00 5.416425631159996357e+01 -1.699047965711697250e+00
4.554897870481072752e-01 7.631385620570516060e-02 -3.507489944884431221e+00 -3.928846954767024613e+00 5.395141998942809636e+01 -1.111789888240792390e+00
4.122614687603852190e-01 6.719900046497437329e-02 -3.620506034617202662e+00 -3.627777621816105302e+00 5.402956792046087031e+01 -1.420752205118784417e+00
3.888802568805075910e-01 6.446420827313996404e-02 -2.366187901909754920e+00 -2.478591567218994651e+00 5.275169534717666409e+01 -2.879976293672607213e+00
3.825336131398934247e-01 6.656205216799521152e-02 -3.480932263660472259e+00 -3.109072930149129999e+00 5.375061667898367546e+01 -2.046155416822922568e+00
3.917283868646314060e-01 6.519992713859373845e-02 -1.716410347028255012e+00 -1.609533541790981515e+00 5.198455881259162226e+01 -3.614624695353327422e+00
4.103481960263142270e-01 7.038747894544075678e-02 -2.369691358694175243e+00 -2.931791073595608310e+00 5.288046414236829662e+01 -2.578114062558125141e+00
4.032830061642705410e-01 6.812763547353313520e-02 -2.434227415698191344e+00 -2.606605399621655828e+00 5.283524299417540959e+01 -2.685267397592038030e+00
2.993059390175696333e-01 5.101474646634421989e-02 -3.897525318956690299e+00 -3.368683767256637651e+00 5.433190025176715920e+01 -2.212797050718170677e+00
3.481025554990223037e-01 5.757685900366484033e-02 -1.925456607818357035e+00 -1.388264192257247842e+00 5.212642524539454314e+01 -3.905544301017040532e+00
3.102904233762314168e-01 5.346836564245607132e-02 -2.714077485323425520e+00 -1.975970256143549486e+00 5.291687328819909197e+01 -3.468085481110472656e+00
3.402031391799586468e-01 5.719126973344094284e-02 -2.438964990128166921e+00 -2.065547109620330168e+00 5.276473798414644989e+01 -3.372324288058493380e+00
4.003812540973758494e-01 6.913704149865411430e-02 -2.749886967964804363e+00 -2.757348598281218255e+00 5.308663780701972712e+01 -2.484485624477185350e+00
3.453319026457653540e-01 5.741325029945458513e-02 -2.188971748437962717e+00 -1.666039528197183817e+00 5.241923773893383043e+01 -3.616661991142136934e+00
3.793269291458102321e-01 6.105158953435629171e-02 -2.697680308886876155e+00 -2.704122227481142726e+00 5.312381082568856527e+01 -2.567269686701183939e+00
3.293352368962590981e-01 5.436658971126441531e-02 -2.360574292849679345e+00 -1.937722848245244212e+00 5.270931496449093601e+01 -3.521703546086418779e+00
4.176781472528947603e-01 6.832830956591907923e-02 -1.754898496167871969e+00 -1.831215151014682796e+00 5.207892950121733122e+01 -3.337577050784077404e+00
3.198782124903863933e-01 5.074626322779925147e-02 -3.599025815523728689e+00 -3.226050879387063919e+00 5.404915219634430201e+01 -2.186722185328099144e+00
4.304555531295398141e-01 7.133305691899193002e-02 -1.556486697595757640e+00 -1.676603760570462898e+00 5.184285476603218967e+01 -3.451946639074117140e+00
4.297352870774830969e-01 6.971361402161224685e-02 -2.189291912588715139e+00 -2.261868241080930986e+00 5.247915147901807131e+01 -2.751707356551425843e+00
3.534187406052894942e-01 5.927553871301457361e-02 -2.351641432106074348e+00 -1.941220754010682503e+00 5.261134755591929490e+01 -3.352430694280251977e+00
3.842735879253404985e-01 6.119647476926174529e-02 -2.299407173347562505e+00 -2.129244854801303877e+00 5.262793980813734152e+01 -3.077520857582265457e+00
2.954130587860684942e-01 4.899979071808586994e-02 -2.846635951478588389e+00 -2.007199572657905495e+00 5.311912536191623246e+01 -3.439987806462979858e+00
3.500414909385350382e-01 5.945802465667987535e-02 -2.739400184097345647e+00 -2.040928519053076151e+00 5.289226258408626791e+01 -3.108062955733537081e+00
3.084930712171107259e-01 5.398487398679134575e-02 -2.999378169355896961e+00 -2.636630958529621260e+00 5.340424097739521159e+01 -3.074981029041206071e+00
3.648196257384573871e-01 6.002048408846010624e-02 -1.553660466982027533e+00 -1.337287691859940120e+00 5.183772517626437093e+01 -3.989438124902171090e+00
3.718851101575568197e-01 6.159311067302713355e-02 -1.161474121093462486e+00 -2.994203127192946123e+00 5.229224956648869949e+01 -3.548489172199063901e+00
2.714481277264403358e-01 4.510275396333970899e-02 -1.626571686562327423e+00 -1.469035572061795580e+00 5.218455231248710646e+01 -4.672118106974576079e+00
4.293820097997751994e-01 7.379209217528027998e-02 -1.958639612504791572e+00 -3.607945957073980470e+00 5.288305545770161586e+01 -2.408004722453230162e+00
3.661107738990648230e-01 5.744944254140830348e-02 -3.963382503217627750e+00 -3.814109434551637090e+00 5.444248870370993387e+01 -1.381965924373562915e+00
2.890908195398174119e-01 4.850754832147404633e-02 -3.149538050894260977e+00 -2.851637832896160241e+00 5.368201399092949799e+01 -3.011484312913783601e+00
2.693025224204362855e-01 4.326997342870966823e-02 -3.524884335076528430e+00 -2.532783804349840295e+00 5.388240060132364562e+01 -3.030437022428461358e+00
3.749360437618195485e-01 6.294838075328106075e-02 -3.233785389980213587e+00 -3.018385036285376799e+00 5.357965123140587593e+01 -2.180105051757664114e+00
4.604331755206921839e-01 7.703747305944706747e-02 -3.523522531380678835e+00 -3.999217231085820501e+00 5.397965036483287804e+01 -1.035162273757293638e+00
4.150101600163220161e-01 6.918972864216640928e-02 -3.090635992853274061e+00 -3.343092981451389889e+00 5.353953141719648556e+01 -1.884833966692192497e+00
3.909988372209650676e-01 6.418515229096792563e-02 -2.351377605020674277e+00 -2.437516488223792521e+00 5.272683588463050341e+01 -2.878621931172285375e+00
3.840133253923351808e-01 6.696579076034384070e-02 -3.460946220685629626e+00 -3.087782619902155190e+00 5.372464945949480608e+01 -2.062264445027876203e+00
4.218217049638727789e-01 7.041555965932380645e-02 -1.138240427245352349e+00 -1.268801664461787659e+00 5.140325635798507875e+01 -3.911079354450494705e+00
4.127233314181289470e-01 6.906689791226108821e-02 -2.319564774264624152e+00 -2.746154315990148032e+00 5.278575348804173473e+01 -2.646875567806031171e+00
4.035570326385407025e-01 6.814925728743240207e-02 -2.420876764193547359e+00 -2.600319194878552675e+00 5.282359752254356522e+01 -2.693302637123926591e+00
3.066221744387115922e-01 5.239861519383132854e-02 -3.865678699725719092e+00 -3.349587597231416858e+00 5.428531799218761478e+01 -2.194149196858189654e+00
3.408563613112665092e-01 5.672974469431441708e-02 -2.513624196204547356e+00 -1.928820363334494914e+00 5.273977475450286079e+01 -3.344841701087868380e+00
3.253654325797958879e-01 5.615173275856513019e-02 -2.573827568204850813e+00 -2.260695410489746315e+00 5.291437673227350302e+01 -3.332691590188434638e+00
3.421114958111436954e-01 5.774008074394822859e-02 -2.407679630904434376e+00 -2.108134444575306965e+00 5.275464070109863712e+01 -3.359445691695998271e+00
4.135025636019586948e-01 6.995123795273042178e-02 -2.071873882100257802e+00 -2.357803072528854571e+00 5.245318964870676837e+01 -2.932193510297393502e+00
3.317516604102828670e-01 5.566013260478056002e-02 -2.683134619528950715e+00 -2.068271330791060958e+00 5.293397064632337390e+01 -3.203522270173592812e+00
3.651453828736372365e-01 5.953208150814806587e-02 -2.867612567242619814e+00 -2.823548411070713637e+00 5.330678369060799326e+01 -2.540338964662737897e+00
2.798830745320234903e-01 4.589230417630198178e-02 -1.985369841067518681e+00 -1.143276002442074057e+00 5.227239888435114068e+01 -4.456609466102394279e+00
4.276486029910283593e-01 6.717326344947470440e-02 -1.149875162022362396e+00 -1.167437458706842124e+00 5.143597944560297464e+01 -3.903009832716023197e+00
3.164218189325565533e-01 4.868491194057297800e-02 -3.733405027681833133e+00 -3.375997488416012438e+00 5.421379119016334158e+01 -2.016429392841919466e+00
4.283853228402846325e-01 7.088754306925368343e-02 -1.619505429409393571e+00 -1.730089235123423830e+00 5.191545660985388366e+01 -3.411100582095190958e+00
4.278690993638326612e-01 6.931434379481581087e-02 -2.300503243794747910e+00 -2.517508096482197200e+00 5.267044888668493741e+01 -2.606140660020381361e+00
3.219952539336524699e-01 5.381931503055332328e-02 -2.361060124925627779e+00 -1.544529747353091675e+00 5.251651651623689787e+01 -3.727620081808375563e+00
3.935989345048963584e-01 6.252067893052563885e-02 -2.217343482000119437e+00 -2.088771401704440311e+00 5.253627670830194063e+01 -3.074194838243195615e+00
2.763365893094439363e-01 4.570445733610900563e-02 -3.193647995700481967e+00 -2.525297314793284897e+00 5.362657173253369081e+01 -3.179079882656787870e+00
3.508457947862279047e-01 5.963226800449200615e-02 -2.773045112373566212e+00 -2.034112123378559289e+00 5.290622095458152074e+01 -3.082566332024428313e+00
3.096664919325523568e-01 5.522160200853281492e-02 -3.175774520950540580e+00 -3.109619175543467229e+00 5.371127839041280794e+01 -2.799314781656839557e+00
3.807796045672384166e-01 6.270701278333971895e-02 -1.407966960426850322e+00 -1.261334428957512355e+00 5.168035833396881173e+01 -4.015602660154349302e+00
3.812633229812154023e-01 6.344320425989288803e-02 -1.235392002026229452e+00 -2.842459368817450649e+00 5.224887625655362910e+01 -3.502260170168205455e+00
2.732576909043328284e-01 4.541150417425945940e-02 -1.647260903789239173e+00 -1.480789051366949938e+00 5.219762836944956774e+01 -4.638287382693388139e+00
4.411369250734915592e-01 7.614772144286099942e-02 -1.775128763063826609e+00 -3.280303022854028860e+00 5.259407340995849012e+01 -2.586907081193797531e+00
3.512018003656992571e-01 5.550489037983599716e-02 -3.595344506958111808e+00 -3.444770042898762874e+00 5.408687310180317809e+01 -1.900151225486865325e+00
2.869917304506657829e-01 4.799234805566215262e-02 -2.995835305015102534e+00 -2.745390864197452707e+00 5.354846986917106477e+01 -3.175605322107120987e+00
2.664948859846737461e-01 4.279358857385202886e-02 -3.544138561785148411e+00 -2.524266098386146684e+00 5.389926281728761381e+01 -3.044794035121664244e+00
3.731576101336155360e-01 6.314918781002820669e-02 -3.620730987502496667e+00 -3.421896671654101496e+00 5.399734287340905325e+01 -1.776706909415646685e+00
4.604331755206921839e-01 7.703747305944706747e-02 -3.523522531380678835e+00 -3.999217231085820501e+00 5.397965036483287804e+01 -1.035162273757293638e+00
4.020138700323384051e-01 6.717638575766124442e-02 -3.183567692937998128e+00 -3.343871720068608333e+00 5.362895515307546646e+01 -1.921922490907097103e+00
3.962962825111850385e-01 6.588868300059898264e-02 -2.554897921896005730e+00 -2.460459445955848423e+00 5.285807641212269203e+01 -2.715882029744805415e+00
4.134583256321318068e-01 7.259021049084206367e-02 -3.342042485901747906e+00 -3.070624471119264065e+00 5.355974677221709612e+01 -1.938957922333007566e+00
4.125309595142079844e-01 6.862595189548000019e-02 -1.447540650175119126e+00 -1.457092690067509633e+00 5.170211753945182664e+01 -3.695551573012282986e+00
4.059738161745517493e-01 6.823814739272270058e-02 -2.606057954789715581e+00 -3.056880048497169433e+00 5.311060479034357229e+01 -2.400276282949205253e+00
4.284495286255328717e-01 7.395025346057693127e-02 -3.429146459071657826e+00 -3.960993540112882183e+00 5.396877911325470478e+01 -1.349728583817075389e+00
3.067000564583708400e-01 5.241098419538105235e-02 -3.861863980107411720e+00 -3.346551248928535394e+00 5.428131874544007474e+01 -2.197216203006920221e+00
3.256280105590746432e-01 5.507422931834883573e-02 -2.421676215595176540e+00 -1.595530018060858701e+00 5.256469495694135929e+01 -3.677726243756731961e+00
3.295881825464281323e-01 5.604601148784204429e-02 -2.740786432344730628e+00 -2.454223043937639570e+00 5.310601199022989505e+01 -3.098554197991089776e+00
3.342757511991200081e-01 5.578067819078280642e-02 -2.730488669619984599e+00 -2.440875225996309794e+00 5.311994925713756288e+01 -3.052043735172205174e+00
4.423535718414424167e-01 7.252599066587336885e-02 -2.282332055124104642e+00 -2.440456667290161086e+00 5.260133533308765408e+01 -2.553722725922155323e+00
3.447384706731035919e-01 5.850128445001555322e-02 -2.276619753358825715e+00 -1.824065704628969220e+00 5.251847610154312918e+01 -3.492775405906069164e+00
3.778308580314856946e-01 6.074934266884238210e-02 -2.736874262005836833e+00 -2.738050658770594392e+00 5.316486920537651883e+01 -2.536596696004176810e+00
3.237467621515340843e-01 5.417610470274333845e-02 -2.410579772513480545e+00 -1.970836598378155724e+00 5.277028874441140260e+01 -3.541642653449770695e+00
4.276486029910283593e-01 6.717326344947470440e-02 -1.149875162022362396e+00 -1.167437458706842124e+00 5.143597944560297464e+01 -3.903009832716023197e+00
3.142609972492200754e-01 5.077579838264884710e-02 -3.555036150759348423e+00 -3.290791245339218740e+00 5.405305277530135299e+01 -2.266850390036805774e+00
4.403415136207194935e-01 7.248571901719756683e-02 -1.673814973430277631e+00 -1.797658396439866912e+00 5.194700259967058287e+01 -3.233510805117764786e+00
4.413869516902867440e-01 7.086348535926959014e-02 -2.323866195660359679e+00 -2.615169400456023308e+00 5.271053773509888174e+01 -2.443329798019321597e+00
3.150265116487983574e-01 5.255272302730946976e-02 -2.185832751893082015e+00 -1.326771136715407806e+00 5.232653047345217345e+01 -3.997395276890358229e+00
4.568410136045937264e-01 7.190743021116913214e-02 -1.497014160031306940e+00 -1.521728666964277554e+00 5.170419770254810743e+01 -3.283923754036928599e+00
2.743532433658009695e-01 4.527858979310958598e-02 -3.230468812287709213e+00 -2.484329143405675566e+00 5.364110959851201699e+01 -3.179726636696062148e+00
3.577741765976896193e-01 6.089629999026095752e-02 -2.694235572059128003e+00 -2.130460036905936327e+00 5.288124121063478356e+01 -3.045624156561277829e+00
3.076200677409891004e-01 5.399474046995621918e-02 -3.460742713996852959e+00 -3.222270085864951117e+00 5.395644871935799358e+01 -2.552474868514305051e+00
3.611608397610949206e-01 6.059436544673885844e-02 -1.636222988975237325e+00 -1.402067945688168837e+00 5.191965523483695222e+01 -3.968150054559370865e+00
3.812633229812154023e-01 6.344320425989288803e-02 -1.235392002026229452e+00 -2.842459368817450649e+00 5.224887625655362910e+01 -3.502260170168205455e+00
2.934812304410722716e-01 4.886912445754940104e-02 -1.908025485344874150e+00 -1.406216982277967098e+00 5.226003991830831552e+01 -4.327981594560522893e+00
4.340991591191449839e-01 7.465438522502490515e-02 -1.711686096038625537e+00 -3.228837250727002672e+00 5.255349765221426850e+01 -2.694501088914623033e+00
3.432988449791242735e-01 5.458024901273787755e-02 -3.521557101290025305e+00 -3.358690671627406310e+00 5.402060659978706525e+01 -2.057133718054657834e+00
2.869917304506657829e-01 4.799234805566215262e-02 -2.995835305015102534e+00 -2.745390864197452707e+00 5.354846986917106477e+01 -3.175605322107120987e+00
2.755156223631000101e-01 4.497625646732807125e-02 -3.499022249014013930e+00 -2.591461538905433404e+00 5.386217135259870048e+01 -2.983633437763104634e+00
3.877105554850766023e-01 6.615637968903574639e-02 -3.595733420333405039e+00 -3.477997040697763609e+00 5.396524553256987389e+01 -1.675752522381803278e+00
4.569703137439709573e-01 7.642720774590100463e-02 -3.372697985645525254e+00 -3.814462601112484030e+00 5.381415542232684857e+01 -1.228327009617406596e+00
3.570369042066191545e-01 5.967461022467192289e-02 -3.067517478709653300e+00 -2.982674759354809968e+00 5.351095154695503453e+01 -2.452420980199308431e+00
3.915822164291596352e-01 6.535973880815247605e-02 -2.580944078961854959e+00 -2.448753955002456184e+00 5.287688904602369888e+01 -2.741444484941299553e+00
4.632021595534017155e-01 8.222866387922542208e-02 -3.645829364761793645e+00 -3.790088855311483762e+00 5.394332866813962113e+01 -1.146470822936397571e+00
3.938289611839548288e-01 6.585346968807201384e-02 -1.621031492453675504e+00 -1.516572243502232853e+00 5.188184077976097797e+01 -3.703153203794386616e+00
4.050551465336904022e-01 6.946659662284175585e-02 -2.397196577776339321e+00 -2.796020639628022053e+00 5.283354958620337527e+01 -2.629071329490446640e+00
4.284495286255328717e-01 7.395025346057693127e-02 -3.429146459071657826e+00 -3.960993540112882183e+00 5.396877911325470478e+01 -1.349728583817075389e+00
3.067000564583708400e-01 5.241098419538105235e-02 -3.861863980107411720e+00 -3.346551248928535394e+00 5.428131874544007474e+01 -2.197216203006920221e+00
3.168229514324448215e-01 5.346202640057623467e-02 -2.456519684314541596e+00 -1.710942607201264565e+00 5.266325369489417341e+01 -3.681280687098677618e+00
3.370156383163862568e-01 5.707510535100344951e-02 -2.474705408911354265e+00 -2.177057851211964490e+00 5.281533522340433962e+01 -3.317812839078607023e+00
3.581830148676231063e-01 5.972549308393385048e-02 -2.764964012845250618e+00 -2.690166384247535625e+00 5.318986064398738733e+01 -2.755998614868750973e+00
4.109797232706741132e-01 6.805898635638085725e-02 -2.422053087043599895e+00 -2.499743060419090224e+00 5.277412239175258435e+01 -2.675573645273718437e+00
3.533284494107145624e-01 6.025044634320834980e-02 -2.412985438375526925e+00 -2.081340208406672332e+00 5.269193618898805909e+01 -3.231827426759845245e+00
3.780908147239221417e-01 6.095336145981246345e-02 -2.623159958211704001e+00 -2.745958020775113084e+00 5.309549675707523875e+01 -2.609730926484846947e+00
3.141883048115648447e-01 5.253638309424901731e-02 -2.608410555851425450e+00 -2.116144227227991337e+00 5.298760651977032410e+01 -3.432679582350418368e+00
4.299666702653154315e-01 6.988144411173552450e-02 -1.954113708255360349e+00 -2.177248108605518873e+00 5.233628530912975663e+01 -2.977922077409534296e+00
2.968773925205046571e-01 4.802804548038891452e-02 -3.524354306449158258e+00 -3.120589507057927037e+00 5.401658177807657069e+01 -2.495860464969945181e+00
3.974035947342745567e-01 6.871806942871452883e-02 -2.242708581718543037e+00 -2.127552325751775886e+00 5.252602986128482598e+01 -3.105419631815016679e+00
4.576110411384090582e-01 7.240220581209695638e-02 -2.251404603212084687e+00 -2.825861473724564199e+00 5.272529391730189730e+01 -2.285691006771463751e+00
3.312366467687547500e-01 5.534288396911010710e-02 -2.329467326289546225e+00 -1.628606099326296963e+00 5.250886459074511947e+01 -3.669227852267777035e+00
3.994913714881809241e-01 6.511519323961889594e-02 -2.025961641161513782e+00 -1.828843032457566409e+00 5.227749863121540841e+01 -3.263499296598833865e+00
2.967819319428305902e-01 4.940021789160774918e-02 -2.983566749239820570e+00 -2.367857399910504146e+00 5.336016077147669989e+01 -3.217865341878929364e+00
3.493224421356999065e-01 5.941827340879078656e-02 -2.395621343582531093e+00 -1.967487258271334083e+00 5.264906733499035596e+01 -3.361902421745531111e+00
3.258091824914319812e-01 5.664790501745829016e-02 -2.863038199906577930e+00 -2.614604997727963731e+00 5.328747114620605885e+01 -3.034865475305062343e+00
3.655963896229102450e-01 6.137573086691902602e-02 -1.556474009953954907e+00 -1.351352969054849584e+00 5.183508412382325048e+01 -4.005509290804218026e+00
3.994088111620143766e-01 6.729347647219469097e-02 -1.398966376640545128e+00 -2.975153687711344030e+00 5.235349282626493306e+01 -3.224850292077946712e+00
3.104391183416805866e-01 5.098918735492820320e-02 -1.538244838242896595e+00 -1.144579486556651204e+00 5.189060602180814641e+01 -4.570257804668214519e+00
4.225077341235524142e-01 7.218248055914591732e-02 -1.853846374108148787e+00 -2.822338752963729824e+00 5.250727705593765648e+01 -2.852121805145850342e+00
3.385195084594702641e-01 5.288277025519318858e-02 -3.488490172015744406e+00 -3.247366249350889689e+00 5.397559023016975743e+01 -2.135554018644095997e+00
3.043313373002003996e-01 5.137383865205970290e-02 -2.692117328717237079e+00 -2.550844952166317459e+00 5.321263889867090313e+01 -3.302252063862011422e+00
2.755156223631000101e-01 4.497625646732807125e-02 -3.499022249014013930e+00 -2.591461538905433404e+00 5.386217135259870048e+01 -2.983633437763104634e+00
3.816409545259558111e-01 6.519389085916336979e-02 -3.399228816279379117e+00 -3.349050844750582900e+00 5.379209765689035549e+01 -1.902223576886978629e+00
4.558127084321332290e-01 7.534955007565398433e-02 -3.321962080913082538e+00 -3.818990180656560707e+00 5.379016066377973004e+01 -1.243532321078309133e+00
3.375010914974572729e-01 5.579292646320567484e-02 -3.519087242131814897e+00 -3.267095471213913527e+00 5.398807143910153172e+01 -2.181150425025179196e+00
4.382799061395509788e-01 7.317402780918626226e-02 -2.118104228969754477e+00 -2.019805727574112808e+00 5.228446454405244737e+01 -2.880536387277964572e+00
4.666303679182849939e-01 8.015466553533370786e-02 -3.289157841175890162e+00 -3.613959115875700512e+00 5.365638238052370923e+01 -1.338661549467316858e+00
3.746020306396720123e-01 6.242048171115063826e-02 -1.994512802641545068e+00 -1.729588000843576223e+00 5.226177807990858781e+01 -3.512384897432043296e+00
3.741808756558642202e-01 6.387803537861176661e-02 -2.841677570840966727e+00 -3.083249725941310970e+00 5.334064073529965100e+01 -2.447954781643311151e+00
4.284495286255328717e-01 7.395025346057693127e-02 -3.429146459071657826e+00 -3.960993540112882183e+00 5.396877911325470478e+01 -1.349728583817075389e+00
3.185958672105732026e-01 5.419902105715891649e-02 -3.562693163469965896e+00 -3.096985580279028927e+00 5.395925684150729751e+01 -2.396866015017131257e+00
3.374172012742480686e-01 5.761144509953387144e-02 -2.342049099277784485e+00 -1.488122939770329722e+00 5.241584297896139333e+01 -3.689547230387256960e+00
3.370156383163862568e-01 5.707510535100344951e-02 -2.474705408911354265e+00 -2.177057851211964490e+00 5.281533522340433962e+01 -3.317812839078607023e+00
3.650988435891676098e-01 6.010505205979366217e-02 -2.162787898551673749e+00 -2.143692208485574291e+00 5.255982816234202915e+01 -3.290620480450979990e+00
4.432122734701195998e-01 7.401210190595637617e-02 -2.284660422816108927e+00 -2.493576276549008153e+00 5.259684928126684866e+01 -2.545215405770575146e+00
3.496299214235900621e-01 5.873119526777151322e-02 -2.625132789396426247e+00 -2.302619116181012338e+00 5.294250962962951945e+01 -3.025692796894673631e+00
3.524192481016414913e-01 5.510176387162575573e-02 -2.438728697918209676e+00 -2.170897058130624391e+00 5.280428824643851016e+01 -3.110582769084519583e+00
3.725839095982486637e-01 6.201413287474712155e-02 -2.760255004086578534e+00 -2.626296996224715574e+00 5.314136604562409616e+01 -2.692593766683068157e+00
4.001552636742838343e-01 6.597638872407726729e-02 -2.227196923702553288e+00 -2.267887747344016436e+00 5.260793376467187699e+01 -2.992096270892662169e+00
2.822177885921327012e-01 4.564495623582539435e-02 -3.541326028931409020e+00 -3.065450734947601674e+00 5.403964778056075602e+01 -2.610445683168454156e+00
3.978937055427052005e-01 6.880066800522041670e-02 -2.261438442745077992e+00 -2.156496191925296735e+00 5.254880601627898074e+01 -3.077703179093619124e+00
4.681846033851614908e-01 7.324797598252839881e-02 -2.674676354411906765e+00 -3.267297065459918493e+00 5.315980269413657311e+01 -1.743176423991395163e+00
3.322407193318717700e-01 5.558716452605907965e-02 -2.394640281468256138e+00 -1.754962861604097313e+00 5.260775406925080944e+01 -3.571890898501065337e+00
3.713052030719117824e-01 5.924689878334443022e-02 -1.958067847673552242e+00 -1.688921493698882337e+00 5.227153893265080598e+01 -3.542555847599857088e+00
2.852333681559185985e-01 4.745281658410466230e-02 -2.917926440502405683e+00 -2.243151360705176955e+00 5.329728594008471276e+01 -3.401426270784194017e+00
3.337197289413023626e-01 5.700191318880806768e-02 -2.450519051346962129e+00 -2.071411269192872329e+00 5.275885560629642157e+01 -3.436994910997460906e+00
3.424027925346049273e-01 6.023736401219965259e-02 -2.424940709358692548e+00 -2.207233513222162991e+00 5.277936044931687576e+01 -3.386903875684144971e+00
3.655963896229102450e-01 6.137573086691902602e-02 -1.556474009953954907e+00 -1.351352969054849584e+00 5.183508412382325048e+01 -4.005509290804218026e+00
4.095853426317617174e-01 6.830134800253749583e-02 -1.633384959739181186e+00 -3.044782235220498290e+00 5.251182283568656572e+01 -2.967364478619626933e+00
3.104391183416805866e-01 5.098918735492820320e-02 -1.538244838242896595e+00 -1.144579486556651204e+00 5.189060602180814641e+01 -4.570257804668214519e+00
4.033060921184156711e-01 7.036971143049164379e-02 -2.340334538253379559e+00 -3.392238796671188439e+00 5.307797661770037934e+01 -2.470129663353273664e+00
3.625533736540937357e-01 5.517197547361769178e-02 -3.783308760268865978e+00 -3.757719673962898632e+00 5.433258057347103431e+01 -1.514141994056914742e+00
3.188062865898287357e-01 5.379625718772823584e-02 -2.356855584800247261e+00 -2.201378142537141702e+00 5.281843479197716107e+01 -3.544977443867474154e+00
2.738738316109299298e-01 4.471209866086071905e-02 -3.543974010217286086e+00 -2.641122050481011119e+00 5.391741807674516451e+01 -2.957197190397904851e+00
3.962284773809968130e-01 6.666825823371985704e-02 -3.329101868302519307e+00 -3.352811052033466854e+00 5.373046802986283410e+01 -1.850227181881693106e+00
4.234714469210812404e-01 6.848338257079672475e-02 -3.057566950643003434e+00 -3.264507272056125675e+00 5.347533679025547571e+01 -1.828683986949644957e+00
3.059673898112574841e-01 5.090643087107339648e-02 -3.865702079312558936e+00 -3.421030182617674775e+00 5.435060848413876045e+01 -2.123893170482847648e+00
3.997427272525358455e-01 6.672743085003202124e-02 -2.313836892855365868e+00 -2.064223419100946533e+00 5.252984276913878148e+01 -3.020185188744128002e+00
4.580588319347438930e-01 7.858957613058634162e-02 -3.165339408529912468e+00 -3.428702152994995700e+00 5.351963145957452639e+01 -1.547984992540959226e+00
3.668422173060787994e-01 6.193419985189166366e-02 -1.847687790864115165e+00 -1.457233676071558737e+00 5.206435482300802420e+01 -3.775564259110836485e+00
3.398305465846478413e-01 5.848247357597870233e-02 -2.186089757533925315e+00 -2.582302260577574060e+00 5.278487686848609428e+01 -3.322486430580239514e+00
4.214375613388307018e-01 7.245022851793356256e-02 -3.244157351433820224e+00 -3.672776672671181686e+00 5.374864099761244773e+01 -1.629244613142517117e+00
3.151307370512126393e-01 5.317425343444584507e-02 -3.766089652967538726e+00 -3.232149864788177673e+00 5.415343281531557551e+01 -2.219626387458635719e+00
3.338798294197558025e-01 5.683989894947243104e-02 -2.789426033778755532e+00 -2.310450509118627593e+00 5.308245110428277513e+01 -3.103922635068202318e+00
3.119189595486413502e-01 5.298096743553330767e-02 -2.727901344381741922e+00 -2.279088264216833970e+00 5.308514405479948550e+01 -3.303778240491539453e+00
3.446609373548047417e-01 5.668206055285561484e-02 -2.125237412407217530e+00 -2.071286162125105079e+00 5.253178257789907235e+01 -3.464660208090784455e+00
4.521768830078536916e-01 7.415351469381141480e-02 -1.670911654006164815e+00 -1.880638262715074616e+00 5.192786886268037705e+01 -3.112746865621116577e+00
3.307372487745178224e-01 5.514544325765547567e-02 -2.943948727726305670e+00 -2.574003715141840232e+00 5.331603518337949055e+01 -2.849860533306169508e+00
3.460925960610461982e-01 5.428377432603213870e-02 -2.526902986309740307e+00 -2.208367643541115921e+00 5.289297302610393814e+01 -3.099344631594945110e+00
4.250287191923735053e-01 6.973071382574985710e-02 -2.848736901329797178e+00 -3.055114356137162090e+00 5.325728083957760361e+01 -2.043619135819413124e+00
4.312607623794105227e-01 7.061419848680478006e-02 -1.541956997540776086e+00 -1.733125105582956849e+00 5.188422795024143142e+01 -3.414330257383208611e+00
3.031405504370151549e-01 4.983120516046402049e-02 -3.631023410162632636e+00 -3.222148861060840197e+00 5.411562112145801962e+01 -2.359146929800426395e+00
3.896032484241814808e-01 6.706190752494788077e-02 -2.052895866421240001e+00 -1.806382266347319465e+00 5.229150670928346045e+01 -3.411600955170915661e+00
4.291142034583807496e-01 6.846213706330155080e-02 -1.825504394112656081e+00 -2.118614357097994283e+00 5.220864586144836750e+01 -3.052572947455980845e+00
3.436228379182351689e-01 5.774431138618710269e-02 -2.283244431389616302e+00 -1.672103316942432638e+00 5.246540757077758599e+01 -3.596477337955139575e+00
3.730430939974136439e-01 5.830536430083154559e-02 -2.550404491415979358e+00 -2.420863466777408490e+00 5.295340311075842266e+01 -2.810152568859783706e+00
2.918911641775291388e-01 4.839159426395878150e-02 -2.987636340373026833e+00 -2.357200156251070489e+00 5.337421931093539484e+01 -3.259388526230252658e+00
3.170934976983751930e-01 5.402765112815478832e-02 -2.279505831506551061e+00 -1.614162343471370109e+00 5.249714939593781793e+01 -3.866505288485087899e+00
3.287530899521832195e-01 5.775699941752973632e-02 -2.659871935240023078e+00 -2.313916065261353072e+00 5.302289837034147268e+01 -3.312443013367513789e+00
3.711146152177159374e-01 6.078111236869690459e-02 -1.564690402043163786e+00 -1.368730044249810707e+00 5.184919184858499364e+01 -3.909461530419921615e+00
4.125411768674956958e-01 6.774571702446451071e-02 -1.498600476833850337e+00 -3.031721048457345802e+00 5.243326961044683543e+01 -3.021554400523513539e+00
3.021242896816608292e-01 4.955352891236201179e-02 -1.918855828256235130e+00 -1.446896214908599987e+00 5.228666374883171386e+01 -4.256387571898300415e+00
3.678464695828977393e-01 6.220936857740941295e-02 -1.812848835986100582e+00 -3.441382904167265888e+00 5.288766619664196611e+01 -2.984702414067350595e+00
3.620870723587554241e-01 5.595702142044792909e-02 -3.300816382762464141e+00 -3.301654621034598058e+00 5.381444886162032049e+01 -2.023451251019957375e+00
3.796848993890079016e-01 6.322254340299646169e-02 -2.095681085576658553e+00 -2.117525316157309323e+00 5.247167166468253896e+01 -3.292184515214690244e+00
2.773971983165821609e-01 4.540196498598823155e-02 -3.484307909644413392e+00 -2.615226872083329379e+00 5.385592091290180150e+01 -2.977319851379491400e+00
4.030525363440194964e-01 6.912967456466320715e-02 -3.558292679009035453e+00 -3.627107369114727753e+00 5.395917836595413064e+01 -1.567696272969525184e+00
4.234714469210812404e-01 6.848338257079672475e-02 -3.057566950643003434e+00 -3.264507272056125675e+00 5.347533679025547571e+01 -1.828683986949644957e+00
3.087100811342666784e-01 5.105801432879421980e-02 -3.799261667472639825e+00 -3.368622843794771171e+00 5.428238839579020691e+01 -2.161044320925321838e+00
4.475193300318676126e-01 7.442143855299857003e-02 -2.462182660790164679e+00 -2.449640897362124647e+00 5.268041121523260983e+01 -2.447204331819455625e+00
4.700877831672092277e-01 8.144550928454950822e-02 -3.530183892323752737e+00 -3.827581395041966594e+00 5.388331211874579907e+01 -1.083291777331667927e+00
3.551312329973960180e-01 6.040718873223972080e-02 -1.547828507966511502e+00 -1.026339038429914918e+00 5.171157575412334495e+01 -4.235996805809285171e+00
3.271405765946194255e-01 5.587388026229072463e-02 -2.684209226199909537e+00 -2.784451297858816066e+00 5.323243168125796387e+01 -3.005096059685746557e+00
4.214375613388307018e-01 7.245022851793356256e-02 -3.244157351433820224e+00 -3.672776672671181686e+00 5.374864099761244773e+01 -1.629244613142517117e+00
3.203570406237223889e-01 5.395024176001117500e-02 -3.660671340100789983e+00 -3.251001396234491914e+00 5.408456060454808068e+01 -2.240073608409190786e+00
3.160875723404044657e-01 5.327701320306186400e-02 -2.430543736495587748e+00 -1.877375698800397785e+00 5.271439691992809884e+01 -3.623560754590965161e+00
2.987719735472456062e-01 5.156445820726821005e-02 -2.737790367551100168e+00 -2.216138902772094355e+00 5.308565605702759882e+01 -3.436273447968677175e+00
3.810539500852448414e-01 6.328148508499152614e-02 -2.535898214622668956e+00 -2.752564372032286766e+00 5.299214442926977142e+01 -2.657325953184110912e+00
4.372959406833889506e-01 7.127799098966314251e-02 -1.815978166724957488e+00 -1.956880767446340874e+00 5.209214331112794127e+01 -3.080317651218571928e+00
3.607535476663458196e-01 6.091346616721576845e-02 -2.410289129752716697e+00 -2.120615031590370236e+00 5.269395076575857928e+01 -3.158958946092650599e+00
3.549874387747169457e-01 5.553582903122814690e-02 -2.557883534065542808e+00 -2.326958352739003200e+00 5.293930165830355605e+01 -2.963658118265839025e+00
4.268077272896417251e-01 6.999659207132537253e-02 -2.856860260760233139e+00 -3.058346895461965254e+00 5.326755688284192303e+01 -2.017816307527714681e+00
4.135749621869349579e-01 6.802814346915307675e-02 -1.816119997656507223e+00 -1.953619919688305284e+00 5.217471595033968157e+01 -3.266451719903698425e+00
3.051671610092538400e-01 5.205876761037937783e-02 -3.942321548817145249e+00 -3.466399698459271761e+00 5.440659403591638466e+01 -2.083219138472938603e+00
3.913544179036443360e-01 6.696981582517712306e-02 -2.049475375232828522e+00 -1.759543440752909582e+00 5.227266602561390840e+01 -3.413832788431810261e+00
4.443109189355134436e-01 6.888656429587768082e-02 -1.834681933760667238e+00 -2.279971882656984139e+00 5.224182786797468481e+01 -2.843408626321531685e+00
3.439065449000519026e-01 5.687424337994036183e-02 -2.367056369162499507e+00 -1.819353205901208081e+00 5.258987205277771437e+01 -3.456278346089131315e+00
3.771628040247017588e-01 5.979133058495440800e-02 -2.688767844685087560e+00 -2.586457183662196346e+00 5.309147639969765464e+01 -2.639587597957373966e+00
2.894514075134642095e-01 4.800480264478899223e-02 -2.869901749875395147e+00 -2.210482906355101029e+00 5.324248005670329320e+01 -3.418714635112451106e+00
3.156986789458048337e-01 5.369242796682398983e-02 -2.858538232274127289e+00 -2.255075800507131412e+00 5.315001901907056947e+01 -3.227459532649563201e+00
3.287530899521832195e-01 5.775699941752973632e-02 -2.659871935240023078e+00 -2.313916065261353072e+00 5.302289837034147268e+01 -3.312443013367513789e+00
3.710114840560608807e-01 6.089727213742064660e-02 -1.669876975701086064e+00 -1.501755679401170607e+00 5.196832993936931899e+01 -3.792649288034634303e+00
4.471823146380062286e-01 7.278093742403042576e-02 -1.102514082307100240e+00 -3.708466334521568264e+00 5.241325757337683200e+01 -2.736260705830213524e+00
3.021242896816608292e-01 4.955352891236201179e-02 -1.918855828256235130e+00 -1.446896214908599987e+00 5.228666374883171386e+01 -4.256387571898300415e+00
3.713137889831776284e-01 6.270046269004568573e-02 -1.807012963437722330e+00 -3.377211510308207654e+00 5.284820328188531846e+01 -2.989967074738860919e+00
3.662532211777366764e-01 5.714235484854997271e-02 -3.294654552185756202e+00 -3.305493785539857399e+00 5.379774149808227435e+01 -2.007371514027243897e+00
4.506909621450150283e-01 7.354543380244867035e-02 -1.802357442037307411e+00 -2.183898440189877999e+00 5.218162249705015654e+01 -2.936539982135088600e+00
2.860552595519815777e-01 4.705735763670797211e-02 -3.215764487654529713e+00 -2.352987996066799870e+00 5.354412642764106778e+01 -3.192337810137074516e+00
4.030525363440194964e-01 6.912967456466320715e-02 -3.558292679009035453e+00 -3.627107369114727753e+00 5.395917836595413064e+01 -1.567696272969525184e+00
4.202762957807165134e-01 6.785106028911772058e-02 -3.237015100998736017e+00 -3.446214550059687909e+00 5.367956584835769007e+01 -1.668818385320927522e+00
2.975492748257880793e-01 4.913442080183869076e-02 -3.925930786038968279e+00 -3.436420718054139289e+00 5.442004197027272738e+01 -2.129436887665929312e+00
4.774110042475513405e-01 7.964136500347315795e-02 -2.526671186654626755e+00 -2.580274248014876814e+00 5.271236605813439269e+01 -2.164118533086897056e+00
4.662638166146403917e-01 8.040188017434488077e-02 -3.507677685199572348e+00 -3.798304331938920253e+00 5.386767076844582647e+01 -1.128241934053893836e+00
3.551266438601684561e-01 6.040350455962564813e-02 -1.548871688934111646e+00 -1.035648355248229624e+00 5.171626199026888315e+01 -4.231524399034300110e+00
3.229299066292633524e-01 5.502628946468403337e-02 -2.858541830414551566e+00 -2.945609460978083405e+00 5.342515853336523435e+01 -2.856438667858096192e+00
4.214375613388307018e-01 7.245022851793356256e-02 -3.244157351433820224e+00 -3.672776672671181686e+00 5.374864099761244773e+01 -1.629244613142517117e+00
3.682115373002455838e-01 6.349330722886876999e-02 -3.880701999484057474e+00 -3.949630293919125457e+00 5.435052039702038940e+01 -1.440418261893037233e+00
3.123022898759245103e-01 5.227795035210217045e-02 -2.061348538490205939e+00 -1.497079289816018566e+00 5.232851921818866003e+01 -4.024976989083443257e+00
2.945135748727912839e-01 5.039177945291752059e-02 -2.842072816866649809e+00 -2.234530976480756159e+00 5.318375110451921017e+01 -3.400069623307705236e+00
4.155240910891082606e-01 7.008394392160648134e-02 -2.820832971086991936e+00 -2.987298245908656114e+00 5.321392048320466728e+01 -2.193399067083809939e+00
4.441098195872738574e-01 7.200729146414025506e-02 -1.579916966954336477e+00 -1.729188360544237968e+00 5.183663249129732264e+01 -3.275961452498192372e+00
3.887994682356937237e-01 6.601362751246536709e-02 -3.119061943997443631e+00 -3.229422276266000758e+00 5.354574056423214756e+01 -2.066769081653172524e+00
3.641061838597591804e-01 5.548728472952023372e-02 -2.155208937589171203e+00 -1.959822007254960585e+00 5.252062304488619304e+01 -3.258496630233580493e+00
4.129246633839086522e-01 6.912549399600541322e-02 -2.535473274656028675e+00 -2.623230045065424232e+00 5.289658818723106748e+01 -2.533257635220700799e+00
4.084985293489165059e-01 6.742031758971941957e-02 -1.917555421167816743e+00 -2.084271467701753977e+00 5.230169325678095049e+01 -3.183724403257856217e+00
3.071628556736106797e-01 5.240526813205569762e-02 -3.828055833518837048e+00 -3.404463001401058619e+00 5.429995292055691891e+01 -2.166946897851567577e+00
3.841534298413338266e-01 6.568804925403723405e-02 -1.945624425307390437e+00 -1.608012496995983920e+00 5.215609680840545792e+01 -3.582981953783606954e+00
4.443109189355134436e-01 6.888656429587768082e-02 -1.834681933760667238e+00 -2.279971882656984139e+00 5.224182786797468481e+01 -2.843408626321531685e+00
3.280566403631581252e-01 5.515088095427381210e-02 -2.042213456081064304e+00 -1.348962848941042569e+00 5.221218280818341384e+01 -3.978402702440373417e+00
3.765474221976453095e-01 5.829194042728542274e-02 -2.129161381568333233e+00 -2.085284894103282216e+00 5.253817306656755903e+01 -3.190927724345353766e+00
2.768931150598649138e-01 4.552407693215158868e-02 -2.735773184228230459e+00 -1.970386396706639731e+00 5.309925732827520761e+01 -3.699710740039846790e+00
3.198719390309111565e-01 5.434061709966939852e-02 -3.084888239498914775e+00 -2.553009563146675820e+00 5.341062892955694252e+01 -2.923486844869618295e+00
3.196875499248399422e-01 5.562755654696342755e-02 -2.767501461285263087e+00 -2.372772649000286727e+00 5.314118915484449701e+01 -3.265281894498105686e+00
3.638441089347486668e-01 6.069755624171776359e-02 -1.778523541864854174e+00 -1.523273035534488784e+00 5.205470488055181022e+01 -3.805604239897786734e+00
4.358772823886543635e-01 7.163776707243382780e-02 -1.492403467455285959e+00 -3.430746968917813611e+00 5.255220053104788036e+01 -2.695238718197677574e+00
2.739271267357693551e-01 4.491839368977037367e-02 -2.383210199779913552e+00 -1.639598752045732244e+00 5.273554495207253012e+01 -4.102450157141522169e+00
3.608530622568353885e-01 6.028045167061230059e-02 -1.610369314164886712e+00 -3.486110213152787018e+00 5.279990576601239383e+01 -3.118837524049812071e+00
3.427789948551163146e-01 5.383065121349631110e-02 -3.283810437256621473e+00 -3.177865200857747929e+00 5.378726439385413016e+01 -2.262408324327773279e+00
4.369933149218075408e-01 7.058546456760091126e-02 -1.995406077723700600e+00 -2.294186009152708650e+00 5.238291581984910295e+01 -2.838699411203204015e+00
2.764453895044816090e-01 4.541615863136493764e-02 -3.284538346502896555e+00 -2.312567680528505143e+00 5.359996377911540577e+01 -3.246458497383699182e+00
4.024885556068085735e-01 6.902910221740929386e-02 -3.558744273746563103e+00 -3.625579923556142337e+00 5.395999481077350879e+01 -1.571617151979902927e+00
4.412148377714179004e-01 6.868495421212696128e-02 -3.016078542653235495e+00 -3.358109144190297712e+00 5.347684285705182816e+01 -1.661376183126010098e+00
2.994855570235550601e-01 4.981394107064924387e-02 -3.509968285993425585e+00 -3.045487959675214906e+00 5.397691129337886906e+01 -2.568478438702872957e+00
4.197028462653462633e-01 7.101240918292048288e-02 -2.537049433656531239e+00 -2.669345415850059577e+00 5.288973478835779929e+01 -2.513825329057389979e+00
4.438056639488549560e-01 7.623049576801577132e-02 -3.395011770790141270e+00 -3.633376331865527220e+00 5.377433805700817260e+01 -1.400335954114058978e+00
3.550262828812036919e-01 6.038518749539518310e-02 -1.553046932437553984e+00 -1.040381132959853350e+00 5.172106898475371395e+01 -4.227628901613630141e+00
3.576992024029181927e-01 6.080052755155315736e-02 -2.908033282142111542e+00 -3.673950390005621180e+00 5.368035821608852842e+01 -2.243823207792982721e+00
4.368644454532373822e-01 7.422822110934804152e-02 -2.827722389870754860e+00 -3.537429456088586832e+00 5.340392409997382117e+01 -1.826370736517353155e+00
3.792107998705873673e-01 6.619282775329818347e-02 -3.872137821171395711e+00 -3.991640852254578320e+00 5.431283096394483323e+01 -1.353328729782770523e+00
2.999123057263505809e-01 5.059236669483307275e-02 -2.369546957399261355e+00 -1.760232066848141930e+00 5.265032718319985605e+01 -3.813562206135215238e+00
2.916094163350314572e-01 5.028387684266039104e-02 -3.096260337287268349e+00 -2.489672280098738977e+00 5.347069773648987479e+01 -3.177638083878917996e+00
4.104110010322921109e-01 7.165418496427812534e-02 -3.611473021053320576e+00 -3.894173492871468856e+00 5.409980588651059463e+01 -1.371262306948950238e+00
4.462109605320531136e-01 7.209827301421048440e-02 -1.535060309059419481e+00 -1.642322989095682306e+00 5.176375375770567189e+01 -3.321371298973902597e+00
3.887994682356937237e-01 6.601362751246536709e-02 -3.119061943997443631e+00 -3.229422276266000758e+00 5.354574056423214756e+01 -2.066769081653172524e+00
3.781211989057401968e-01 6.036953751093424719e-02 -2.665603211413928531e+00 -2.561248536604796122e+00 5.304278780177754271e+01 -2.646210251715884532e+00
3.709914725442383654e-01 6.169890589041842482e-02 -2.432411243405473211e+00 -2.225178015966663203e+00 5.277326733221357102e+01 -3.088720529845373708e+00
4.336939438043080353e-01 7.155627339872781822e-02 -1.802282524026248556e+00 -2.159801509603777703e+00 5.219791041422612210e+01 -3.050853602694126643e+00
3.291335155874872687e-01 5.587281049147892892e-02 -3.071637168000711959e+00 -2.701744860763816369e+00 5.345914962864898712e+01 -2.789273066655879596e+00
3.580731572530424511e-01 6.124361827856804330e-02 -1.950761605001848142e+00 -1.383561050697700967e+00 5.212442074987885121e+01 -3.828784967291006591e+00
4.397644669651057936e-01 7.002979992194532932e-02 -1.820807703256524634e+00 -2.228511949615740839e+00 5.222302132546489162e+01 -2.932241708242226963e+00
3.300969503330715149e-01 5.546710720163202518e-02 -2.027180004920229095e+00 -1.358900596028479679e+00 5.220320469940364916e+01 -3.968551141545361816e+00
3.827094428621606870e-01 6.137404178578344249e-02 -2.022770535034760897e+00 -1.872462187100994990e+00 5.234043302026051947e+01 -3.317468055096439716e+00
2.735090269501311844e-01 4.404851248948758735e-02 -2.640069800126919386e+00 -1.908123292201508114e+00 5.305773393421022632e+01 -3.809331026599894532e+00
2.853379830352698043e-01 4.817969592946082930e-02 -2.873715984857562855e+00 -2.096749824125386574e+00 5.316926940449252470e+01 -3.498406381159462786e+00
3.206526248463865136e-01 5.587584602029026931e-02 -2.685781747650040963e+00 -2.293277016936790424e+00 5.305190203710299102e+01 -3.349912747711664363e+00
3.956769936361104190e-01 6.563131327870642961e-02 -1.543971868578298601e+00 -1.678321612412789321e+00 5.191462856575804352e+01 -3.651900338665236667e+00
4.283598180623677254e-01 7.118989481973811428e-02 -1.281150219905919929e+00 -3.869291542945458851e+00 5.262023257331151171e+01 -2.701646483929641018e+00
2.705376284449416135e-01 4.431938179582255166e-02 -2.413345542530858978e+00 -1.567597830756833455e+00 5.273303533434408052e+01 -4.140804111214215766e+00
3.608530622568353885e-01 6.028045167061230059e-02 -1.610369314164886712e+00 -3.486110213152787018e+00 5.279990576601239383e+01 -3.118837524049812071e+00
3.511157283786890959e-01 5.767722518006393462e-02 -3.310164521230788637e+00 -3.197223427228476300e+00 5.376198215223535470e+01 -2.211906984127068210e+00
4.532311425856768161e-01 7.267166788287453272e-02 -1.980075794854219584e+00 -2.418378848828870886e+00 5.239515042756649166e+01 -2.680446566767184180e+00
2.647714443213681212e-01 4.321426247733354403e-02 -3.565539725642379310e+00 -2.530525389264103531e+00 5.391386585882259652e+01 -3.080900089386061858e+00
4.087566485796540472e-01 7.038698183456848501e-02 -3.742382055167256638e+00 -3.796538067195145416e+00 5.413429108832492176e+01 -1.359332453768736126e+00
4.475908799900537027e-01 6.886576700338171986e-02 -3.090691304078664547e+00 -3.476283651849829681e+00 5.356619943652678728e+01 -1.513001153080568484e+00
3.000314929839834055e-01 4.895794415807673550e-02 -3.362355418092761283e+00 -2.956291877165980075e+00 5.385545213895431260e+01 -2.681468053856009615e+00
4.310845330937382314e-01 7.550691301231360342e-02 -3.249694296072048516e+00 -3.522367890772615695e+00 5.365939866682528248e+01 -1.677178547732677938e+00
4.061148322081197803e-01 6.915176636517425535e-02 -3.357028186146956195e+00 -3.349021226726271561e+00 5.373039045470456188e+01 -1.811634078227266631e+00
3.881972166738049679e-01 6.461741154108169294e-02 -1.585563405636922774e+00 -1.323203252332193935e+00 5.179155581621952109e+01 -3.847977410396250075e+00
3.589878271333178938e-01 6.096466390657435258e-02 -2.866042479038304780e+00 -3.614444446713463321e+00 5.362661005442806328e+01 -2.285437798581370750e+00
4.259667109672718999e-01 7.220372330078100864e-02 -2.760182463128460384e+00 -3.320901530802871537e+00 5.329687691681252915e+01 -2.035670148493742726e+00
3.540235979113545706e-01 6.105271473147541594e-02 -3.689094844425787834e+00 -3.609961143674966788e+00 5.413315566087506880e+01 -1.826725029272696865e+00
3.365220272684846248e-01 5.682608305055033421e-02 -2.215654729675427426e+00 -1.771335387355409630e+00 5.246631691208494175e+01 -3.634679512560463177e+00
2.926250101805089043e-01 5.053051357253111886e-02 -3.063154863956613738e+00 -2.469533102701588323e+00 5.343521796342000840e+01 -3.197161967662615289e+00
3.836371264424016103e-01 6.534310228157197420e-02 -3.475421770656948350e+00 -3.579476337131051178e+00 5.394726673979290155e+01 -1.750842569492161438e+00
4.462109605320531136e-01 7.209827301421048440e-02 -1.535060309059419481e+00 -1.642322989095682306e+00 5.176375375770567189e+01 -3.321371298973902597e+00
3.589962730924813883e-01 6.054645534837677090e-02 -2.941214181220469293e+00 -2.810625491682717580e+00 5.334093052066171481e+01 -2.589447156247946857e+00
3.674661984696673822e-01 5.589813960638122248e-02 -3.236964595877890982e+00 -3.339887957452302381e+00 5.377755924143334454e+01 -1.985637422384003425e+00
3.622898001398014434e-01 6.037431356497291457e-02 -2.365537695630995252e+00 -2.055700088445092888e+00 5.267138599984514968e+01 -3.258634426970727027e+00
4.361795618082415227e-01 7.192263290773526219e-02 -1.764383764862884618e+00 -2.138144879727218672e+00 5.215987560901278641e+01 -3.066207229647798460e+00
3.215216478498573172e-01 5.454627723427590835e-02 -3.518067164827210824e+00 -3.190146923652187105e+00 5.397010466982283106e+01 -2.366430106258839317e+00
3.626465470639105848e-01 6.207054700441783784e-02 -2.192047836447667652e+00 -1.701574012156754190e+00 5.239739591680957176e+01 -3.514833060765105266e+00
4.397644669651057936e-01 7.002979992194532932e-02 -1.820807703256524634e+00 -2.228511949615740839e+00 5.222302132546489162e+01 -2.932241708242226963e+00
3.185559516861302676e-01 5.366555687967592553e-02 -2.008340808205973715e+00 -1.237893509837398431e+00 5.216859006474545168e+01 -4.122188961823358255e+00
3.829228156995043153e-01 6.159766797658064452e-02 -1.895423928168330718e+00 -1.734149808583989705e+00 5.220117381627861874e+01 -3.459811819305072422e+00
2.824442890302993336e-01 4.569160824138542021e-02 -2.612439760254991139e+00 -1.922976027810950006e+00 5.301885028943380007e+01 -3.753906656349911497e+00
2.799986407963109269e-01 4.638824866513538425e-02 -2.684247261493345693e+00 -1.762225423476221131e+00 5.291264082405086810e+01 -3.771500526744017812e+00
3.623118858044541146e-01 6.528688855926419177e-02 -1.964578784190442295e+00 -2.044739386007978332e+00 5.233125510249534784e+01 -3.613334965983719727e+00
3.995866603678321360e-01 6.613587034707119061e-02 -1.543099055419564491e+00 -1.739676866060714477e+00 5.193324456140499024e+01 -3.596528445597177992e+00
4.390034226276832152e-01 7.279061974063069651e-02 -1.022501886142022087e+00 -3.918382174892763636e+00 5.245687903374127359e+01 -2.765333430443217999e+00
2.726783249351949490e-01 4.471207647862540657e-02 -2.426119947414182132e+00 -1.597679062067061118e+00 5.274774637922813270e+01 -4.103261320434877568e+00
3.526325341862970864e-01 5.859452477666502596e-02 -2.067546503666865654e+00 -2.569949040759397896e+00 5.272624706781640924e+01 -3.295474569377201401e+00
3.603588353442502834e-01 5.868650054162397045e-02 -3.633480737674905647e+00 -3.746330250191557631e+00 5.417094854647841373e+01 -1.685727845023018645e+00
4.710047548195687162e-01 7.730858858428746316e-02 -1.190519738186297971e+00 -1.813997306778877716e+00 5.160115147492778931e+01 -3.355835812428316522e+00
2.625022494981496535e-01 4.274126713389138355e-02 -3.696872128207699948e+00 -2.645019367713365099e+00 5.406307091239364837e+01 -2.977985088588388063e+00
4.136977596590030726e-01 7.136412748452611310e-02 -3.821936508276185585e+00 -3.894437319410188891e+00 5.421307029070071337e+01 -1.237184392670262811e+00
4.234989814455319967e-01 6.698027787163295110e-02 -2.910170739545900886e+00 -3.113451418451236741e+00 5.333328388249042717e+01 -1.972907471565626070e+00
2.815356731530617163e-01 4.580891731748990003e-02 -3.433509299628356271e+00 -2.921440259867673195e+00 5.394116487514353508e+01 -2.792817098144135368e+00
4.325537036901463961e-01 7.593121378334843907e-02 -3.291006240740143252e+00 -3.576917387104145085e+00 5.370388173739019066e+01 -1.622799415748347851e+00
4.682067179728254258e-01 8.019026022676084553e-02 -3.532372163358342032e+00 -3.899730703275658072e+00 5.393232110324135675e+01 -1.040157262865093024e+00
3.729482513216119122e-01 6.199074346449940515e-02 -1.624420383854624284e+00 -1.207827232976494969e+00 5.180565632724584901e+01 -3.989668490132028733e+00
3.711935445220637120e-01 6.336893546956479106e-02 -3.107474304762955164e+00 -3.711581957033108559e+00 5.379018413149704969e+01 -2.021358653953793549e+00
4.878592434017066659e-01 9.096985338652849307e-02 -1.967098923855592041e+00 -3.578856268629108328e+00 5.273259315365454114e+01 -2.127824619787234361e+00
3.384352113024385877e-01 5.809525440869769963e-02 -3.764878226926537508e+00 -3.612657955578854274e+00 5.421498076371918984e+01 -1.871121560874453138e+00
3.365220272684846248e-01 5.682608305055033421e-02 -2.215654729675427426e+00 -1.771335387355409630e+00 5.246631691208494175e+01 -3.634679512560463177e+00
2.952932632876850150e-01 5.134627772811396762e-02 -3.208256084310724177e+00 -2.642157382983728375e+00 5.358970442124498135e+01 -3.016376270538448701e+00
3.889924243776756718e-01 6.614066469251586589e-02 -3.403790473553520268e+00 -3.527610211776349924e+00 5.386868598911835448e+01 -1.781816066234534368e+00
4.320007098279532998e-01 7.059323334219655410e-02 -1.984816586208204781e+00 -2.094134140457790672e+00 5.227051462613135868e+01 -2.954718572759347239e+00
3.423844538735300036e-01 5.751688976182544460e-02 -2.801898814414498062e+00 -2.634583917175514323e+00 5.321392235103260759e+01 -2.852169271343726997e+00
3.305049282844105263e-01 5.174576785415006819e-02 -3.368275074826242665e+00 -3.099149142638411902e+00 5.383999482383563162e+01 -2.278267607723137189e+00
3.617736213840501147e-01 6.028977418101064134e-02 -2.381077884981744219e+00 -2.070294338124919697e+00 5.268891571566456378e+01 -3.246892371274201938e+00
4.265870111811831400e-01 7.052559733452468116e-02 -1.772717268240864952e+00 -2.053751232264411808e+00 5.214639930247981425e+01 -3.158080466165751776e+00
3.317989715014218466e-01 5.596590245437975397e-02 -3.352363977438707288e+00 -3.024827289717890277e+00 5.378109199564804754e+01 -2.497779994973380102e+00
3.221698195727838443e-01 5.167315870124947197e-02 -2.198841492922903207e+00 -1.678578629082864815e+00 5.250265473245641346e+01 -3.718153321427737357e+00
4.340043565556608307e-01 6.738791560591922414e-02 -2.417650442942525402e+00 -2.837047800943835796e+00 5.287807804451072258e+01 -2.301763407893555602e+00
3.708793415744532918e-01 6.232219323345979112e-02 -1.820515355257012358e+00 -1.503439278793682998e+00 5.204204545288283867e+01 -3.718591744779169872e+00
3.829228156995043153e-01 6.159766797658064452e-02 -1.895423928168330718e+00 -1.734149808583989705e+00 5.220117381627861874e+01 -3.459811819305072422e+00
2.960725741601278882e-01 4.822256925717234577e-02 -2.679929732048694113e+00 -2.067998767351515443e+00 5.308586621283237861e+01 -3.554814995480463313e+00
3.043024815376346726e-01 5.081029093126351870e-02 -2.971206409688262440e+00 -2.346790996566077148e+00 5.329691262187862577e+01 -3.172396357841872128e+00
3.387906506503518544e-01 5.974902924827095452e-02 -2.278931039772820188e+00 -2.064013898671746006e+00 5.262227132303336674e+01 -3.555984654017965596e+00
4.063344771538411893e-01 6.563492745200844025e-02 -1.823186763256948506e+00 -2.082636524368119524e+00 5.224181619839392710e+01 -3.214529822514349711e+00
4.390034226276832152e-01 7.279061974063069651e-02 -1.022501886142022087e+00 -3.918382174892763636e+00 5.245687903374127359e+01 -2.765333430443217999e+00
2.729897672424188571e-01 4.483154675215014068e-02 -2.102375742366088041e+00 -1.316208950703427805e+00 5.241250682039792252e+01 -4.414794672132543063e+00
4.337486641446812174e-01 7.547914085253240590e-02 -1.616190378124082949e+00 -3.069272008389817508e+00 5.240450819006277783e+01 -2.814151501546756862e+00
3.604484923113924766e-01 5.892721068132331791e-02 -3.431432106015796180e+00 -3.472964575961645650e+00 5.393096699363421465e+01 -1.940201029486826600e+00
4.843013498956331708e-01 7.919189516696158171e-02 -1.132178611537081547e+00 -1.565552769611635586e+00 5.141102725329609058e+01 -3.398754214340483859e+00
2.953706272116446430e-01 4.875557776850032721e-02 -3.360126626069516842e+00 -2.674730753100549308e+00 5.374868960279432173e+01 -2.891487865218698605e+00
4.136977596590030726e-01 7.136412748452611310e-02 -3.821936508276185585e+00 -3.894437319410188891e+00 5.421307029070071337e+01 -1.237184392670262811e+00
4.298256904254615929e-01 6.886598261017647105e-02 -2.906148349144889842e+00 -3.125606845552579838e+00 5.331593323424556985e+01 -1.946727766052170239e+00
3.452876323678855108e-01 5.711079767624130388e-02 -3.191632227141227851e+00 -2.966395844783347613e+00 5.364012664996558044e+01 -2.456893271730700157e+00
4.168374855557851477e-01 7.221517889196966966e-02 -2.822418183910856637e+00 -2.916521248078140616e+00 5.316943640123899684e+01 -2.278609308039967196e+00
4.654171784503831621e-01 8.050883114581380839e-02 -3.331979139806615198e+00 -3.632550790269054808e+00 5.367680005412490374e+01 -1.312308353755426982e+00
3.737894887718137271e-01 6.210170720345676437e-02 -1.592339729476601518e+00 -1.168285510205131938e+00 5.176713288095110244e+01 -4.020579118480338110e+00
3.687462749439113230e-01 6.294913078966848929e-02 -3.161935824700041309e+00 -3.748495912509579142e+00 5.384644398715921909e+01 -1.988412054916546268e+00
4.861987250132722149e-01 9.054961852468859651e-02 -1.961643537933878800e+00 -3.543765485064501508e+00 5.271853890639742701e+01 -2.155377529496468547e+00
3.384352113024385877e-01 5.809525440869769963e-02 -3.764878226926537508e+00 -3.612657955578854274e+00 5.421498076371918984e+01 -1.871121560874453138e+00
3.365220272684846248e-01 5.682608305055033421e-02 -2.215654729675427426e+00 -1.771335387355409630e+00 5.246631691208494175e+01 -3.634679512560463177e+00
3.072474651825524150e-01 5.303151340729751750e-02 -3.002898506882375695e+00 -2.490546441387412990e+00 5.336741681754136835e+01 -3.108493765608434156e+00
3.889924243776756718e-01 6.614066469251586589e-02 -3.403790473553520268e+00 -3.527610211776349924e+00 5.386868598911835448e+01 -1.781816066234534368e+00
4.118017878693907008e-01 6.674100233261656689e-02 -2.054140027557692427e+00 -1.883818633106873586e+00 5.226521932637816548e+01 -3.150703370388177493e+00
3.873656230109042697e-01 6.683135329963747762e-02 -2.365271183772079233e+00 -2.385487556620907501e+00 5.271492384156250921e+01 -2.951391153621579555e+00
3.150297966800520988e-01 4.969104213379299528e-02 -3.067993634322769836e+00 -2.658447195003296848e+00 5.350061982533861737e+01 -2.805694028495381076e+00
3.803139371432016080e-01 6.458135102560327856e-02 -2.347227387920484798e+00 -2.220156110552307549e+00 5.268492313745296940e+01 -3.108152684998375381e+00
4.265870111811831400e-01 7.052559733452468116e-02 -1.772717268240864952e+00 -2.053751232264411808e+00 5.214639930247981425e+01 -3.158080466165751776e+00
3.254682237802580258e-01 5.378764256169745600e-02 -3.269643654016639811e+00 -2.906501200966632670e+00 5.369824901224533420e+01 -2.599107090779427587e+00
3.054530909104586911e-01 4.855413346552249487e-02 -2.396995772525782442e+00 -1.707988356797486729e+00 5.268141963937151928e+01 -3.708963344688319008e+00
4.263940248745714534e-01 6.632395667160415065e-02 -2.325298909398916258e+00 -2.618406706415555174e+00 5.274199929374302798e+01 -2.510883449960591651e+00
3.938936277634406125e-01 6.542689225655975993e-02 -1.735221449235666569e+00 -1.681594846307551627e+00 5.202500833653304824e+01 -3.541892432507199207e+00
3.833370543700790889e-01 6.163592408322653149e-02 -1.867809904484147188e+00 -1.706505251710636495e+00 5.217085354910621930e+01 -3.483560807817926985e+00
2.782949011824827346e-01 4.501244851987171863e-02 -2.530158089222303008e+00 -1.789161943446875291e+00 5.292392219856810698e+01 -3.908814921450585622e+00
3.045311309040986125e-01 5.036194678652701484e-02 -2.857099136181686649e+00 -2.219847985038111648e+00 5.317460171094988652e+01 -3.279023076262210346e+00
3.352752355582976351e-01 5.935630281425121474e-02 -2.189041738227780698e+00 -1.885267961951370808e+00 5.249556355645758288e+01 -3.722477419221082329e+00
4.124234712870922803e-01 6.777464043231316848e-02 -1.942047983005964262e+00 -2.235748593334438983e+00 5.236223276543116611e+01 -3.053739773694313264e+00
4.269223633051092981e-01 7.092845296757258056e-02 -1.264237096395801396e+00 -3.595683152632409119e+00 5.249694815887497867e+01 -2.841064239072669029e+00
2.691823399769072700e-01 4.475228439868227798e-02 -1.968953407436625724e+00 -1.140985180916044728e+00 5.226166361355333123e+01 -4.628035980714598097e+00
4.111430132807419868e-01 7.011923545270583313e-02 -1.202028994363142811e+00 -2.077174148803580866e+00 5.178993897634834553e+01 -3.648319137914575627e+00
3.300366066314808777e-01 5.428752578078563373e-02 -3.913815091313819217e+00 -3.733838922783816017e+00 5.440380879690049198e+01 -1.768466181116365998e+00
4.378725645454397131e-01 7.143014055413510199e-02 -1.856188548186043175e+00 -2.123232521392626193e+00 5.221276188700302612e+01 -3.010678514053434007e+00
3.162229624225990632e-01 5.275392832233976453e-02 -3.026120287544828535e+00 -2.572416773803355650e+00 5.341783336088507639e+01 -2.962058802727182361e+00
3.997505354195127203e-01 6.803441174064403518e-02 -3.754532699701712328e+00 -3.769033066790580921e+00 5.415983726690435418e+01 -1.401816035063286225e+00
4.298256904254615929e-01 6.886598261017647105e-02 -2.906148349144889842e+00 -3.125606845552579838e+00 5.331593323424556985e+01 -1.946727766052170239e+00
3.806421267260360342e-01 6.186261447331367624e-02 -2.748639327319901682e+00 -2.810656414064190312e+00 5.320102000652835272e+01 -2.532317039227407474e+00
4.623610438320822080e-01 8.196965727913421706e-02 -2.103496169949691019e+00 -2.328946825010076438e+00 5.236008591706612947e+01 -2.716033934982117870e+00
4.720415507101972663e-01 8.213666546370219923e-02 -3.584047909153535549e+00 -3.887211108002591509e+00 5.392361636827691029e+01 -1.012090521911677587e+00
3.734960063086427695e-01 6.202180602544778848e-02 -1.555505688930737263e+00 -1.119879503911311858e+00 5.172416800205391496e+01 -4.066209261035505840e+00
3.836649911782407107e-01 6.246311784467988709e-02 -2.527654803049257382e+00 -3.174582007325066790e+00 5.318498558791949193e+01 -2.484293170578535825e+00
4.844464315982586200e-01 9.146887218639454531e-02 -2.039918684316996078e+00 -3.777499991143380420e+00 5.286263045252914594e+01 -2.050713029455052627e+00
3.389670948328630251e-01 5.892974628547247018e-02 -3.885212666812103866e+00 -3.757320579861938015e+00 5.433888120531356947e+01 -1.741153946522757234e+00
3.093549946014603202e-01 5.240329600258288034e-02 -2.554584093563396330e+00 -1.956834621961528242e+00 5.283407558456344333e+01 -3.558711149626556658e+00
3.072474651825524150e-01 5.303151340729751750e-02 -3.002898506882375695e+00 -2.490546441387412990e+00 5.336741681754136835e+01 -3.108493765608434156e+00
3.865045201978026257e-01 6.556339952531091420e-02 -3.188162450965893235e+00 -3.265459850990438451e+00 5.362857216249810222e+01 -2.043668163417929673e+00
4.169562876308829380e-01 6.762447361592500983e-02 -1.932746346262435244e+00 -1.728494143079795098e+00 5.210578017989080735e+01 -3.259168784425289456e+00
3.921297311788011775e-01 6.776385220054458036e-02 -2.340836799855852579e+00 -2.399380986045754227e+00 5.269314303410610734e+01 -2.927969231928969407e+00
3.352290766290419999e-01 5.306503033189590574e-02 -3.039515627687947585e+00 -2.740647770776893033e+00 5.346812270340682716e+01 -2.654551862728482980e+00
4.119048996073461644e-01 7.025771337236591529e-02 -1.648940998187415019e+00 -1.611108839285478656e+00 5.190429799524895316e+01 -3.575986208405322664e+00
4.234281529020141877e-01 7.027241313115346888e-02 -1.749353421097776806e+00 -2.034303223086135315e+00 5.212782422753380729e+01 -3.199338689113894851e+00
2.963782017422155746e-01 4.900936007619202672e-02 -3.372555894388933773e+00 -2.892929825300613267e+00 5.383180459335083867e+01 -2.771798479431246687e+00
3.530260073752670147e-01 5.641103550379274190e-02 -2.193165524142010270e+00 -1.823236786122012454e+00 5.248665043233013705e+01 -3.466666827379722537e+00
4.405094284365050350e-01 6.786542608470072513e-02 -2.307829878592146056e+00 -2.728762694188087146e+00 5.274478532133345254e+01 -2.378274837754695614e+00
4.218916469625738075e-01 6.955439033772761737e-02 -1.378725290929066594e+00 -1.486693773367772531e+00 5.166087019605379282e+01 -3.635540365629977622e+00
3.899546062315207284e-01 6.231582057052217904e-02 -1.818640197384714607e+00 -1.697341168906998154e+00 5.212908823893295818e+01 -3.462199379067764760e+00
2.782949011824827346e-01 4.501244851987171863e-02 -2.530158089222303008e+00 -1.789161943446875291e+00 5.292392219856810698e+01 -3.908814921450585622e+00
2.966507887272028521e-01 4.910317622853323932e-02 -2.710008751998010279e+00 -2.106203491548762408e+00 5.306475640633285451e+01 -3.494061829537312036e+00
3.809191113899302872e-01 6.480091031036232241e-02 -1.913432106511751662e+00 -1.893582810386175819e+00 5.224384480221733895e+01 -3.497365065633099235e+00
4.345203985214911580e-01 7.202423214455737355e-02 -1.679654971610015757e+00 -2.096265732327916353e+00 5.208079930483854980e+01 -3.135341159891287255e+00
4.269223633051092981e-01 7.092845296757258056e-02 -1.264237096395801396e+00 -3.595683152632409119e+00 5.249694815887497867e+01 -2.841064239072669029e+00
2.627281638865502922e-01 4.386667992530272203e-02 -1.954323982021025197e+00 -1.080331046387400962e+00 5.224194388938369826e+01 -4.714953662771921294e+00
3.865589602007507009e-01 6.623109263266041546e-02 -1.576943916117367728e+00 -1.952204027741720527e+00 5.203190315504799202e+01 -3.650355543624027366e+00
3.530831410749368238e-01 5.650767106771872189e-02 -3.867772073752879791e+00 -3.730167163772515782e+00 5.435032145436148454e+01 -1.631398719547108689e+00
4.248060421802411502e-01 6.842687356033064217e-02 -2.602482589960323889e+00 -2.929523788007712959e+00 5.305710016073876290e+01 -2.263258621972089824e+00
2.829717359477788019e-01 4.637875188474543942e-02 -2.833925933915559359e+00 -2.145457741537906582e+00 5.320808324223698804e+01 -3.510994153452009936e+00
3.888407440258302983e-01 6.612292435857493322e-02 -3.247799928894370858e+00 -3.170519517600635329e+00 5.361800491010234282e+01 -2.061539358323123849e+00
4.298256904254615929e-01 6.886598261017647105e-02 -2.906148349144889842e+00 -3.125606845552579838e+00 5.331593323424556985e+01 -1.946727766052170239e+00
3.806421267260360342e-01 6.186261447331367624e-02 -2.748639327319901682e+00 -2.810656414064190312e+00 5.320102000652835272e+01 -2.532317039227407474e+00
4.213768116589140522e-01 7.157171292884988156e-02 -2.007048972790534513e+00 -2.053471252989786944e+00 5.229633366692254270e+01 -3.087635243489278203e+00
4.424669789537293285e-01 7.669249630352975577e-02 -3.316020226033239204e+00 -3.454353312287655964e+00 5.364723554441521713e+01 -1.572439784754880776e+00
3.496191742923072665e-01 5.792110450191854248e-02 -1.908191712573067189e+00 -1.408899002696238467e+00 5.213332351568868717e+01 -3.903148333957805249e+00
4.065869950171777658e-01 6.488327915630180687e-02 -2.549794965100462107e+00 -3.125001146499466920e+00 5.313027230305196724e+01 -2.317345472894412506e+00
4.833953920871048027e-01 9.110950807750799185e-02 -2.030203960572787736e+00 -3.741295768312466130e+00 5.284423137343131316e+01 -2.075679051496694516e+00
3.340784982174768158e-01 5.832778915463223551e-02 -3.514422396457328901e+00 -3.281095035372744384e+00 5.390832617395346205e+01 -2.219220674782594216e+00
3.360133989232291229e-01 5.738229745874695586e-02 -2.302247191675981242e+00 -1.887869248664869604e+00 5.257295476399175982e+01 -3.560577264509250384e+00
3.072474651825524150e-01 5.303151340729751750e-02 -3.002898506882375695e+00 -2.490546441387412990e+00 5.336741681754136835e+01 -3.108493765608434156e+00
3.886988743766454091e-01 6.530621484640715402e-02 -3.524081342172603382e+00 -3.575504709237579348e+00 5.397695979691463464e+01 -1.683967234744064845e+00
4.847480341731839060e-01 8.333615442967148845e-02 -2.323381632268557873e+00 -2.805942089621312530e+00 5.264903166028806680e+01 -2.159398514084834630e+00
4.131870644902952416e-01 7.339914999043960220e-02 -2.049112804490126560e+00 -2.236571685456266501e+00 5.236893968145761846e+01 -3.071215989159240767e+00
3.334079884085525691e-01 5.259381891763371952e-02 -3.091843860658698873e+00 -2.769902536166419793e+00 5.351992472954383828e+01 -2.618270858250703270e+00
3.942220685546681258e-01 6.712851976332243065e-02 -1.484411638889328255e+00 -1.382875511104792565e+00 5.174303075306092126e+01 -3.888554135316285798e+00
4.235813662324674489e-01 7.284422034646170774e-02 -2.474595586689629201e+00 -3.061181005198221339e+00 5.302810503362312033e+01 -2.428876791204023888e+00
2.990135799402996453e-01 4.998457750986001064e-02 -3.282928200190245782e+00 -2.795367336079791709e+00 5.371920842466444412e+01 -2.853434132247987254e+00
3.823902985955032197e-01 5.890855645898969428e-02 -1.883663321687902847e+00 -1.790243652812463893e+00 5.222537562607674744e+01 -3.424400513468227381e+00
4.514300779766997618e-01 6.954843191130549718e-02 -2.387531249333495253e+00 -2.905111472390752070e+00 5.284238298436102355e+01 -2.181706652533738744e+00
4.167324060829196153e-01 6.896989125089539319e-02 -1.453142034142985484e+00 -1.569014564182482641e+00 5.175057990829127874e+01 -3.598497023762083913e+00
3.807923336451183305e-01 6.013206536984593009e-02 -1.690864112750210202e+00 -1.593063473293293120e+00 5.203313941015591837e+01 -3.646742062169649579e+00
2.887693581693740463e-01 4.755392923805021321e-02 -2.509992518150130358e+00 -1.808061881403215887e+00 5.286017457725321833e+01 -3.826517741333770761e+00
2.913824835249366196e-01 4.715014130457916008e-02 -2.564393980626105130e+00 -1.915121318697566188e+00 5.291428399872387445e+01 -3.685753087223938351e+00
3.655222621905330205e-01 6.193274304663837909e-02 -2.058976364410437299e+00 -1.932431199212377715e+00 5.239383535353268684e+01 -3.496761524154762046e+00
4.690286007633658327e-01 7.749444038540195812e-02 -1.646983344593266452e+00 -2.324259438067071137e+00 5.206888994846689656e+01 -2.824715249091825697e+00
4.269223633051092981e-01 7.092845296757258056e-02 -1.264237096395801396e+00 -3.595683152632409119e+00 5.249694815887497867e+01 -2.841064239072669029e+00
2.929799257456093264e-01 4.916938222030712430e-02 -1.963645880039671221e+00 -1.269564141766035714e+00 5.225311056482387073e+01 -4.401647909372487177e+00
3.956794892416463094e-01 6.642654963289859604e-02 -1.753535935955420122e+00 -2.110495900592577634e+00 5.219837955467610158e+01 -3.390915686660979311e+00
3.537045908231931102e-01 5.654221399947358812e-02 -3.892468243808032469e+00 -3.762852218336303345e+00 5.437942237020357794e+01 -1.596984454160833788e+00
4.302538304278988313e-01 6.844497851368212815e-02 -3.000187146090800283e+00 -3.683694678621475482e+00 5.364115272217544828e+01 -1.638782684017988878e+00
2.829717359477788019e-01 4.637875188474543942e-02 -2.833925933915559359e+00 -2.145457741537906582e+00 5.320808324223698804e+01 -3.510994153452009936e+00
3.940439032322297641e-01 6.627965538655455902e-02 -2.766100729029427274e+00 -2.761189902115611439e+00 5.314273183224414510e+01 -2.500560897508322888e+00
4.298256904254615929e-01 6.886598261017647105e-02 -2.906148349144889842e+00 -3.125606845552579838e+00 5.331593323424556985e+01 -1.946727766052170239e+00
4.044341322321849397e-01 6.585062638492727993e-02 -2.400761995922091163e+00 -2.641738587455553233e+00 5.285685302605897817e+01 -2.674768289044279879e+00
4.075614738858615027e-01 6.981075143555569296e-02 -2.353379136644449865e+00 -2.268921974486625359e+00 5.263391730771416377e+01 -2.894223922320685816e+00
4.290142183524598973e-01 7.301032372271866466e-02 -3.085355868184540551e+00 -3.241524927205905016e+00 5.345687802558480684e+01 -1.873167219516748361e+00
3.464384670259252896e-01 5.756376503348940160e-02 -1.851523528307712496e+00 -1.294749912864939567e+00 5.205435839572830048e+01 -4.012134975475570187e+00
4.076458019249548648e-01 6.549966522361840016e-02 -2.338801962754219588e+00 -2.835420576730111719e+00 5.287488509623230470e+01 -2.575249143466398216e+00
4.800832948752208340e-01 8.997146466564993894e-02 -1.998734655344712063e+00 -3.616032116682298181e+00 5.278091694186110772e+01 -2.160046459420793319e+00
3.555592665598869551e-01 6.354713188241845057e-02 -3.288435561344341451e+00 -3.222133092758263651e+00 5.366581739845481280e+01 -2.257252355741036887e+00
3.373147974809308502e-01 5.757913112110853854e-02 -2.270549051115640093e+00 -1.860603551801368383e+00 5.253701253524442194e+01 -3.581029957570916356e+00
3.134215875012233976e-01 5.339051149110778105e-02 -3.362042914883727196e+00 -2.675712407946110538e+00 5.365661531714435739e+01 -2.750964434447073614e+00
4.028959455414675150e-01 6.653505483763053063e-02 -3.310769456645338060e+00 -3.420198935504549898e+00 5.374877191237450091e+01 -1.774672772412231092e+00
4.695830466123322999e-01 7.906441092193197684e-02 -2.338876211058156240e+00 -2.958911848877710860e+00 5.276433784884711997e+01 -2.159762100179511091e+00
4.142879736967314819e-01 7.406320194476140317e-02 -2.088101539225252878e+00 -2.366995001221737560e+00 5.243639132240282663e+01 -2.995759653059265393e+00
3.588324064238588296e-01 5.715260731094981561e-02 -2.781365863042942976e+00 -2.633133580430699894e+00 5.319568258417994144e+01 -2.687961341636387225e+00
4.003231830453279905e-01 7.128708696050967131e-02 -1.281941894575088003e+00 -1.177160097180293352e+00 5.149865675133827381e+01 -4.122249392130822088e+00
4.038006380655749239e-01 6.684815309240579873e-02 -2.641189470372666381e+00 -2.866933494130785576e+00 5.311464297253406386e+01 -2.522991449654742535e+00
2.695762195344320045e-01 4.370902116587734032e-02 -3.676670175279949326e+00 -3.062352376428305600e+00 5.418943186710711046e+01 -2.711519538208833513e+00
3.821107033662003993e-01 5.887331883847139735e-02 -1.886335749108777105e+00 -1.791242622843248755e+00 5.222813929871453809e+01 -3.424644041115204374e+00
4.127852867154100380e-01 6.841617764927306056e-02 -2.136508513214542493e+00 -2.372142610638261040e+00 5.251795888450786975e+01 -2.911123757873313789e+00
4.248043533398643823e-01 7.111816119246484880e-02 -1.545464819762678355e+00 -1.643116430818858165e+00 5.181790288120809862e+01 -3.479903454581408706e+00
3.908383715853042117e-01 6.266128965935330308e-02 -1.486963436422817475e+00 -1.289534174367596542e+00 5.175419365292157181e+01 -3.865890251288875756e+00
2.861106458967268007e-01 4.729550210575759334e-02 -2.680852219441829387e+00 -1.893837899273013825e+00 5.300604347504354763e+01 -3.706486178204786874e+00
3.097917142918240052e-01 5.068407611207875751e-02 -2.552491453753000350e+00 -2.076712508498624210e+00 5.293123910866671622e+01 -3.508144044260049998e+00
3.906409583440695332e-01 6.670941861335590028e-02 -1.986082281799174343e+00 -2.050957034752166397e+00 5.231930393534501889e+01 -3.308226222597511423e+00
4.306918829137617033e-01 7.151335230355787553e-02 -1.897849298940733842e+00 -2.265357756792983679e+00 5.229191632152676306e+01 -2.973598538024314841e+00
4.304416041284643835e-01 7.029541411328586731e-02 -1.063137238982712951e+00 -3.943912967160914107e+00 5.252974632843331904e+01 -2.782095049876893711e+00
2.951126844441195329e-01 4.952581269204477110e-02 -1.802369848843758282e+00 -1.139219952714431550e+00 5.208852729195552200e+01 -4.540371886062393614e+00
4.015001080636254049e-01 6.794536259549037449e-02 -1.577184388328862319e+00 -1.999029726417786090e+00 5.201804556249157940e+01 -3.518164280422116708e+00
3.531274914110834051e-01 5.589477263655503320e-02 -3.612036394990514765e+00 -3.460376190234529137e+00 5.408357101530377520e+01 -1.870823612465688068e+00
3.973480101138971987e-01 6.400637004736428604e-02 -2.639329650838789565e+00 -2.909487146622868448e+00 5.314635810972168883e+01 -2.444617615069804462e+00
2.744737565084409692e-01 4.529747895723990059e-02 -2.857424142381938648e+00 -2.121047762369242307e+00 5.323150222061094894e+01 -3.571024964424957648e+00
4.258115364974580652e-01 7.227318973532395607e-02 -2.613040752722322502e+00 -2.654289435148295961e+00 5.292363404937408689e+01 -2.415421228334424075e+00
4.301251694003596637e-01 6.867171923438067371e-02 -3.016256319358374238e+00 -3.246162281325021937e+00 5.343750355727006252e+01 -1.823427383810111380e+00
4.321858902714855732e-01 7.047439027181762183e-02 -2.421085493130755051e+00 -2.868479765493896050e+00 5.289460153729227443e+01 -2.360817123300232190e+00
4.189386379165305208e-01 7.408550213678032070e-02 -1.759411499158066716e+00 -1.402768377482187301e+00 5.184546035396930108e+01 -3.594076264179628666e+00
4.165265810886678577e-01 7.096406016411602180e-02 -2.935560749218925292e+00 -3.251430408742054468e+00 5.339130851802990918e+01 -2.048830462262589691e+00
3.555585658294884710e-01 5.930152927133917201e-02 -2.011521188756245415e+00 -1.530338659700022808e+00 5.223390922127925506e+01 -3.754163929754077866e+00
4.023519294287931092e-01 6.520630799192936311e-02 -2.296760312389109160e+00 -2.701286457327544355e+00 5.279992152614497769e+01 -2.708118044713633488e+00
4.895976997161805566e-01 8.759723378917980141e-02 -2.522248466242325904e+00 -3.947679519212803356e+00 5.324814253531681629e+01 -1.582142461322754157e+00
3.821584554651102916e-01 6.613695623272028423e-02 -2.477955704047039909e+00 -3.355285857311592679e+00 5.319428776643891865e+01 -2.512667826356030254e+00
3.139266286993545596e-01 5.453010347026375493e-02 -1.865523759604036380e+00 -1.272276670126808895e+00 5.206791151908254989e+01 -4.262473073736906315e+00
3.190936208779328043e-01 5.445470506802944227e-02 -3.304584563781082007e+00 -2.644313174554347334e+00 5.359333173837986664e+01 -2.761988678779323969e+00
3.933186662028188563e-01 6.483811686335237690e-02 -3.422053555623820298e+00 -3.475411051883616764e+00 5.386839229694846409e+01 -1.741142625773721031e+00
4.670216416770771040e-01 7.781458586164863300e-02 -2.469145543570010037e+00 -3.098667552471342734e+00 5.291440781470226540e+01 -2.022372573951286334e+00
3.898751539252789389e-01 6.780197160729034556e-02 -1.841258946255676765e+00 -1.885005842800938414e+00 5.215708303945592661e+01 -3.493985203162148778e+00
3.444478247542480109e-01 5.369831773316825763e-02 -3.460778907304490559e+00 -3.312714355960452828e+00 5.396224323027375647e+01 -2.054517020553783713e+00
3.988794279363718220e-01 7.121338790145530229e-02 -1.241084408549060880e+00 -1.114583100263594417e+00 5.144846497190678036e+01 -4.185894566896601887e+00
4.812169346161757622e-01 7.820373259641372199e-02 -2.946409438682865201e+00 -3.859151479719621580e+00 5.354979022473685291e+01 -1.328629655670408471e+00
2.695762195344320045e-01 4.370902116587734032e-02 -3.676670175279949326e+00 -3.062352376428305600e+00 5.418943186710711046e+01 -2.711519538208833513e+00
3.940821588263599962e-01 6.165921354634286422e-02 -1.932801427432469188e+00 -1.936765989485152328e+00 5.228546614984566787e+01 -3.267447004264307342e+00
4.261212467725700170e-01 7.222572382486290576e-02 -1.702131208179044286e+00 -1.907941219822887113e+00 5.197509713604502934e+01 -3.314129252135021186e+00
4.162995474392937600e-01 7.004381081309379864e-02 -1.835431737960684817e+00 -1.845490438986392867e+00 5.209613716271004336e+01 -3.279409244505556487e+00
3.616603476317220567e-01 5.707029473894036087e-02 -1.457328064492561470e+00 -1.079979305023055058e+00 5.172615233592681960e+01 -4.173789246207626924e+00
2.864383409813447967e-01 4.741157813193544457e-02 -2.682339298143916473e+00 -1.897375285092341990e+00 5.300721283545608031e+01 -3.702337732323951247e+00
2.901972025493116947e-01 4.702754833191463701e-02 -2.899886268768657516e+00 -2.333968797856157185e+00 5.332165051995031035e+01 -3.329476504136728909e+00
3.934734448067854218e-01 6.522948822046246986e-02 -2.680977151028152594e+00 -2.867349088921680611e+00 5.309699860989247355e+01 -2.472584789947127604e+00
3.312153605178838056e-01 5.630248288392638439e-02 -1.894339314378509886e+00 -1.569625352588526201e+00 5.222464752457873516e+01 -3.993744272928193340e+00
4.304416041284643835e-01 7.029541411328586731e-02 -1.063137238982712951e+00 -3.943912967160914107e+00 5.252974632843331904e+01 -2.782095049876893711e+00
2.966974908676308642e-01 4.991845826059734814e-02 -1.647713267833168960e+00 -1.006369669669447964e+00 5.192699881893485525e+01 -4.687177236798177660e+00
4.069860719737899424e-01 7.110998697796502843e-02 -1.455662487183266185e+00 -1.845473889126129308e+00 5.185258639697080696e+01 -3.665979011832292134e+00
3.582854882967139165e-01 5.633067056320936739e-02 -3.849626814409062625e+00 -3.765354080069731602e+00 5.435131810331888857e+01 -1.541611092520596582e+00
4.550903534576606346e-01 7.251579240064177923e-02 -2.616148653098453902e+00 -3.099502056914845038e+00 5.308049498449468473e+01 -1.945056864758691439e+00
2.744737565084409692e-01 4.529747895723990059e-02 -2.857424142381938648e+00 -2.121047762369242307e+00 5.323150222061094894e+01 -3.571024964424957648e+00
4.187154543276302432e-01 7.115929190037706409e-02 -2.499631236434416426e+00 -2.546800497872204083e+00 5.281620117931983316e+01 -2.582719914940328820e+00
4.732545222250982286e-01 7.564033458369823215e-02 -3.158355923057718950e+00 -3.617020837350928719e+00 5.358379585445965176e+01 -1.300417914975983358e+00
4.414404272998425083e-01 7.190729528188694042e-02 -2.566911773783202566e+00 -3.009496788648029053e+00 5.303382433811495389e+01 -2.143307449481832716e+00
4.144291483211867133e-01 7.237228002590612164e-02 -2.431224927125941626e+00 -2.188869160679162817e+00 5.261818537944631657e+01 -2.860572053808763560e+00
4.157501097660150635e-01 7.086195700766662053e-02 -3.035378991842756946e+00 -3.360155492226732044e+00 5.350591881933209493e+01 -1.946433124273874160e+00
3.198772290171675303e-01 5.137937460046651528e-02 -1.757139631511229760e+00 -1.131204701582033456e+00 5.200100024623323236e+01 -4.295768095176676127e+00
4.410204156665638586e-01 7.396671713745042731e-02 -2.202004115343384694e+00 -3.329424734237997452e+00 5.288525132626883618e+01 -2.280028709602491599e+00
4.800204965520730171e-01 8.766192117244248072e-02 -3.127110079336982817e+00 -3.849318966730516767e+00 5.359803665687960006e+01 -1.348206918320421721e+00
3.806965930825809141e-01 6.593499578198612487e-02 -2.477940593560027605e+00 -3.359156746057176957e+00 5.319878663774853322e+01 -2.521449989987159856e+00
3.428260105973774952e-01 5.978771401232818583e-02 -1.521847433864447874e+00 -1.224615013992971901e+00 5.175757897662161611e+01 -4.283603136453518090e+00
3.092838211025046302e-01 5.279249130712659888e-02 -3.328134353600912032e+00 -2.566129612419142614e+00 5.359765162359401103e+01 -2.849027808828938912e+00
3.933186662028188563e-01 6.483811686335237690e-02 -3.422053555623820298e+00 -3.475411051883616764e+00 5.386839229694846409e+01 -1.741142625773721031e+00
4.628846261045019839e-01 7.705954109643908811e-02 -2.493973987901934031e+00 -3.096115341260483156e+00 5.294026490385934380e+01 -2.037195633318848564e+00
3.534990083624337531e-01 6.013739237075858834e-02 -2.111229506997985617e+00 -1.949184862513274830e+00 5.246364980498317010e+01 -3.542912324969785143e+00
3.432669879333213325e-01 5.328704669429411289e-02 -3.434003313026180226e+00 -3.303744357400300036e+00 5.394641353963680785e+01 -2.077062624946212743e+00
5.061127064814440191e-01 9.386448380706363670e-02 -2.854652380195628503e+00 -3.727261985089249663e+00 5.329505607754705210e+01 -1.377277902426538692e+00
4.392679420272861401e-01 7.039169709869474989e-02 -2.473615034109089450e+00 -3.005156685991958732e+00 5.299226417993020277e+01 -2.240957061520548521e+00
2.690742144270281688e-01 4.338431757670514061e-02 -3.784330418366566029e+00 -3.193000048001544577e+00 5.431796660813424182e+01 -2.588970511658295059e+00
4.069249207480489794e-01 6.446518942722069545e-02 -1.975799858459270641e+00 -2.024973144315217244e+00 5.231385991455062623e+01 -3.131029329420672802e+00
4.265839643541058934e-01 7.224518819504158196e-02 -1.708555418251749503e+00 -1.907719308892400267e+00 5.197765351552487800e+01 -3.305734679044250779e+00
4.059013485794968901e-01 6.916268182794491071e-02 -1.558061156745715214e+00 -1.407641487073442166e+00 5.174383712987224015e+01 -3.714423643714156675e+00
3.788426422043486563e-01 6.047309790428914006e-02 -1.595685929771279987e+00 -1.509412131075899444e+00 5.192141003267204269e+01 -3.804807587999808671e+00
2.864383409813447967e-01 4.741157813193544457e-02 -2.682339298143916473e+00 -1.897375285092341990e+00 5.300721283545608031e+01 -3.702337732323951247e+00
2.713789014448257375e-01 4.318396294005370784e-02 -2.983355385663441162e+00 -2.363002078705044084e+00 5.343954562262146624e+01 -3.390239461746340055e+00
4.466965876519501943e-01 7.245253895600042848e-02 -3.194347249628215923e+00 -3.926765417252353618e+00 5.376236319875317804e+01 -1.301156226429660556e+00
3.387488136151913243e-01 5.764149222639615433e-02 -2.141537629554266520e+00 -1.833180552373163241e+00 5.247861300694719944e+01 -3.678916608581109138e+00
4.307275479379323313e-01 7.035039480435172077e-02 -1.061498472376160240e+00 -3.955819177415359267e+00 5.253308710380129298e+01 -2.776309369876527988e+00
2.966974908676308642e-01 4.991845826059734814e-02 -1.647713267833168960e+00 -1.006369669669447964e+00 5.192699881893485525e+01 -4.687177236798177660e+00
4.071633588208016241e-01 7.142825391314226724e-02 -1.438926481155895276e+00 -1.917033077844526368e+00 5.187036034264227879e+01 -3.658061236585474330e+00
3.705268467358307505e-01 5.969956297508611370e-02 -3.579573370861073300e+00 -3.481082480087250630e+00 5.402472942608561368e+01 -1.775756551089567203e+00
4.310889757127679967e-01 6.866105942616276825e-02 -3.011595267300986034e+00 -3.332737912045391937e+00 5.347817886002840027e+01 -1.765839739526973595e+00
2.746573541911518368e-01 4.697494007253966847e-02 -2.593861174406212555e+00 -1.749083170854740743e+00 5.289696554981417620e+01 -3.943467002810268962e+00
4.183131911575430628e-01 7.182779116838867994e-02 -2.411032875835238176e+00 -2.422807239548003366e+00 5.270302481917846649e+01 -2.706608422484676701e+00
4.682263529067446362e-01 7.524256434995742204e-02 -3.112177888939892778e+00 -3.606469479901841968e+00 5.355589808109061067e+01 -1.377282540113938580e+00
4.510148547527276786e-01 7.444140556350707649e-02 -2.277668716870189680e+00 -2.741008205483832061e+00 5.271495252712438884e+01 -2.383896059843623849e+00
4.034392135715673122e-01 7.029517485222261386e-02 -2.390889785277727331e+00 -2.539808846750241766e+00 5.275729161077291707e+01 -2.795307260281779449e+00
4.374315058793283306e-01 7.530804226584898731e-02 -2.928775948566075815e+00 -3.464708277782170498e+00 5.342781974325365013e+01 -1.842277726199148091e+00
3.415916675396694080e-01 5.520440487899118398e-02 -1.938338624838476631e+00 -1.510455696358858457e+00 5.222164443472326667e+01 -3.876461727906615362e+00
4.482343434101820900e-01 7.549281859289877494e-02 -2.111086043226953368e+00 -3.331319873745960169e+00 5.280694054260624881e+01 -2.295007035202603074e+00
4.811463546795833324e-01 8.789823868120705264e-02 -3.123602376556883886e+00 -3.852821858468858718e+00 5.359419426165607092e+01 -1.341584740570683998e+00
3.421669812185129111e-01 5.883504731658988768e-02 -2.156357621290728055e+00 -2.568060097282709009e+00 5.276736285503562840e+01 -3.353122314322721564e+00
3.447482007718142838e-01 6.011266637098976184e-02 -1.502957704036825826e+00 -1.218706552367672558e+00 5.173625682952064864e+01 -4.283190990042998969e+00
3.211062227977122263e-01 5.501858749735442228e-02 -2.975646469334990663e+00 -2.627457531363321941e+00 5.336727375076119273e+01 -2.960301369429816365e+00
3.904764054200303702e-01 6.428666339107984296e-02 -3.489905064290925729e+00 -3.482868752955389002e+00 5.392332966360966395e+01 -1.712476365609839846e+00
4.649576593447581896e-01 7.770071384558649430e-02 -2.494606548424729286e+00 -3.101195174492107132e+00 5.293282885135016613e+01 -2.021559015867583575e+00
3.135979549054094817e-01 5.330036461573408463e-02 -1.697379068159099891e+00 -1.334256743278095847e+00 5.203418868239479878e+01 -4.349494734492621362e+00
3.432669879333213325e-01 5.328704669429411289e-02 -3.434003313026180226e+00 -3.303744357400300036e+00 5.394641353963680785e+01 -2.077062624946212743e+00
4.578511294472782933e-01 8.252370703264504115e-02 -2.585855470231513298e+00 -3.076970884561685882e+00 5.298017514181551491e+01 -2.110403303844859302e+00
4.488143240889701513e-01 6.887131301764921887e-02 -2.320930486210957877e+00 -2.914380419012271517e+00 5.286819336735347719e+01 -2.273054684386102142e+00
2.690742144270281688e-01 4.338431757670514061e-02 -3.784330418366566029e+00 -3.193000048001544577e+00 5.431796660813424182e+01 -2.588970511658295059e+00
4.070611178296698607e-01 6.462973793436699310e-02 -1.983222545535783032e+00 -2.035649225730429279e+00 5.232169394296946052e+01 -3.123424974710852453e+00
4.084056794105868082e-01 6.918549641275313633e-02 -1.816308652079847263e+00 -1.912106719387777876e+00 5.210146703962303150e+01 -3.363614677080742688e+00
4.216342766466139036e-01 7.143726081582359166e-02 -1.807562032908525129e+00 -1.858813563295172777e+00 5.206059110559490932e+01 -3.263435136776406065e+00
3.796334223171541900e-01 6.114086068540042912e-02 -1.695133258624332839e+00 -1.735313860940773889e+00 5.207149528888578516e+01 -3.647687124508386169e+00
2.809600758266364018e-01 4.642678019617011570e-02 -2.579915136063560599e+00 -1.750919749018759575e+00 5.289941215274988195e+01 -3.873949956152462182e+00
2.676008301707398784e-01 4.217903320676082146e-02 -3.182661556855133966e+00 -2.565440447149641479e+00 5.366524973015644662e+01 -3.196708800524482363e+00
4.463955751340590861e-01 7.234060396398568626e-02 -3.150610567110252003e+00 -3.871844119872826173e+00 5.371594048028288881e+01 -1.356680606672270084e+00
3.513928902201203797e-01 6.040175984071564919e-02 -2.339823081239586156e+00 -2.109413721905293748e+00 5.268479234886689255e+01 -3.332084555513373125e+00
4.300865710317969826e-01 7.016211506490743766e-02 -1.023069886462282030e+00 -3.978683991948903653e+00 5.252306049840580471e+01 -2.793931308847827477e+00
2.946841011991264137e-01 4.938291644685155468e-02 -1.753926453566046151e+00 -1.114252049319330418e+00 5.204727985263766499e+01 -4.584041905150100682e+00
4.071633588208016241e-01 7.142825391314226724e-02 -1.438926481155895276e+00 -1.917033077844526368e+00 5.187036034264227879e+01 -3.658061236585474330e+00
3.705268467358307505e-01 5.969956297508611370e-02 -3.579573370861073300e+00 -3.481082480087250630e+00 5.402472942608561368e+01 -1.775756551089567203e+00
4.417694279139634528e-01 6.861767409199655277e-02 -3.360918335122909717e+00 -3.870202623241429052e+00 5.391986700075073458e+01 -1.219607608352623940e+00
2.752101308311384886e-01 4.696962976554795721e-02 -2.482380424264970742e+00 -1.646431220596451084e+00 5.278160365560509604e+01 -4.052845481598027710e+00
3.947692241679041647e-01 6.597158447707189566e-02 -2.155365179923386165e+00 -1.896123509134640006e+00 5.237969394815583968e+01 -3.210072060289140161e+00
4.899592492570247759e-01 7.812902612515064404e-02 -3.073964920854074911e+00 -3.341436909155166557e+00 5.339632867238397296e+01 -1.398172636465575103e+00
3.993648094921407599e-01 6.571815673496453347e-02 -1.633848189043638932e+00 -1.782887852251072491e+00 5.198724550997169302e+01 -3.533168006370845493e+00
4.109810169561948223e-01 7.057310842154271291e-02 -2.316868090865710883e+00 -2.335433901671797763e+00 5.260801387449279076e+01 -2.852761128591855488e+00
4.229815281811762917e-01 7.206521239593961792e-02 -2.890238703510603191e+00 -3.257747822462856213e+00 5.334894579033669970e+01 -2.036162933381802986e+00
3.661728161257857272e-01 5.903311403071238861e-02 -1.824336115121427682e+00 -1.532220595956238052e+00 5.209430754342315595e+01 -3.737651645114639543e+00
4.345272406238024354e-01 7.051505165493873739e-02 -2.038906253656603162e+00 -3.005072701946430058e+00 5.268011645021255163e+01 -2.524571794566092819e+00
4.227375145324013261e-01 7.391817043129589315e-02 -2.471277989432968614e+00 -2.794813169807949915e+00 5.286246734419796667e+01 -2.510577173104286963e+00
3.449499051662219262e-01 5.920786782717282759e-02 -2.150639980421706010e+00 -2.569448557067066652e+00 5.275829872152660727e+01 -3.334554835655581861e+00
3.272664216957129613e-01 5.636949282068175193e-02 -1.587238128541031079e+00 -1.180173397740238217e+00 5.184175510602282344e+01 -4.391570107760594865e+00
3.232738543360446082e-01 5.547534125074380512e-02 -3.019166705852760035e+00 -2.707903722615348840e+00 5.341997978731964025e+01 -2.879747517361328946e+00
4.003488213789391792e-01 6.638126150649065194e-02 -3.688092767541695238e+00 -3.733651090102354964e+00 5.412936864777513080e+01 -1.420014400012483469e+00
3.990536209661079137e-01 6.686514322382114406e-02 -2.564566243499679654e+00 -2.677103061602883916e+00 5.296331122668990332e+01 -2.640506148100145722e+00
3.267371998143330236e-01 5.517803552846690246e-02 -1.743840129018501273e+00 -1.383893191403801737e+00 5.205666957921398108e+01 -4.195365323265463076e+00
3.480916971748585498e-01 5.413028712841896212e-02 -3.160865718368692789e+00 -3.073387375326666948e+00 5.366177182059850992e+01 -2.314217505836094979e+00
4.603499522110459097e-01 8.262925496692637151e-02 -2.878512163662918955e+00 -3.336187580033551203e+00 5.327159456955349270e+01 -1.806519071313553271e+00
4.253759127727673728e-01 6.739510069732643216e-02 -2.014910207793399355e+00 -2.385398152023079810e+00 5.246655602084165082e+01 -2.855556451040913046e+00
2.690742144270281688e-01 4.338431757670514061e-02 -3.784330418366566029e+00 -3.193000048001544577e+00 5.431796660813424182e+01 -2.588970511658295059e+00
4.434541124217066810e-01 6.956738006598847668e-02 -2.057479468216552476e+00 -2.334041223166079426e+00 5.241056220807260502e+01 -2.650408110192441491e+00
3.879015856266216922e-01 6.434994333207270933e-02 -1.917455542987090089e+00 -1.813081140307719163e+00 5.218804605880063008e+01 -3.452400901865440463e+00
3.822763667423356715e-01 6.324991570169041788e-02 -2.363146285015700343e+00 -1.959259171302455194e+00 5.256741162504549436e+01 -3.107782873902572796e+00
3.605588866019950323e-01 5.662347997186549520e-02 -1.718834466674300510e+00 -1.680612484872493040e+00 5.212681564124771683e+01 -3.782903007488624958e+00
2.719584909558621089e-01 4.403809054940351075e-02 -2.319148680243081628e+00 -1.343805485506941677e+00 5.260645146751188861e+01 -4.273238308710683775e+00
2.676008301707398784e-01 4.217903320676082146e-02 -3.182661556855133966e+00 -2.565440447149641479e+00 5.366524973015644662e+01 -3.196708800524482363e+00
4.463955751340590861e-01 7.234060396398568626e-02 -3.150610567110252003e+00 -3.871844119872826173e+00 5.371594048028288881e+01 -1.356680606672270084e+00
3.141155483723945818e-01 5.307831067083176868e-02 -2.681583362852570041e+00 -2.235237892181557662e+00 5.306275267628811321e+01 -3.332636704747473200e+00
4.253179611508178803e-01 6.954855413806744491e-02 -1.086226481060915239e+00 -3.899750973477003946e+00 5.253623648202876240e+01 -2.824212300775509110e+00
2.871075460940707424e-01 4.849322960578132669e-02 -1.691879050295933329e+00 -1.009589014136098584e+00 5.198094549686223331e+01 -4.737802564839208586e+00
4.242411018333079320e-01 7.239460056768395879e-02 -1.836829317880397827e+00 -2.175973792523031136e+00 5.220741615834399596e+01 -3.132686860940110396e+00
3.638359177259469224e-01 5.798247701013814481e-02 -3.855389380193861903e+00 -3.753720692215089638e+00 5.433587107730304666e+01 -1.523599967889658791e+00
4.408610903541360648e-01 6.798979768759333409e-02 -3.283169689680948800e+00 -3.796964488244972014e+00 5.384475877935995669e+01 -1.293114283034451972e+00
2.752101308311384886e-01 4.696962976554795721e-02 -2.482380424264970742e+00 -1.646431220596451084e+00 5.278160365560509604e+01 -4.052845481598027710e+00
3.875398528691859634e-01 6.510266228647505760e-02 -2.184193484424548526e+00 -1.873806474705111746e+00 5.240314700149423288e+01 -3.247998496689489034e+00
4.763600807258257519e-01 7.577826100308625301e-02 -1.830008249123683761e+00 -2.147994090918244225e+00 5.211500222992616216e+01 -2.782033396312556306e+00
3.944166671068741747e-01 6.533767718872188213e-02 -1.630820954966233804e+00 -1.734464282751075892e+00 5.197409367264435076e+01 -3.599572237020497667e+00
4.386881573142019652e-01 7.700800929156259578e-02 -1.386142979524893626e+00 -1.636213094393506706e+00 5.164044332232273860e+01 -3.581231488605701063e+00
4.501335173026850267e-01 7.647102753624762661e-02 -3.096765086969126557e+00 -3.607885808718419796e+00 5.355512625383507697e+01 -1.545418886913335399e+00
3.590553234581631004e-01 5.744472439879439590e-02 -1.418745320466633153e+00 -1.051064432620008926e+00 5.164996651836748498e+01 -4.239747641875259987e+00
4.390993283459095342e-01 7.091006577943617661e-02 -1.940391741424296379e+00 -2.683631532003466713e+00 5.247528344685936474e+01 -2.670812573656567324e+00
4.359282250287888072e-01 7.799105521110127892e-02 -2.072593771152311248e+00 -2.466457724860270151e+00 5.241849944746109458e+01 -2.832256244457523220e+00
3.034486370129928501e-01 5.478713297875750093e-02 -2.385307340280025556e+00 -3.045743094787463967e+00 5.318484258614846283e+01 -3.325013971845231620e+00
3.272664216957129613e-01 5.636949282068175193e-02 -1.587238128541031079e+00 -1.180173397740238217e+00 5.184175510602282344e+01 -4.391570107760594865e+00
3.571741201216305228e-01 6.049207291026620359e-02 -3.655566051744888245e+00 -3.488044785793610991e+00 5.407617088774137670e+01 -1.894784762158244540e+00
4.089636160089790140e-01 6.796704199392217260e-02 -3.366536909076533579e+00 -3.381706091373976264e+00 5.374882189069855798e+01 -1.699720764241043236e+00
4.084610933346645156e-01 6.966639935900559299e-02 -2.064694010445052186e+00 -2.187500221333916528e+00 5.239159347813803436e+01 -3.102234667738169804e+00
3.065565599264868935e-01 5.198411575074481789e-02 -1.649520631601580689e+00 -1.211572573805258290e+00 5.197054931159240709e+01 -4.479082616863885313e+00
3.446489254267461333e-01 5.307566919016360601e-02 -3.133424226101744203e+00 -3.039044288150882789e+00 5.364259394926238400e+01 -2.354950615736682185e+00
4.552502949676064947e-01 7.875791254402030039e-02 -3.018745439454032731e+00 -3.497333498482602998e+00 5.346145591281436538e+01 -1.633441091270769308e+00
4.011699196170794846e-01 6.492458677336906958e-02 -1.815326620595292706e+00 -2.010381951735462636e+00 5.221628709830911674e+01 -3.320233123509246376e+00
2.690742144270281688e-01 4.338431757670514061e-02 -3.784330418366566029e+00 -3.193000048001544577e+00 5.431796660813424182e+01 -2.588970511658295059e+00
4.358435390605142068e-01 7.071612771877233694e-02 -1.982138663452629901e+00 -2.235961598261919203e+00 5.232071607541690383e+01 -2.851123916684531689e+00
3.202629427815987806e-01 5.331613769179675832e-02 -1.951154479151672838e+00 -1.273220963480057089e+00 5.211807185214972549e+01 -4.154434029816528984e+00
3.517587155902533458e-01 5.938648803912772306e-02 -2.409461908897728932e+00 -2.350183624689195838e+00 5.282171829189790202e+01 -3.162900163976764656e+00
3.681897689684896502e-01 5.987101358232740922e-02 -1.990045449357878526e+00 -1.773364670623170047e+00 5.230434801926194410e+01 -3.540263515526868243e+00
2.719584909558621089e-01 4.403809054940351075e-02 -2.319148680243081628e+00 -1.343805485506941677e+00 5.260645146751188861e+01 -4.273238308710683775e+00
2.932847049145716478e-01 4.726849861013207588e-02 -2.932937682120764222e+00 -2.426103718937521414e+00 5.337452639385121955e+01 -3.236005923335794954e+00
4.132903106590442022e-01 6.643177241597365834e-02 -2.901745617830220780e+00 -3.328644432081889093e+00 5.342462626389703928e+01 -1.984985461904726023e+00
3.155514922343419792e-01 5.333307027489909286e-02 -2.682824362679421704e+00 -2.247857786307293271e+00 5.306337805666046137e+01 -3.317121745726336890e+00
4.253179611508178803e-01 6.954855413806744491e-02 -1.086226481060915239e+00 -3.899750973477003946e+00 5.253623648202876240e+01 -2.824212300775509110e+00
2.871075460940707424e-01 4.849322960578132669e-02 -1.691879050295933329e+00 -1.009589014136098584e+00 5.198094549686223331e+01 -4.737802564839208586e+00
4.379566436882472713e-01 7.504029872953485447e-02 -1.718987218862921384e+00 -2.141871794703839260e+00 5.207976713705780725e+01 -3.127081050999385603e+00
3.509115483529494650e-01 5.681522337253425842e-02 -3.523019377317075929e+00 -3.329172202051167595e+00 5.397437445904197517e+01 -2.024996722197817789e+00
4.408610903541360648e-01 6.798979768759333409e-02 -3.283169689680948800e+00 -3.796964488244972014e+00 5.384475877935995669e+01 -1.293114283034451972e+00
2.750613601874855041e-01 4.694527852189052386e-02 -2.481825668305684296e+00 -1.644488288685534316e+00 5.278085882948726493e+01 -4.055224677623159302e+00
3.850641024513543620e-01 6.443778192471567856e-02 -2.118115389988332264e+00 -1.987907259480346633e+00 5.241415012330894285e+01 -3.267755254646860230e+00
4.155570613206680530e-01 6.834369453975763786e-02 -2.045870414048291508e+00 -2.088131937573769470e+00 5.235112764651069739e+01 -3.076979603888480241e+00
3.933415572175262276e-01 6.501845868518954519e-02 -1.517755523739313883e+00 -1.666212596883099861e+00 5.187566275617964351e+01 -3.705872896470438604e+00
3.992049495218921162e-01 6.825744306739481293e-02 -1.903076955888063138e+00 -1.851479349280997333e+00 5.217558397563602313e+01 -3.398067173908501104e+00
4.161423180357688989e-01 7.380566045657181717e-02 -2.785868986434984151e+00 -3.067943451922316100e+00 5.317800950421992923e+01 -2.278555670299716951e+00
3.590553234581631004e-01 5.744472439879439590e-02 -1.418745320466633153e+00 -1.051064432620008926e+00 5.164996651836748498e+01 -4.239747641875259987e+00
4.330566277760650173e-01 6.924618538803078982e-02 -2.041682615118348476e+00 -2.763505650339731723e+00 5.259205514430745154e+01 -2.606393564932994789e+00
4.359282250287888072e-01 7.799105521110127892e-02 -2.072593771152311248e+00 -2.466457724860270151e+00 5.241849944746109458e+01 -2.832256244457523220e+00
3.032874463065318715e-01 5.478053550154220880e-02 -2.386183704383288973e+00 -3.050835832596346719e+00 5.318767442923792288e+01 -3.323897115759897769e+00
3.210648067604568445e-01 5.512098762907529509e-02 -1.513798843165834462e+00 -1.047004869995290743e+00 5.175963447156728847e+01 -4.531201729648944188e+00
3.137912419701111011e-01 5.234132124762123223e-02 -3.826646674608216614e+00 -3.350096034208060125e+00 5.423531522886244005e+01 -2.130449321442724919e+00
4.365918123657331895e-01 7.344952638388912991e-02 -2.880054400459306052e+00 -2.851021327965911123e+00 5.315275260750492237e+01 -2.049118568349000302e+00
3.343209400657872199e-01 5.515456012293659671e-02 -2.351133415059350806e+00 -2.243180056308870185e+00 5.279803176583704527e+01 -3.354755136658556847e+00
3.194728871260246739e-01 5.445631613729784437e-02 -1.500604873405708917e+00 -1.118418312421025185e+00 5.179897738886483438e+01 -4.518785308223882247e+00
3.959468367065534511e-01 6.162074250030905032e-02 -3.170970950759912643e+00 -3.470660616945028920e+00 5.372168594632010752e+01 -1.790766043786831130e+00
4.552502949676064947e-01 7.875791254402030039e-02 -3.018745439454032731e+00 -3.497333498482602998e+00 5.346145591281436538e+01 -1.633441091270769308e+00
3.743725079169889502e-01 5.704639739029952750e-02 -1.770880413942317766e+00 -1.805959764572667492e+00 5.220299837929515974e+01 -3.571004113824642445e+00
2.690742144270281688e-01 4.338431757670514061e-02 -3.784330418366566029e+00 -3.193000048001544577e+00 5.431796660813424182e+01 -2.588970511658295059e+00
4.236342515703637734e-01 6.979204775027512964e-02 -1.993587329494820759e+00 -2.188583778568967020e+00 5.233089556913093787e+01 -2.975281850175305554e+00
3.704596180261565674e-01 6.131677071322823303e-02 -1.971759693822297210e+00 -1.717717318400506343e+00 5.222141815907784945e+01 -3.581842662647962694e+00
3.062307943811174993e-01 5.030351638093608080e-02 -2.727102500575788291e+00 -2.407923270993187703e+00 5.317086831457732643e+01 -3.224016408095268460e+00
3.637531597645781156e-01 6.094978009534707947e-02 -2.289491378971668212e+00 -1.969324403703619053e+00 5.257718950286378856e+01 -3.328602520643868523e+00
2.719584909558621089e-01 4.403809054940351075e-02 -2.319148680243081628e+00 -1.343805485506941677e+00 5.260645146751188861e+01 -4.273238308710683775e+00
2.679787910964047670e-01 4.306083587652393546e-02 -3.107561410180159189e+00 -2.393838437047918433e+00 5.353825442401907964e+01 -3.325303190718900570e+00
4.163363834057152713e-01 6.701629771811720704e-02 -2.809937761460394867e+00 -3.221679214981775452e+00 5.331421011752863137e+01 -2.070689810490955018e+00
3.207339269127811310e-01 5.382320973637021860e-02 -2.574177303801787886e+00 -2.117259380182042960e+00 5.292999728336855725e+01 -3.394671777777790833e+00
4.253179611508178803e-01 6.954855413806744491e-02 -1.086226481060915239e+00 -3.899750973477003946e+00 5.253623648202876240e+01 -2.824212300775509110e+00
2.871075460940707424e-01 4.849322960578132669e-02 -1.691879050295933329e+00 -1.009589014136098584e+00 5.198094549686223331e+01 -4.737802564839208586e+00
4.370107206600754024e-01 7.469367775881666227e-02 -1.737123195454493896e+00 -2.144956889767983377e+00 5.209635292558890285e+01 -3.117055465989861052e+00
3.740551268807923435e-01 6.056059545313102754e-02 -3.875911044006715045e+00 -3.911144478055793350e+00 5.437535491778841390e+01 -1.365967706445705421e+00
4.411041965328479364e-01 6.801846718218178267e-02 -3.284604506126532097e+00 -3.800363775121360810e+00 5.384661001904090938e+01 -1.288861276493264096e+00
2.857260947472946011e-01 4.862776509393575142e-02 -2.534766906429666289e+00 -1.803410357059500146e+00 5.285527183862138401e+01 -3.860815041285418747e+00
4.235989518253275854e-01 7.123561877875347892e-02 -1.890199232326677636e+00 -1.944363613817205572e+00 5.214880517753528721e+01 -3.136431440506813217e+00
4.616106336539669841e-01 7.570418766907242858e-02 -1.445383395979278784e+00 -1.631838653182454912e+00 5.167307786039722117e+01 -3.344526795998553403e+00
3.601193016322681295e-01 5.860310652640705192e-02 -1.304622289980591932e+00 -1.279036672672384523e+00 5.166837498261846662e+01 -4.213202445380808570e+00
3.854627756780125147e-01 6.501473455600842444e-02 -1.740779590064377658e+00 -1.610578994159186594e+00 5.200280432699673838e+01 -3.681808925429449708e+00
4.023842843980808270e-01 6.800454142391419710e-02 -2.712995143811793852e+00 -2.951451073332051145e+00 5.314509839361719656e+01 -2.399053541918596544e+00
3.489504701620775307e-01 5.569125683433911317e-02 -1.582159063610951710e+00 -1.177328835513202776e+00 5.183605069125867715e+01 -4.162211729280297590e+00
4.353399584662843158e-01 6.997973931313110352e-02 -1.703117618200342909e+00 -2.487107786290665867e+00 5.224800457173158463e+01 -2.921118077655343370e+00
4.351695165180077818e-01 7.684591881047370121e-02 -1.921711018197568066e+00 -2.702772832712749818e+00 5.244189338612537910e+01 -2.817781680055833959e+00
3.212392054429923927e-01 5.666343332729646687e-02 -2.245975294101794972e+00 -2.701728116367250632e+00 5.291340257696662519e+01 -3.409151039345426071e+00
3.226616908782323212e-01 5.525031130968714038e-02 -1.506576879786699408e+00 -1.053771427033579622e+00 5.175564650251391896e+01 -4.518418690263560578e+00
3.137912419701111011e-01 5.234132124762123223e-02 -3.826646674608216614e+00 -3.350096034208060125e+00 5.423531522886244005e+01 -2.130449321442724919e+00
4.025125891801201727e-01 6.390081390224716662e-02 -2.623916537097457535e+00 -2.669570407201243611e+00 5.303105042916302381e+01 -2.482833144515431911e+00
3.221180599738325823e-01 5.318452913448027536e-02 -2.437964945284246454e+00 -2.301787517976070951e+00 5.290587771337676770e+01 -3.355735696915206567e+00
3.199091739138353319e-01 5.451312554074426442e-02 -1.502683208460855457e+00 -1.124737261473248262e+00 5.180202368179748618e+01 -4.511439615557476301e+00
3.951010501579172995e-01 6.103795769094808032e-02 -3.296134037788080562e+00 -3.618279980388658945e+00 5.387068425453340126e+01 -1.645728813961912618e+00
4.487530508284084951e-01 7.752453655831458013e-02 -3.081820924010707508e+00 -3.575427627995712676e+00 5.354574699428533080e+01 -1.612341611220687865e+00
3.985787885208367798e-01 6.408938839153793809e-02 -1.693495718063928290e+00 -1.801352918734207442e+00 5.205189650375843513e+01 -3.483868554776831328e+00
2.678366367553612903e-01 4.317452532849422320e-02 -3.925469212848041067e+00 -3.341116509281880198e+00 5.447688200222049204e+01 -2.453942436944736016e+00
4.227527919054523409e-01 6.966220688676073858e-02 -1.989415607556341392e+00 -2.179543170302742805e+00 5.232640119566675452e+01 -2.988336177438463803e+00
3.772285210195377436e-01 6.225712654452811301e-02 -1.744569757779351304e+00 -1.551821967692164073e+00 5.199659550692878440e+01 -3.734154411200355295e+00
3.552408050593749977e-01 5.825515193420741783e-02 -2.334776147192844320e+00 -2.128721097348924118e+00 5.268700557422946673e+01 -3.256024813188367339e+00
3.857134845960620839e-01 6.537593678816969178e-02 -2.631181978393434484e+00 -2.294945093435786454e+00 5.287081811794425334e+01 -2.837875023755677795e+00
2.725379879039359077e-01 4.427064283489984264e-02 -2.468951633702772597e+00 -1.577962596557300978e+00 5.279541756671365249e+01 -4.076792300585901252e+00
2.781312743499642082e-01 4.491965633314416728e-02 -2.751423516169517747e+00 -2.109027949844360261e+00 5.315496384889927128e+01 -3.577156863075090065e+00
4.246566015419674378e-01 6.643649524971194376e-02 -3.036878651504236970e+00 -3.614246449237362935e+00 5.362441909927238726e+01 -1.671115795584865449e+00
3.207339269127811310e-01 5.382320973637021860e-02 -2.574177303801787886e+00 -2.117259380182042960e+00 5.292999728336855725e+01 -3.394671777777790833e+00
4.253179611508178803e-01 6.954855413806744491e-02 -1.086226481060915239e+00 -3.899750973477003946e+00 5.253623648202876240e+01 -2.824212300775509110e+00
2.828587576734264419e-01 4.732057870752941903e-02 -2.184333861447669278e+00 -1.523636734961117734e+00 5.253124159012067906e+01 -4.234264392601662763e+00
4.257422246002323662e-01 6.970727599691733944e-02 -2.446777448422165602e+00 -2.795990771305800315e+00 5.288441832372197382e+01 -2.426645645534967421e+00
3.740551268807923435e-01 6.056059545313102754e-02 -3.875911044006715045e+00 -3.911144478055793350e+00 5.437535491778841390e+01 -1.365967706445705421e+00
4.413364625520235229e-01 6.802772505530788050e-02 -3.294717155672679976e+00 -3.815554581034556580e+00 5.385900213662170444e+01 -1.274187878380440120e+00
2.827173576063154448e-01 4.831433800099242670e-02 -2.541735810818957830e+00 -1.719233716659215316e+00 5.283292075342717453e+01 -3.927258909435265011e+00
4.189210250656565937e-01 7.043070134497211865e-02 -1.972693979925814078e+00 -2.004249329628544629e+00 5.223769275397500422e+01 -3.093575518270339497e+00
4.542798026945074064e-01 7.196800305417699883e-02 -1.762941744501398844e+00 -1.983721451524916191e+00 5.206430275377117312e+01 -2.973854849460298766e+00
3.890892000519685645e-01 6.188137162109061395e-02 -1.395037083930472210e+00 -1.427335981539892718e+00 5.173204515664959757e+01 -3.863213156539840210e+00
4.094699453935884415e-01 6.951035149798918955e-02 -1.708529000588106195e+00 -1.760472258943317936e+00 5.197587765732613008e+01 -3.465775395939131087e+00
4.088624021371457529e-01 6.880881039937804255e-02 -3.504266319187784529e+00 -3.953512892967927073e+00 5.406412636112581538e+01 -1.444176656193308261e+00
3.422783374575734117e-01 5.529169548255688516e-02 -2.154769793309267545e+00 -1.879158632525683936e+00 5.250629205805790178e+01 -3.555691258987149439e+00
4.091942945119987352e-01 6.639982143755689126e-02 -1.790166783529985484e+00 -2.157892783457852737e+00 5.221326655488640966e+01 -3.203241806164389693e+00
3.958917493366637119e-01 6.790180567458381500e-02 -1.953537142022020889e+00 -2.217624876183537097e+00 5.237366783643892632e+01 -3.252537598045208700e+00
3.212392054429923927e-01 5.666343332729646687e-02 -2.245975294101794972e+00 -2.701728116367250632e+00 5.291340257696662519e+01 -3.409151039345426071e+00
2.968395320080912114e-01 5.204679398996224504e-02 -1.705703905868632075e+00 -1.078622152981353333e+00 5.194487459334852275e+01 -4.593387983098594418e+00
3.102893631077418557e-01 5.130269075794861161e-02 -3.847388411781204720e+00 -3.380549882270312168e+00 5.428336422380991166e+01 -2.135010891590215287e+00
3.828961213669657138e-01 5.974286006643239610e-02 -2.266889271650236459e+00 -2.319653947523185433e+00 5.270228687928798195e+01 -2.977504975925951314e+00
3.114756504627032019e-01 5.315603256613814220e-02 -2.861749401133998116e+00 -2.665676468923931619e+00 5.333610488260720928e+01 -3.045032107104086005e+00
3.199091739138353319e-01 5.451312554074426442e-02 -1.502683208460855457e+00 -1.124737261473248262e+00 5.180202368179748618e+01 -4.511439615557476301e+00
3.459266294350658022e-01 5.567280230919909034e-02 -2.696889163815833435e+00 -2.605567817438126266e+00 5.314755830847953888e+01 -2.851087359025372248e+00
4.487530508284084951e-01 7.752453655831458013e-02 -3.081820924010707508e+00 -3.575427627995712676e+00 5.354574699428533080e+01 -1.612341611220687865e+00
4.381428933801100323e-01 7.038618326109841172e-02 -1.345991939128227344e+00 -1.700289087926099452e+00 5.168956547176984628e+01 -3.453225594338308113e+00
2.780485884346471925e-01 4.473591511529592668e-02 -3.770627746095692956e+00 -3.240246545542746937e+00 5.430906691877223835e+01 -2.511197386445634727e+00
4.432824835363491922e-01 7.402086584244955969e-02 -2.577168773976278970e+00 -2.889674268583705796e+00 5.293981579074439736e+01 -2.207435088639709164e+00
3.658730702188717210e-01 6.233514094529039179e-02 -1.922161759944656767e+00 -1.595006436429043939e+00 5.213669533989548910e+01 -3.721401671084094698e+00
3.591849224475668345e-01 5.843978810148941355e-02 -2.345076868121100944e+00 -2.062253431922464575e+00 5.266074397579867394e+01 -3.238262477945667239e+00
3.852142335207459634e-01 6.535206280664077050e-02 -2.627887965554303928e+00 -2.280742878260157092e+00 5.286357004097543211e+01 -2.850334029905057243e+00
2.639275487324441172e-01 4.278152138888299816e-02 -2.504064034506377379e+00 -1.559646030238869940e+00 5.283459896839937642e+01 -4.129031530206661138e+00
3.171571835208982781e-01 5.257063256277925978e-02 -2.361289690468522551e+00 -2.039334444853345030e+00 5.276567886377205951e+01 -3.579685688406617494e+00
4.249269849553321543e-01 6.725111028212506226e-02 -2.889909059890233056e+00 -3.410453096176335297e+00 5.344011577772575095e+01 -1.859286761716437253e+00
3.153014167235674847e-01 5.305085740428376606e-02 -2.622324799176483978e+00 -2.114764009844917858e+00 5.297401300578837180e+01 -3.406427836446033197e+00
4.242551977551002884e-01 6.940140765508957810e-02 -1.192910447281402941e+00 -3.801292394005175268e+00 5.256171395126939672e+01 -2.805071709367839894e+00
2.828587576734264419e-01 4.732057870752941903e-02 -2.184333861447669278e+00 -1.523636734961117734e+00 5.253124159012067906e+01 -4.234264392601662763e+00
4.010351400613803019e-01 6.250261456992090014e-02 -1.531302638464800969e+00 -1.627612862082119527e+00 5.187843959575493358e+01 -3.603448757397214486e+00
3.648277526765795753e-01 5.922254230952705978e-02 -3.599291582728112893e+00 -3.560588734260769606e+00 5.407783312599492120e+01 -1.761945740585318276e+00
4.400739336637188304e-01 6.788316850481233844e-02 -3.290139208631615020e+00 -3.804097039203106156e+00 5.385357145397654222e+01 -1.291770181382747795e+00
2.810789705347699341e-01 4.705858052469105712e-02 -2.972984515788564153e+00 -2.252994899289541220e+00 5.335093710936294542e+01 -3.430327746965679658e+00
4.105492777186968145e-01 6.813882973714814606e-02 -1.906157143563106837e+00 -1.871547266541831123e+00 5.216740363203537356e+01 -3.239482691250204383e+00
4.590020203105161234e-01 7.246373121065503853e-02 -1.777857524149692114e+00 -1.858213565132341705e+00 5.201850090078799127e+01 -2.987003559123797114e+00
3.928484758371761920e-01 6.235929872218205772e-02 -1.265138048368741330e+00 -1.322929959178183346e+00 5.159816513879815147e+01 -3.958603009991013444e+00
3.935966677194251973e-01 6.691354435538429679e-02 -1.639629691352888052e+00 -1.592146486109888848e+00 5.189842986724437424e+01 -3.694351402354438818e+00
4.071366865565799742e-01 6.640584557447928860e-02 -2.711063617171684648e+00 -2.962058490156131541e+00 5.316436049369012551e+01 -2.322530856566118462e+00
3.314662716157192879e-01 5.323802936256912671e-02 -2.260803228246462737e+00 -1.883772415327140459e+00 5.259917774435195525e+01 -3.554325505969516907e+00
4.167642440442593244e-01 6.741488509601820112e-02 -1.781014875924868290e+00 -2.212863582868971779e+00 5.221344812639254229e+01 -3.127250830089773892e+00
4.314102941127085922e-01 7.224181765936497912e-02 -2.228371839826460032e+00 -2.774746801971471832e+00 5.270821258937360199e+01 -2.568966633494390361e+00
3.028934273944147160e-01 5.355474441090382620e-02 -2.201469580596056019e+00 -2.580541491435345502e+00 5.288852218852959908e+01 -3.641651856763874040e+00
3.034203297814567213e-01 5.221646299483833492e-02 -1.918045251955091679e+00 -1.389792629904382792e+00 5.221072947877991055e+01 -4.265054277819739781e+00
3.106687192261955444e-01 5.135543152059789118e-02 -3.844252503914238783e+00 -3.380681855367666966e+00 5.428060927317155659e+01 -2.134063928801329446e+00
3.870193914074532282e-01 5.929290086297919760e-02 -2.111495013228881223e+00 -2.220434029854287061e+00 5.257070046503082494e+01 -3.064180276686195636e+00
3.512077220119305121e-01 5.777569275802472981e-02 -1.974796837659149151e+00 -1.987339889629411882e+00 5.240420844688346591e+01 -3.569931551015881777e+00
3.199091739138353319e-01 5.451312554074426442e-02 -1.502683208460855457e+00 -1.124737261473248262e+00 5.180202368179748618e+01 -4.511439615557476301e+00
3.459266294350658022e-01 5.567280230919909034e-02 -2.696889163815833435e+00 -2.605567817438126266e+00 5.314755830847953888e+01 -2.851087359025372248e+00
3.893360286417945626e-01 6.474858421771270689e-02 -2.881890027415543898e+00 -2.890668952124304081e+00 5.327917787803951200e+01 -2.372353847027613760e+00
4.535480709307667668e-01 7.262080064487258513e-02 -1.234565793022565083e+00 -1.649422810253855953e+00 5.156292855665605401e+01 -3.432544942818992695e+00
2.758718814225407656e-01 4.442494655236689516e-02 -3.777082802662652394e+00 -3.232671574345524768e+00 5.431518620937335839e+01 -2.527579611981158436e+00
4.497757893093182746e-01 7.513006650600344283e-02 -2.515151096065450176e+00 -2.865707574322463813e+00 5.287421788035194936e+01 -2.210971154680482886e+00
3.245662478676430429e-01 5.825986245778660977e-02 -2.178485814508043461e+00 -1.411580393361676844e+00 5.228704789869978953e+01 -3.986634946385534839e+00
3.166484595745912567e-01 5.212226891969730380e-02 -2.161928016236251526e+00 -1.448767962224782879e+00 5.237798683327969229e+01 -3.913864958336898070e+00
4.209249186910822282e-01 7.283303083580999759e-02 -3.003508227301481703e+00 -2.703462314079837281e+00 5.319103562126603890e+01 -2.221198423485844842e+00
2.709374788897063180e-01 4.443669750887660475e-02 -2.511290157988707250e+00 -1.740144275236645610e+00 5.288667382020394570e+01 -3.998970466389665024e+00
3.044350252527734946e-01 5.009907512105262611e-02 -2.361677318930682112e+00 -1.953094785870992611e+00 5.275657005427833468e+01 -3.687336501743218697e+00
4.076628121702285390e-01 6.482988597789877960e-02 -2.780514949688168702e+00 -3.104176830277445287e+00 5.327797205816494852e+01 -2.179850842313412862e+00
3.153014167235674847e-01 5.305085740428376606e-02 -2.622324799176483978e+00 -2.114764009844917858e+00 5.297401300578837180e+01 -3.406427836446033197e+00
4.242551977551002884e-01 6.940140765508957810e-02 -1.192910447281402941e+00 -3.801292394005175268e+00 5.256171395126939672e+01 -2.805071709367839894e+00
2.904236387431251565e-01 4.878946468572725736e-02 -2.062062176587950546e+00 -1.458263472598591903e+00 5.240007792699357481e+01 -4.273353464399415991e+00
4.010351400613803019e-01 6.250261456992090014e-02 -1.531302638464800969e+00 -1.627612862082119527e+00 5.187843959575493358e+01 -3.603448757397214486e+00
3.606033710964329231e-01 5.886398349736367969e-02 -3.881531696190752001e+00 -3.828167715690018014e+00 5.437796072352617216e+01 -1.503218219075562079e+00
4.390085613439409506e-01 6.774709830417871559e-02 -3.294701134280291654e+00 -3.800611130087367062e+00 5.385708718766661462e+01 -1.298704650349258971e+00
2.780198790953254395e-01 4.640237886232559394e-02 -3.371247096842632907e+00 -2.619517428277970961e+00 5.377763101112417843e+01 -3.061367999828779496e+00
3.847872386472450112e-01 6.387666378123743605e-02 -2.109199382248674315e+00 -1.909015663737484436e+00 5.237366616367081917e+01 -3.277156766446617908e+00
4.440625580212866907e-01 7.038024030602538228e-02 -1.768825164333867050e+00 -1.780972556542521623e+00 5.201180214516972455e+01 -3.138617887418233998e+00
4.131173398206668956e-01 6.604360083086224797e-02 -1.526172664193508055e+00 -1.671302609589109700e+00 5.186118482190769896e+01 -3.529795849635320781e+00
3.976810558157160558e-01 6.676880836953071052e-02 -1.761492993480471947e+00 -1.712594484151438667e+00 5.202805773545755841e+01 -3.527183887080696856e+00
4.320458548993943992e-01 6.940366071187480113e-02 -2.511390691099823602e+00 -3.026733870009025829e+00 5.300830567160229378e+01 -2.245534753010428819e+00
3.065792167194106299e-01 4.855751355292630550e-02 -2.355862406037597445e+00 -1.752139348070582470e+00 5.267487702292649487e+01 -3.717241043277799584e+00
4.113784187012079485e-01 6.690510847342311107e-02 -1.841192088498312396e+00 -2.133636424557816991e+00 5.223174417018704219e+01 -3.159431291319144908e+00
4.637455437349837784e-01 7.960224904968976611e-02 -2.479393520575644771e+00 -3.223845108948325322e+00 5.299372775429058180e+01 -2.058701513852654763e+00
2.971876137232488668e-01 5.331312957777188666e-02 -2.380451989104933830e+00 -2.986891354777762242e+00 5.318257358615802133e+01 -3.420560684021218378e+00
3.382446136583502350e-01 5.715548703011377740e-02 -1.998187631564025235e+00 -1.629734849016254206e+00 5.228537854375823457e+01 -3.830049245170054739e+00
3.041768619173980115e-01 5.050377730545407839e-02 -3.377171624607116396e+00 -2.849412007506589184e+00 5.377865230639570626e+01 -2.715629199851992581e+00
3.866339963885055964e-01 6.008431596154474585e-02 -2.111098658301528097e+00 -2.166665717375965805e+00 5.253668127079839678e+01 -3.100951988627164813e+00
3.497854053349662706e-01 5.808329623499343397e-02 -1.180283191876676518e+00 -1.533125768321126792e+00 5.170052085822219112e+01 -4.270777355709258316e+00
3.217370869300302250e-01 5.435268628504893312e-02 -1.610373592682970756e+00 -1.238556120293025753e+00 5.191740663127205124e+01 -4.371813587516873767e+00
3.718064225331381145e-01 5.929950687959800737e-02 -2.260134835605552173e+00 -2.298425906660939599e+00 5.268609834777316792e+01 -3.055567227776831984e+00
3.223098726638676803e-01 5.371563482458435734e-02 -3.282836712111821154e+00 -2.847201567242127584e+00 5.369124773808452744e+01 -2.589968180853337909e+00
4.500760421324429550e-01 7.204957231708275511e-02 -1.426190517420151682e+00 -1.860682617914559467e+00 5.178259210785798672e+01 -3.253603013920675302e+00
2.938446708753735259e-01 4.748767767998994527e-02 -3.799237942141338031e+00 -3.358985024156813548e+00 5.432850160286183439e+01 -2.310297563605045124e+00
4.311799921673404867e-01 7.174858822334087560e-02 -2.453601846347619020e+00 -2.668056398036555699e+00 5.279740439274775099e+01 -2.452115026298788969e+00
2.983936744487346027e-01 5.151371097226825624e-02 -2.340905095798329949e+00 -1.571930192267410042e+00 5.257968473809665966e+01 -3.992655079033019749e+00
3.213244533681848258e-01 5.266841667596208060e-02 -2.186262890493419597e+00 -1.479265246650801169e+00 5.239748847124901232e+01 -3.845226222633931989e+00
4.101973599764865974e-01 6.909952689481338450e-02 -2.650877732307949319e+00 -2.595315702723206108e+00 5.294948914586371558e+01 -2.527569048321902212e+00
2.709374788897063180e-01 4.443669750887660475e-02 -2.511290157988707250e+00 -1.740144275236645610e+00 5.288667382020394570e+01 -3.998970466389665024e+00
2.916813976249373330e-01 4.846149815014050288e-02 -2.471307514373282999e+00 -1.996066528335476598e+00 5.287250520506835016e+01 -3.698411778993642152e+00
4.184046695233258339e-01 6.809407075271631249e-02 -2.574908434482101605e+00 -2.997273665619654359e+00 5.307282394473705978e+01 -2.316625817510231222e+00
3.492967046817831989e-01 5.920849554998085240e-02 -2.407766928302285780e+00 -2.223784801972375380e+00 5.279473100772325722e+01 -3.272543825582648225e+00
4.242551977551002884e-01 6.940140765508957810e-02 -1.192910447281402941e+00 -3.801292394005175268e+00 5.256171395126939672e+01 -2.805071709367839894e+00
2.862574013332629397e-01 4.815295789990418907e-02 -2.087889219246072514e+00 -1.382948922222076327e+00 5.239310150741520999e+01 -4.320922639923696629e+00
3.848778803688119310e-01 5.850257022590504841e-02 -1.173384559945136907e+00 -1.084948664867788182e+00 5.146460477972745906e+01 -4.140004411599417011e+00
3.606033710964329231e-01 5.886398349736367969e-02 -3.881531696190752001e+00 -3.828167715690018014e+00 5.437796072352617216e+01 -1.503218219075562079e+00
4.334423239886074919e-01 6.762741312617845391e-02 -3.176626179767156888e+00 -3.634024996532756013e+00 5.371599017039678614e+01 -1.498308203512832115e+00
3.019242961360129596e-01 4.952080770492564565e-02 -2.753053798799243612e+00 -2.200445220696475523e+00 5.314687253844601145e+01 -3.418245428785093409e+00
3.874941818923153258e-01 6.407710306691673241e-02 -2.052465715551805125e+00 -1.885700005332823448e+00 5.232387674978860304e+01 -3.302165057401484916e+00
4.267222308971201361e-01 6.788704463247016707e-02 -2.278886362894721795e+00 -2.223384116777673558e+00 5.256085390485563380e+01 -2.747751262450981447e+00
4.172500443276003224e-01 6.414504122930385355e-02 -1.359355107365386228e+00 -1.605081728473327640e+00 5.174971891544191749e+01 -3.598131142935213411e+00
4.138432645362063456e-01 6.971089774285721408e-02 -1.379611161219354454e+00 -1.396206878466703660e+00 5.160567168545225769e+01 -3.786247274630456960e+00
4.262112263568038628e-01 6.988919949937691389e-02 -2.612503350371560007e+00 -2.999502644768685666e+00 5.306438060895277431e+01 -2.254930779119423967e+00
3.187317625975841784e-01 5.044338726800440265e-02 -3.092620872478774707e+00 -2.649381698184642531e+00 5.349820532327217393e+01 -2.783986363691190569e+00
3.804785556121011436e-01 6.274947457030166653e-02 -2.136822270274866042e+00 -2.334788567779079838e+00 5.256216822964153579e+01 -3.114294300732463938e+00
4.372013859553114390e-01 7.373285640084024928e-02 -2.416690769104492542e+00 -2.957558809619817097e+00 5.290572677387653044e+01 -2.345525292137102369e+00
2.971876137232488668e-01 5.331312957777188666e-02 -2.380451989104933830e+00 -2.986891354777762242e+00 5.318257358615802133e+01 -3.420560684021218378e+00
3.352881066672313559e-01 5.606368194071822270e-02 -1.796374200059367876e+00 -1.368959993068752601e+00 5.205192877860463341e+01 -4.069977370840377695e+00
3.041768619173980115e-01 5.050377730545407839e-02 -3.377171624607116396e+00 -2.849412007506589184e+00 5.377865230639570626e+01 -2.715629199851992581e+00
4.007778839556062622e-01 6.240071109042370778e-02 -1.997976269030304675e+00 -2.167817896614052664e+00 5.243362202731203325e+01 -3.081134760194950584e+00
3.367886919382164779e-01 5.496193288447772524e-02 -1.466216574428836683e+00 -1.717026801045591577e+00 5.201489848251569725e+01 -4.116782355261189963e+00
3.239065016224791926e-01 5.451302811471151616e-02 -1.613355047342118986e+00 -1.238248409688238239e+00 5.191381790648691208e+01 -4.351002646758129089e+00
3.754446224130986720e-01 5.949207326541283702e-02 -2.223566250099501929e+00 -2.266096281496628340e+00 5.264943630199169178e+01 -3.066703158245858152e+00
3.282385673945960591e-01 5.408575742491209676e-02 -3.361772873866905709e+00 -2.993651211532407430e+00 5.379440917906169517e+01 -2.431310364023095527e+00
3.861712510945684018e-01 6.214015227640438260e-02 -2.149465087281416054e+00 -2.123955944000711860e+00 5.251707956540597877e+01 -3.124992510943012114e+00
2.938446708753735259e-01 4.748767767998994527e-02 -3.799237942141338031e+00 -3.358985024156813548e+00 5.432850160286183439e+01 -2.310297563605045124e+00
4.530142659366951374e-01 7.677214103200553919e-02 -2.865471397592594727e+00 -3.211362203283796291e+00 5.322637833599737434e+01 -1.838083913953386661e+00
2.983961019119280578e-01 5.151234076051573046e-02 -2.341188466800773416e+00 -1.572362324971843694e+00 5.258007470553896212e+01 -3.992260146240028451e+00
3.211319255104035930e-01 5.270132678928038383e-02 -2.083951730439860484e+00 -1.370173796066912697e+00 5.228634089276317809e+01 -3.958830856744057325e+00
4.129470166041405155e-01 7.049483399440389930e-02 -2.778462300188385470e+00 -2.857855404880107031e+00 5.312071539920893315e+01 -2.324107359790224869e+00
2.660654235145768487e-01 4.325484907066198120e-02 -2.645940501489858931e+00 -1.853739859420417524e+00 5.304364012655420169e+01 -3.896582949521992578e+00
3.131147722585990723e-01 5.281715119587416379e-02 -2.216180042918897364e+00 -1.673317272803822586e+00 5.250719083736570525e+01 -3.838641568310154462e+00
4.107169211823456512e-01 6.755053941087631186e-02 -2.128705089475274370e+00 -2.331279986073845123e+00 5.251281579468235350e+01 -2.932945554361421792e+00
3.231205606790479856e-01 5.601454366106459193e-02 -1.990302702729598971e+00 -1.588140725247691343e+00 5.231593996257019796e+01 -4.004492025135855116e+00
4.242551977551002884e-01 6.940140765508957810e-02 -1.192910447281402941e+00 -3.801292394005175268e+00 5.256171395126939672e+01 -2.805071709367839894e+00
2.705614029988905322e-01 4.596749953125543742e-02 -2.161873636813051114e+00 -1.368847674307443585e+00 5.247314281629699195e+01 -4.404569284793912409e+00
4.307724366714482667e-01 6.807098683449858134e-02 -1.511713610641353789e+00 -1.664423903635765756e+00 5.179044358649881730e+01 -3.403684751930956764e+00
3.589991063477300792e-01 5.863190139863291156e-02 -3.843329981431638398e+00 -3.775949145386362282e+00 5.433570225042850410e+01 -1.563448134298441872e+00
4.369032883448346616e-01 6.797779077099926071e-02 -3.339416140516848319e+00 -3.848247868642243219e+00 5.390613525991415855e+01 -1.278104899113294390e+00
3.009297087560495743e-01 4.925086515407595816e-02 -2.844495264352944641e+00 -2.298947605343965250e+00 5.325151588150682613e+01 -3.327471707162784398e+00
4.089162100579551984e-01 6.756847356521233916e-02 -1.958820166266208584e+00 -1.861024020991226990e+00 5.220121322099815586e+01 -3.213571364029610411e+00
4.469603304788097309e-01 7.193301411953861857e-02 -2.389904069512088114e+00 -2.236726735223006912e+00 5.258352625040205197e+01 -2.562129094723043732e+00
4.416604832808272985e-01 6.839978286934882135e-02 -1.499587397696035662e+00 -1.997291418652258121e+00 5.196471106775586435e+01 -3.189528110961438401e+00
3.938819044933075109e-01 6.652437185521144214e-02 -1.448877558286818745e+00 -1.242415244882885128e+00 5.162999572964012884e+01 -3.947031308604126210e+00
4.246567895545291793e-01 6.930721220613762779e-02 -2.658969308993353486e+00 -2.862808196461174681e+00 5.305851624677924860e+01 -2.307637674101995717e+00
3.582222227678316662e-01 5.419058254341968528e-02 -3.270308987061208761e+00 -3.229890705538029039e+00 5.378750217122215815e+01 -2.066907664127797695e+00
3.865499774849159298e-01 6.347773645275807397e-02 -2.137176718283020360e+00 -2.302910407467746001e+00 5.253426370450460325e+01 -3.074708667268677420e+00
4.530278615715714330e-01 7.865681789791634237e-02 -2.598627553372305776e+00 -3.300711296795537208e+00 5.311086230038038281e+01 -2.025893607369345872e+00
3.111522017705931065e-01 5.443383747406927570e-02 -2.132775016016065006e+00 -2.698788412931540037e+00 5.288079523727616760e+01 -3.566301703617547059e+00
3.239617899921957145e-01 5.404160637970766706e-02 -1.863546104838609274e+00 -1.393421385651124611e+00 5.213348941310080420e+01 -4.093743129103220468e+00
3.041768619173980115e-01 5.050377730545407839e-02 -3.377171624607116396e+00 -2.849412007506589184e+00 5.377865230639570626e+01 -2.715629199851992581e+00
4.083867085095781446e-01 6.267907245193563015e-02 -1.690246629059060091e+00 -1.911866472671472694e+00 5.212357419044663231e+01 -3.308067810505213924e+00
3.567305580021161715e-01 5.807036071425156903e-02 -1.321332522883740035e+00 -1.757484301970628549e+00 5.189373667963825199e+01 -4.043865100484508979e+00
3.246384031841140771e-01 5.491914988213127818e-02 -1.506385094247129963e+00 -1.117889637497978761e+00 5.178818247398996277e+01 -4.466774162663105230e+00
3.635314072085086834e-01 5.324414900883415319e-02 -3.192398048358804807e+00 -3.363598737082841517e+00 5.380897670774635344e+01 -1.973449194795497075e+00
3.167493241297106854e-01 5.276878161195466127e-02 -3.577779747099766094e+00 -3.124452000692910403e+00 5.400993939576883207e+01 -2.328386998860200396e+00
3.860274250357585424e-01 6.163218804334731626e-02 -2.154131748299198623e+00 -2.055995759965808745e+00 5.251055367477995617e+01 -3.144088426204827424e+00
2.774433321855105938e-01 4.469132727270828248e-02 -3.921680990902477681e+00 -3.357489281737831899e+00 5.445498460007490138e+01 -2.369360721721607277e+00
4.632480614460144364e-01 7.857830705937789151e-02 -2.830287798954580936e+00 -3.236249255786148193e+00 5.318840495883847552e+01 -1.777745458944529400e+00
3.267602857828288965e-01 5.492956771625407547e-02 -2.284871826484947466e+00 -1.741324563559188077e+00 5.255925350339560964e+01 -3.711642230114686747e+00
3.367656587997696072e-01 5.487174921089735952e-02 -2.064713077130035490e+00 -1.526033099344173749e+00 5.230578023238414431e+01 -3.804939978268066625e+00
4.158007298985753053e-01 7.016479335103614767e-02 -2.822738231177442714e+00 -2.972217931647869182e+00 5.319903143850593352e+01 -2.214450901005808880e+00
2.853505870216144213e-01 4.649745504702999799e-02 -2.403547859128472020e+00 -1.770269914735806083e+00 5.279181019430238564e+01 -3.921472731500112996e+00
3.160983071681635059e-01 5.246377156990541385e-02 -2.454114344889334998e+00 -1.946760599904155731e+00 5.277589189319754581e+01 -3.539624733711733917e+00
4.739356843315325474e-01 7.763371212589191550e-02 -1.896920468303942675e+00 -2.607130677566535493e+00 5.233184120156780494e+01 -2.525719119584551642e+00
3.392434798499427973e-01 5.714788316776314020e-02 -2.520215995312581114e+00 -2.347740568274740536e+00 5.293803151816864982e+01 -3.195544861362576761e+00
4.235692161996472693e-01 6.944187797471265688e-02 -1.794340250126273073e+00 -3.614103655333726017e+00 5.284949700249305948e+01 -2.509744126837679001e+00
2.818360738719521974e-01 4.735571046005650209e-02 -2.783398260522100376e+00 -2.103361642911809604e+00 5.314931354075179826e+01 -3.586755653368274288e+00
4.352155946897139360e-01 6.817314288829497138e-02 -1.420821202140368555e+00 -1.624457014416168521e+00 5.170693812018657098e+01 -3.442332952225148457e+00
3.584402564266656044e-01 5.850091845140302504e-02 -3.317004108612880309e+00 -3.364875906554585683e+00 5.383035670007349438e+01 -2.077681229341676872e+00
4.375220888738549641e-01 6.798684086550650651e-02 -3.369941424738107649e+00 -3.892185830140165947e+00 5.394383146559898989e+01 -1.235311304865452042e+00
2.683076515367006087e-01 4.229906514887549207e-02 -2.961510216724036137e+00 -2.236741457299828095e+00 5.341321449175133296e+01 -3.519055649267601726e+00
4.089162100579551984e-01 6.756847356521233916e-02 -1.958820166266208584e+00 -1.861024020991226990e+00 5.220121322099815586e+01 -3.213571364029610411e+00
4.469603304788097309e-01 7.193301411953861857e-02 -2.389904069512088114e+00 -2.236726735223006912e+00 5.258352625040205197e+01 -2.562129094723043732e+00
4.133736995262256575e-01 6.499920730070786468e-02 -2.761224539677110457e+00 -3.077602991372589081e+00 5.326635718502533479e+01 -2.135949634930057073e+00
3.926251264365873128e-01 6.685755029086182244e-02 -1.427963980180060544e+00 -1.184410213433627845e+00 5.158722930700418630e+01 -4.002394711139940497e+00
4.759126560521379501e-01 7.579226680951928197e-02 -2.662567472125512591e+00 -3.117916824335106973e+00 5.306499170189432135e+01 -1.836048346430324107e+00
3.493768200111911915e-01 5.409323182837071087e-02 -2.918578021473768658e+00 -2.770552770459291381e+00 5.337444159011203482e+01 -2.574810130456063995e+00
4.189984851296872370e-01 6.882098056076661752e-02 -2.388131726510332342e+00 -2.760818593509601904e+00 5.283211091757097222e+01 -2.507181261360128310e+00
4.530278615715714330e-01 7.865681789791634237e-02 -2.598627553372305776e+00 -3.300711296795537208e+00 5.311086230038038281e+01 -2.025893607369345872e+00
2.775320452213996258e-01 5.100129846294534919e-02 -2.676269744599607314e+00 -3.532346016483888462e+00 5.363819373710293092e+01 -3.195317735326313358e+00
3.243113844409382662e-01 5.407452298959841697e-02 -1.932746344943526928e+00 -1.471423989930933152e+00 5.221014068502455530e+01 -4.016774745765117949e+00
2.960888983092674898e-01 4.919497427708419829e-02 -3.942286822268775914e+00 -3.368802374932572619e+00 5.437971325660643629e+01 -2.227685863966846203e+00
4.116956932466393493e-01 6.358434241368644824e-02 -1.668446874129015045e+00 -1.873649174052766764e+00 5.207502673790249048e+01 -3.321193265988118259e+00
3.577551036839689003e-01 5.868122849981231154e-02 -1.072123402559803873e+00 -1.597585870556398113e+00 5.166212823251743202e+01 -4.274937728144690752e+00
3.183326628952214965e-01 5.365188028492617195e-02 -1.392905803572229040e+00 -1.158999116346157932e+00 5.175611768847911520e+01 -4.589306674103637462e+00
3.446468291497191139e-01 5.069757734673509958e-02 -2.602735690212335307e+00 -2.580799412263631076e+00 5.315537579896039944e+01 -2.858098463763973918e+00
3.206693138897590556e-01 5.291637427862516674e-02 -3.601655258306286189e+00 -3.202896816285909942e+00 5.405473906440904130e+01 -2.258018106769881239e+00
3.790459958684585517e-01 6.087703268842015181e-02 -1.604135684361811087e+00 -1.336361368227124036e+00 5.187961342235863782e+01 -3.836503596299178476e+00
2.774433321855105938e-01 4.469132727270828248e-02 -3.921680990902477681e+00 -3.357489281737831899e+00 5.445498460007490138e+01 -2.369360721721607277e+00
4.632480614460144364e-01 7.857830705937789151e-02 -2.830287798954580936e+00 -3.236249255786148193e+00 5.318840495883847552e+01 -1.777745458944529400e+00
3.229359326706142674e-01 5.370721115636650084e-02 -2.494664259675642093e+00 -1.849295921493190331e+00 5.275451529503499160e+01 -3.540869354409086345e+00
3.742669818511167312e-01 6.131869658692250952e-02 -1.792652366896011706e+00 -1.882045896623916859e+00 5.218246582965653602e+01 -3.561483423628925227e+00
4.054832902655862159e-01 6.796732566169989831e-02 -2.566853577825784161e+00 -2.701407212902231070e+00 5.294650536524397211e+01 -2.549068588770383670e+00
3.148337895106311790e-01 5.142961371445487623e-02 -2.231731022752872384e+00 -1.837912621360052290e+00 5.262158677898320036e+01 -3.770506517861473839e+00
2.986858149951555075e-01 4.774229468951455418e-02 -2.277023663261614761e+00 -1.647955342613520946e+00 5.259964649171435269e+01 -3.864631644606094873e+00
4.548936881392982023e-01 7.329780954537326587e-02 -2.279753913060284631e+00 -2.888283206997169117e+00 5.275865085996827730e+01 -2.268989586426544136e+00
3.509712485915157387e-01 5.978524193010691795e-02 -2.438497873032515528e+00 -2.429260357164081618e+00 5.289586728053302522e+01 -3.153197249847830008e+00
4.128675443571266923e-01 6.697771690174141035e-02 -1.514937695823382002e+00 -3.716013722602658387e+00 5.275809107293265043e+01 -2.707169467326183021e+00
2.972767870122789979e-01 5.093440263281224373e-02 -3.533591277161737487e+00 -2.674563702216534722e+00 5.382503932602354269e+01 -2.779955005883907759e+00
4.246651338885472637e-01 6.713251382177126692e-02 -1.583003558417483525e+00 -1.723857916215299602e+00 5.188474683209481242e+01 -3.372637992788133143e+00
3.495568084522340802e-01 5.716091949098266872e-02 -3.455211375560880427e+00 -3.482623574782428122e+00 5.398741549759211722e+01 -2.004741177925972728e+00
4.375220888738549641e-01 6.798684086550650651e-02 -3.369941424738107649e+00 -3.892185830140165947e+00 5.394383146559898989e+01 -1.235311304865452042e+00
2.683076515367006087e-01 4.229906514887549207e-02 -2.961510216724036137e+00 -2.236741457299828095e+00 5.341321449175133296e+01 -3.519055649267601726e+00
4.140113620073829215e-01 6.886140153455104496e-02 -1.829408227961620170e+00 -1.723825923875911270e+00 5.203403728134222916e+01 -3.323819280165322798e+00
4.068165822565736334e-01 6.627909552002994586e-02 -2.246832900414484246e+00 -2.024704946608292033e+00 5.248079388050201999e+01 -3.018674468617746687e+00
4.309431821832829801e-01 6.976795250466928666e-02 -2.817611243187920778e+00 -3.196401138404228348e+00 5.326476021447543019e+01 -1.955292409742608317e+00
3.939570305684618745e-01 6.759899882779518698e-02 -1.367500799587178850e+00 -1.057834191132105417e+00 5.148284715258818522e+01 -4.087875609314839842e+00
4.480101708379103931e-01 7.244439366308658146e-02 -2.344172688005430327e+00 -2.576438818455233370e+00 5.268186147386416707e+01 -2.458936930758108375e+00
3.537323152367453094e-01 5.404617630666730399e-02 -3.078590772783416529e+00 -2.982441706531966830e+00 5.356408374321025434e+01 -2.336324337055257772e+00
4.396311580644552963e-01 7.237767421718926952e-02 -2.432003046852818873e+00 -2.946332117395775274e+00 5.288235154743171051e+01 -2.250112791197658613e+00
4.242360921180989841e-01 7.046984569078081073e-02 -2.625420414156818705e+00 -2.891894239378796527e+00 5.304392628823060107e+01 -2.315214215644862517e+00
2.941577687051963319e-01 5.173939621333335098e-02 -3.032926624873605981e+00 -3.405371558583935254e+00 5.379873629447951089e+01 -2.834068983912557016e+00
3.187855805306761270e-01 5.349015540790527656e-02 -1.980959670822768803e+00 -1.487183377169202902e+00 5.225799845254197606e+01 -4.024010791108960206e+00
2.960888983092674898e-01 4.919497427708419829e-02 -3.942286822268775914e+00 -3.368802374932572619e+00 5.437971325660643629e+01 -2.227685863966846203e+00
4.116956932466393493e-01 6.358434241368644824e-02 -1.668446874129015045e+00 -1.873649174052766764e+00 5.207502673790249048e+01 -3.321193265988118259e+00
3.794540837524454924e-01 6.168350604333583398e-02 -1.747172952800301049e+00 -1.743877384208214698e+00 5.211483802869641124e+01 -3.622100387259262089e+00
3.196298566278166220e-01 5.381722185089948124e-02 -1.392063496669498912e+00 -1.168993321960660747e+00 5.175754095431982904e+01 -4.574608008730596254e+00
3.427831092819464964e-01 5.186746825064742633e-02 -2.497036497299075286e+00 -2.402354466177900161e+00 5.299644288965878047e+01 -3.041007876477936467e+00
3.206693138897590556e-01 5.291637427862516674e-02 -3.601655258306286189e+00 -3.202896816285909942e+00 5.405473906440904130e+01 -2.258018106769881239e+00
4.190670953195682058e-01 6.768342404664118295e-02 -2.008553414923433866e+00 -2.056927565647528766e+00 5.232866147437200510e+01 -3.049938207239295096e+00
2.729350129816909831e-01 4.360238858657298350e-02 -3.916698698348700880e+00 -3.354753884219412452e+00 5.447318448958235138e+01 -2.403616344622774736e+00
4.372362932392974133e-01 7.311174210118419337e-02 -2.838041249933251020e+00 -3.111148395972839431e+00 5.321354610751831160e+01 -1.977381786858725121e+00
3.036481320911647575e-01 5.020843354119627205e-02 -2.483247967707966630e+00 -1.537402396241291269e+00 5.266012641404457639e+01 -3.813225254506810380e+00
3.656622816953022936e-01 5.970891829918335836e-02 -1.536638743929437112e+00 -1.546733339146534991e+00 5.189369416723337025e+01 -3.907396073024310912e+00
3.971760308542079954e-01 6.662885762312160953e-02 -2.514796022247259621e+00 -2.597442223890538138e+00 5.288761003773039704e+01 -2.682813342882872654e+00
2.790322076422136477e-01 4.520434299821046026e-02 -2.208813185912431365e+00 -1.424402208247417700e+00 5.252264468313799028e+01 -4.212550853649933202e+00
3.191111952804461804e-01 5.148528502842826537e-02 -2.674351115397827439e+00 -2.219861659348522309e+00 5.304679544592328710e+01 -3.243962540933138072e+00
4.489336101027710524e-01 7.275524202061396661e-02 -2.346356456754800757e+00 -2.891186604270046701e+00 5.281182773669605979e+01 -2.274071257599961093e+00
3.424201561527066007e-01 5.846919031153692548e-02 -3.325061914563681498e+00 -3.352409628355091709e+00 5.385611877035891837e+01 -2.259352321245680528e+00
4.084249027248982311e-01 6.633039585126840332e-02 -1.535898113491029449e+00 -3.603408255031824048e+00 5.273060176887949524e+01 -2.772869097225281632e+00
2.945253156456828503e-01 5.007025034441456302e-02 -3.333801032002838838e+00 -2.486026412071010050e+00 5.362862473650511674e+01 -2.996005284439527294e+00
4.116474169623173252e-01 6.326470966027009091e-02 -1.159435694331302447e+00 -1.208813838017772424e+00 5.144120793969526062e+01 -3.914527808612525916e+00
3.506512128635595471e-01 6.033123143044707981e-02 -3.937066705187305171e+00 -3.988006345018892063e+00 5.446250674921438417e+01 -1.531886274836987027e+00
4.380136015846166631e-01 6.785377331323545758e-02 -3.411206230204685497e+00 -3.944168178579869455e+00 5.399456514630590220e+01 -1.181521232867244198e+00
2.683076515367006087e-01 4.229906514887549207e-02 -2.961510216724036137e+00 -2.236741457299828095e+00 5.341321449175133296e+01 -3.519055649267601726e+00
4.109432535536223785e-01 7.084105776456664505e-02 -2.516371952638916998e+00 -2.235826822458575336e+00 5.268840908970141612e+01 -2.759775389204069729e+00
3.870285009200870041e-01 6.297942608721500413e-02 -2.282407673290846706e+00 -1.958498103034172599e+00 5.252304258527802006e+01 -3.159725285134554085e+00
3.881374389218972820e-01 6.244104732900646743e-02 -2.860761940246262292e+00 -2.976021691812545722e+00 5.332034318112274462e+01 -2.326698816678439918e+00
3.939570305684618745e-01 6.759899882779518698e-02 -1.367500799587178850e+00 -1.057834191132105417e+00 5.148284715258818522e+01 -4.087875609314839842e+00
4.480101708379103931e-01 7.244439366308658146e-02 -2.344172688005430327e+00 -2.576438818455233370e+00 5.268186147386416707e+01 -2.458936930758108375e+00
3.928431213839679303e-01 6.076823010716394385e-02 -3.114108966436014647e+00 -3.279560192850153211e+00 5.361792973494328152e+01 -1.923738022475398823e+00
4.273635956274519643e-01 7.029931766740762922e-02 -2.607190300222606449e+00 -2.996366077769021974e+00 5.305824976272082694e+01 -2.215982167755376597e+00
4.250664227309522980e-01 7.063275858929646267e-02 -2.641704537612620030e+00 -2.913180322198852590e+00 5.306115308202767267e+01 -2.290982439639067891e+00
2.917419119210014067e-01 4.897346554874398850e-02 -3.059026156802979735e+00 -3.235445053917908265e+00 5.377762240443062325e+01 -2.857841841205859712e+00
3.336718430022223569e-01 5.423418688816527417e-02 -1.755425009879811427e+00 -1.430686505899304795e+00 5.206928719192995203e+01 -4.036500376708776372e+00
3.251878950778241961e-01 5.343448038343374951e-02 -3.083496044369486988e+00 -2.636196735573790306e+00 5.345459835705081986e+01 -2.824667100566197409e+00
4.172480279047657281e-01 6.413077966693744858e-02 -1.523205233174881545e+00 -1.766868044521020975e+00 5.192723618070008484e+01 -3.412249973474097864e+00
4.052725018422054237e-01 7.056939922626256911e-02 -1.206343564627385900e+00 -1.361608422726745982e+00 5.150493135942009815e+01 -4.060582119688985969e+00
3.030258707486174208e-01 5.163396470023233487e-02 -1.293504222633536482e+00 -1.009436444914014075e+00 5.165837451519026047e+01 -4.838972863186503659e+00
3.550854987004250507e-01 5.355808120907308567e-02 -2.210522519324813917e+00 -2.066822920974534572e+00 5.263890447683314022e+01 -3.257246039835034246e+00
3.538827618212477266e-01 5.725343332700586624e-02 -3.446205447892358276e+00 -3.024968146808411973e+00 5.381583594424248673e+01 -2.156727973032263268e+00
4.189583687595709871e-01 6.747108073316337995e-02 -1.979543913805983824e+00 -2.039590564462252509e+00 5.230466808582485072e+01 -3.071593760886550672e+00
2.743266295748758576e-01 4.280174080251309549e-02 -3.974037131438235448e+00 -3.512922966959554749e+00 5.458790985051648192e+01 -2.273662938998938454e+00
4.372362932392974133e-01 7.311174210118419337e-02 -2.838041249933251020e+00 -3.111148395972839431e+00 5.321354610751831160e+01 -1.977381786858725121e+00
3.135906687405600746e-01 5.211033833351717132e-02 -1.877685446868262664e+00 -1.222578419963541663e+00 5.210959159587991962e+01 -4.271594524669755089e+00
3.656622816953022936e-01 5.970891829918335836e-02 -1.536638743929437112e+00 -1.546733339146534991e+00 5.189369416723337025e+01 -3.907396073024310912e+00
3.155315179900038958e-01 5.223275878099650771e-02 -2.911939658717038082e+00 -2.620958393060282443e+00 5.334851556611889833e+01 -2.960648464271643299e+00
2.797598372433550140e-01 4.532321202105503433e-02 -2.218517619069278801e+00 -1.436768173950961902e+00 5.253227537523785173e+01 -4.195451843526788238e+00
3.142519592190961553e-01 5.048437806532444366e-02 -2.601572993485585794e+00 -2.138089654321251309e+00 5.297816430112489883e+01 -3.354883609158379798e+00
4.724933596908397759e-01 7.911029304685651686e-02 -2.902765758221033998e+00 -3.666798057030173474e+00 5.340975578589875994e+01 -1.488001076311791682e+00
3.324254146595883030e-01 5.646852389041549097e-02 -3.458211837159616664e+00 -3.355945929159998897e+00 5.396907040993990989e+01 -2.252521121981151175e+00
4.153480762036841911e-01 6.958153274074889427e-02 -1.531131427894855124e+00 -3.335228725454344456e+00 5.256696684196224112e+01 -2.870265667929633668e+00
2.879215678568247672e-01 4.953281039435811217e-02 -3.614536693733983341e+00 -2.755167343161724069e+00 5.393724119457566957e+01 -2.771107897342925064e+00
4.221900780288793675e-01 6.407991881265538703e-02 -1.072957229451386940e+00 -1.131341612536733265e+00 5.133746987506803094e+01 -3.916162847211114517e+00
3.506512128635595471e-01 6.033123143044707981e-02 -3.937066705187305171e+00 -3.988006345018892063e+00 5.446250674921438417e+01 -1.531886274836987027e+00
4.425501179245507899e-01 7.064076434990805564e-02 -3.014695243211058973e+00 -3.511984414762262308e+00 5.353448151652956710e+01 -1.620273734740103500e+00
2.723490914919841632e-01 4.315514524252843376e-02 -2.865037197459615825e+00 -2.163714493910033010e+00 5.330410551936958541e+01 -3.575489051764330739e+00
3.948856268037833073e-01 6.630090089764448247e-02 -3.054305749165588502e+00 -2.809832471077511329e+00 5.331944815175713615e+01 -2.227419061827793811e+00
3.934741671440144528e-01 6.373982703118956372e-02 -2.143656526870573398e+00 -1.849117050717671296e+00 5.237876410504119207e+01 -3.244356273409508162e+00
3.955095229214560804e-01 6.339402042216646382e-02 -2.955724627692742690e+00 -3.155324786985868268e+00 5.344183696686611285e+01 -2.133790486099050643e+00
3.713503469651308064e-01 6.279414484319650880e-02 -1.724834670857469110e+00 -1.361359009147244059e+00 5.191022599461891929e+01 -3.877809229345212216e+00
4.722262118764896655e-01 7.610457896677520762e-02 -2.056863517838759758e+00 -2.431227920718172619e+00 5.237663520501887859e+01 -2.549049261537941202e+00
3.767610805895507675e-01 5.776679534280036721e-02 -3.102784212264629637e+00 -3.157484876368298110e+00 5.359610592271521057e+01 -2.074183639884500607e+00
4.255485780759009629e-01 7.028951186328202816e-02 -2.556557569157910326e+00 -2.933979127860463887e+00 5.299925207815901018e+01 -2.288903544771445198e+00
4.421268037930069505e-01 7.166102105127922228e-02 -2.732704302139124852e+00 -3.096852152244868872e+00 5.317188825670182695e+01 -1.989860575412486732e+00
3.106060118326728903e-01 5.453099699984972903e-02 -2.646155609072610826e+00 -3.350845879406929129e+00 5.347676811668353025e+01 -2.971627742559544316e+00
3.667024473286021324e-01 5.751179011079151498e-02 -2.484491333668032098e+00 -2.426930248640127630e+00 5.290391512823418196e+01 -2.889407149032090505e+00
3.259326867207379408e-01 5.246311433115339457e-02 -2.845928855780684774e+00 -2.240891099237815709e+00 5.313916004453039932e+01 -3.119961954882695565e+00
4.113344716307815729e-01 6.396598131647318608e-02 -1.718365972616565873e+00 -1.931202820435720335e+00 5.212750221495834069e+01 -3.282838503840194377e+00
4.119599798340183860e-01 7.247159310701228874e-02 -1.186562691419476678e+00 -1.363783066974682434e+00 5.147724541741046522e+01 -4.052552977094109110e+00
3.030258707486174208e-01 5.163396470023233487e-02 -1.293504222633536482e+00 -1.009436444914014075e+00 5.165837451519026047e+01 -4.838972863186503659e+00
3.544916407863741847e-01 5.364589661996509162e-02 -2.258881266821824774e+00 -2.170683042530940021e+00 5.271414065438244734e+01 -3.192932135385526227e+00
3.440735213460645037e-01 5.659812653104238228e-02 -3.152289721422360635e+00 -2.983060628042404794e+00 5.361958937243372958e+01 -2.472940356554183872e+00
3.987855417770622690e-01 6.449893152860422529e-02 -2.161402472791060347e+00 -2.152983097757443343e+00 5.250826468051393192e+01 -3.049954503222967350e+00
2.743266295748758576e-01 4.280174080251309549e-02 -3.974037131438235448e+00 -3.512922966959554749e+00 5.458790985051648192e+01 -2.273662938998938454e+00
4.372362932392974133e-01 7.311174210118419337e-02 -2.838041249933251020e+00 -3.111148395972839431e+00 5.321354610751831160e+01 -1.977381786858725121e+00
3.165904270727825098e-01 5.224873672533689173e-02 -1.963774459936030281e+00 -1.345872007610921406e+00 5.221206337658895080e+01 -4.132343276367044460e+00
3.633511964330059518e-01 5.937236467212996666e-02 -1.711765624508859496e+00 -1.702328510424084840e+00 5.208074834606908610e+01 -3.751662510287296470e+00
3.152260985860723674e-01 5.222866850990402071e-02 -2.906637151558009169e+00 -2.635462843561543700e+00 5.335261938150985372e+01 -2.963778532525242149e+00
2.857489629663354513e-01 4.664090994814308611e-02 -2.387736346783765562e+00 -1.672855626712122401e+00 5.271906833798063019e+01 -3.948009163528765519e+00
2.914444262146420050e-01 4.685127645438811467e-02 -2.790378927049334212e+00 -2.239942727647633358e+00 5.319990847307592219e+01 -3.365682792629667741e+00
4.524901001066573558e-01 7.544525101258346689e-02 -3.010901565634455324e+00 -3.651265664844962178e+00 5.352868049930003025e+01 -1.567307013163687479e+00
3.123292831410800496e-01 5.465318604685772547e-02 -3.916652643392029454e+00 -3.732429474539018521e+00 5.445282076423742268e+01 -1.977758736884086765e+00
4.218947568346119725e-01 7.006752495661143498e-02 -1.545103814697338152e+00 -3.797190486451520464e+00 5.276514482595207767e+01 -2.601048709259032421e+00
2.879215678568247672e-01 4.953281039435811217e-02 -3.614536693733983341e+00 -2.755167343161724069e+00 5.393724119457566957e+01 -2.771107897342925064e+00
4.245600223580384691e-01 6.525449435060078074e-02 -1.202687420323099055e+00 -1.225388890223554794e+00 5.145231168983792003e+01 -3.794976288508796092e+00
3.383446171435678385e-01 5.821274658821445902e-02 -3.873791256105866943e+00 -3.746142212325882515e+00 5.435945769121506288e+01 -1.775002579958998350e+00
4.400896598225525480e-01 7.029546859574906104e-02 -2.966722857890085052e+00 -3.435580937443478700e+00 5.347678728638159384e+01 -1.700650832834920356e+00
2.779465425237736542e-01 4.544756602058253048e-02 -3.134441152903641559e+00 -2.376309349329009279e+00 5.353168306422600153e+01 -3.286358150725765981e+00
3.923410981883113657e-01 6.372694174731649563e-02 -3.405841209031838179e+00 -3.268027786413457925e+00 5.377335303729971372e+01 -1.786441109731599530e+00
3.902915139569823055e-01 6.176210814201136406e-02 -1.647827573238736187e+00 -1.208192141001224851e+00 5.181311642718978305e+01 -3.802942302898651317e+00
3.796858354879001918e-01 6.161880693786928043e-02 -3.061230422475383683e+00 -3.236095793624074624e+00 5.356917786438960150e+01 -2.137091261148419630e+00
3.713503469651308064e-01 6.279414484319650880e-02 -1.724834670857469110e+00 -1.361359009147244059e+00 5.191022599461891929e+01 -3.877809229345212216e+00
4.643680946250712815e-01 7.465055167332372565e-02 -1.729988290892097824e+00 -2.205776945863934024e+00 5.209004439356350957e+01 -2.866376028188447833e+00
3.644113877133131063e-01 5.517841412633358450e-02 -2.375203340715972278e+00 -2.272579945869285911e+00 5.279955146580060443e+01 -2.989486057577627420e+00
4.335967322846462357e-01 7.203084954153481101e-02 -2.675388224858586739e+00 -3.168839493347458180e+00 5.314690133015997020e+01 -2.060041041805105611e+00
4.286913280356859923e-01 6.864595437580436887e-02 -3.112763162914840009e+00 -3.484927787806857857e+00 5.362892075668931824e+01 -1.684540237498664883e+00
2.952931578516090338e-01 5.324988974800474312e-02 -2.852316334470855530e+00 -3.711911909802148024e+00 5.378727207640071128e+01 -2.833628964637489922e+00
3.164163722776922594e-01 4.996915200808247498e-02 -3.216658422409881535e+00 -2.847074557877856016e+00 5.364196555609616723e+01 -2.584427827814662404e+00
3.259326867207379408e-01 5.246311433115339457e-02 -2.845928855780684774e+00 -2.240891099237815709e+00 5.313916004453039932e+01 -3.119961954882695565e+00
4.172534905843347519e-01 6.371460192048677973e-02 -1.509396644377674512e+00 -1.826594564568987167e+00 5.194790600422988547e+01 -3.392684110573274125e+00
4.322860131733827216e-01 7.678167364246582527e-02 -1.020916194595021143e+00 -1.367600436137381470e+00 5.132063427785716669e+01 -4.035547337073547070e+00
3.030258707486174208e-01 5.163396470023233487e-02 -1.293504222633536482e+00 -1.009436444914014075e+00 5.165837451519026047e+01 -4.838972863186503659e+00
3.391063581528531712e-01 5.221643374037117369e-02 -1.933226791005715484e+00 -1.576481847105635881e+00 5.227681333703149846e+01 -3.777157233959976157e+00
3.834932449627617701e-01 6.177858069164411658e-02 -3.374437943691656283e+00 -3.565047281605758123e+00 5.392916086891571581e+01 -1.750252638295919816e+00
4.326178048161113954e-01 7.004328524109612597e-02 -1.324564905917693824e+00 -1.327755426887743173e+00 5.152452626672353375e+01 -3.656876516102752106e+00
2.775865836013584609e-01 4.353042052889828650e-02 -3.818978564101124018e+00 -3.345770772439614404e+00 5.440465253012618518e+01 -2.417029432510251930e+00
4.374511375723004192e-01 7.168950196626301674e-02 -2.800372517130444550e+00 -3.128499631096731459e+00 5.321664311375055689e+01 -1.973290276968130863e+00
3.165904270727825098e-01 5.224873672533689173e-02 -1.963774459936030281e+00 -1.345872007610921406e+00 5.221206337658895080e+01 -4.132343276367044460e+00
3.748032470144484485e-01 5.990187976549710830e-02 -1.781852417126607691e+00 -1.837121468653970524e+00 5.217501889661739511e+01 -3.550170450014020762e+00
3.121974993540171384e-01 5.155714899249646405e-02 -2.882289307057060768e+00 -2.576351762194829753e+00 5.332324592002293429e+01 -3.025213035745705437e+00
2.769703512093893982e-01 4.531232643815423511e-02 -2.219600570517505034e+00 -1.499969218875606414e+00 5.256589067762175915e+01 -4.190555066969407605e+00
3.318667470958048815e-01 5.283053374136542635e-02 -2.864550881772895963e+00 -2.650156561854029036e+00 5.332126774137140757e+01 -2.832481235942083675e+00
4.551329491568167906e-01 7.618240357558397902e-02 -3.093903006526237842e+00 -3.761721187525805643e+00 5.361865853717757346e+01 -1.457142475807378990e+00
3.224737863606608745e-01 5.552928094186758423e-02 -3.683909248636692002e+00 -3.548165529627768322e+00 5.421063531945896585e+01 -2.114559532035380940e+00
4.218947568346119725e-01 7.006752495661143498e-02 -1.545103814697338152e+00 -3.797190486451520464e+00 5.276514482595207767e+01 -2.601048709259032421e+00
2.866612598135557799e-01 4.861327228519126548e-02 -3.566995323984465394e+00 -2.794696114262130493e+00 5.392466544586899602e+01 -2.759691668822762622e+00
4.227845310613890795e-01 6.490796034149996785e-02 -1.346249393457796373e+00 -1.384353326952343810e+00 5.161627057300302113e+01 -3.646128814364743675e+00
3.334558738503723974e-01 5.770083290480779170e-02 -3.951812943107485321e+00 -3.777035141213579639e+00 5.443067701574719308e+01 -1.753830876379065984e+00
4.434285699709763495e-01 7.069784328923933714e-02 -3.080272721830778160e+00 -3.604668130830425810e+00 5.361405157578563774e+01 -1.531439376341570568e+00
2.641162455444391322e-01 4.326709411609826195e-02 -3.245807632281121791e+00 -2.401869544312436933e+00 5.364881561471311500e+01 -3.313415083273746120e+00
3.799510250754933316e-01 5.975346138897029424e-02 -2.597217572645843298e+00 -2.477476851054996931e+00 5.297343714025848271e+01 -2.702547876163920115e+00
4.252236351876758635e-01 7.047950094947530442e-02 -2.274752658636946201e+00 -2.471481937156583264e+00 5.263454608328130035e+01 -2.705643570603173398e+00
3.915566088390599608e-01 6.378471980025839094e-02 -3.024556777671073782e+00 -3.409885187394821493e+00 5.358426417454234070e+01 -2.005448002741346158e+00
3.900121908255060887e-01 6.686915652463387705e-02 -1.442388548994479436e+00 -1.132441494249065705e+00 5.156798515646180192e+01 -4.022115583751087797e+00
4.712438320789293922e-01 7.485398076870254658e-02 -1.412411567045753991e+00 -1.922387787012537652e+00 5.175923285410396346e+01 -3.128000214168126014e+00
3.521645060414414496e-01 5.463223158064262758e-02 -2.779711939311468427e+00 -2.677936759385358911e+00 5.324618379838152293e+01 -2.686359368040847961e+00
4.021074350291030108e-01 6.812392408784394282e-02 -2.788661595929385228e+00 -3.385072986519905847e+00 5.337420111322386873e+01 -2.150950013894435742e+00
4.279723505679639550e-01 6.989180164565517162e-02 -2.721181440157005582e+00 -3.121148448462506941e+00 5.321468552277384134e+01 -2.119056110593560582e+00
2.952931578516090338e-01 5.324988974800474312e-02 -2.852316334470855530e+00 -3.711911909802148024e+00 5.378727207640071128e+01 -2.833628964637489922e+00
3.785714316308295135e-01 6.249946761676097862e-02 -2.166504739225429077e+00 -2.157507555165655067e+00 5.253137459118774188e+01 -3.184729061284008456e+00
3.346157200223985884e-01 5.335827971294967303e-02 -2.579030504675558610e+00 -2.119275425155174197e+00 5.290291566116707145e+01 -3.249582216613569052e+00
4.067422216039812133e-01 6.251733264460324069e-02 -1.556842919818032467e+00 -1.776397362886071196e+00 5.197548940073252766e+01 -3.469919554977864529e+00
4.463420833025501522e-01 7.482587903485427017e-02 -1.285736219809996417e+00 -1.795477978590458878e+00 5.166355997111335085e+01 -3.508006971819380482e+00
2.819773226013005951e-01 4.850929555852125097e-02 -1.825001487364409591e+00 -1.312933063298219238e+00 5.218238764878895353e+01 -4.542978986491273297e+00
3.391063581528531712e-01 5.221643374037117369e-02 -1.933226791005715484e+00 -1.576481847105635881e+00 5.227681333703149846e+01 -3.777157233959976157e+00
3.853359514172024491e-01 6.206743803931326353e-02 -3.334397455089426199e+00 -3.530602331157820295e+00 5.388411847390916876e+01 -1.778715579926867019e+00
4.167920333840359204e-01 6.786384162551638288e-02 -1.816850724288254337e+00 -1.782211168676669288e+00 5.206461046794940017e+01 -3.280016660316682486e+00
2.705690937771518811e-01 4.290107474558163547e-02 -3.728712458940287355e+00 -3.176968895967605899e+00 5.428150391632374294e+01 -2.595161276265664618e+00
4.296338818565964557e-01 7.095746386256157612e-02 -3.121449182623782903e+00 -3.407509187588176669e+00 5.355378547095776298e+01 -1.706171510964249904e+00
3.165904270727825098e-01 5.224873672533689173e-02 -1.963774459936030281e+00 -1.345872007610921406e+00 5.221206337658895080e+01 -4.132343276367044460e+00
3.808566880119891862e-01 5.913496012732076534e-02 -1.379851026639026701e+00 -1.579655358741581139e+00 5.178272088640584059e+01 -3.801795900649694637e+00
2.922833627551987279e-01 4.812360115129170335e-02 -3.032850139213305152e+00 -2.504085287307633578e+00 5.345808931238065043e+01 -3.144579618099455853e+00
2.782133386161155797e-01 4.525700653159252934e-02 -2.520000233930788980e+00 -1.851580171177592549e+00 5.290803767856844786e+01 -3.846611525347753080e+00
3.441457923591769164e-01 5.464944540105531184e-02 -2.761311634427003892e+00 -2.635513092776310629e+00 5.321359276710111175e+01 -2.791824224024655798e+00
4.551329491568167906e-01 7.618240357558397902e-02 -3.093903006526237842e+00 -3.761721187525805643e+00 5.361865853717757346e+01 -1.457142475807378990e+00
3.013656351518017029e-01 5.224304555262818117e-02 -3.777788485548317698e+00 -3.514185478620317049e+00 5.430482810018478546e+01 -2.219164885617077587e+00
4.089419354494534531e-01 6.811013894828775450e-02 -1.859228476243769190e+00 -3.347270189225167503e+00 5.279057985900614369e+01 -2.700421487496854844e+00
3.061377107853544555e-01 5.037955275154587520e-02 -3.540638517419168352e+00 -2.960289658066816543e+00 5.393946301350569428e+01 -2.518412186664308994e+00
3.973175233124743855e-01 6.200829721301837766e-02 -1.500770847041973388e+00 -1.454915662461943926e+00 5.179606211162305129e+01 -3.727612801364850625e+00
3.512014581167333116e-01 6.009317416406967372e-02 -3.323020423826941183e+00 -3.153320927030688114e+00 5.373660452027039724e+01 -2.285186464931072692e+00
4.421571582331585981e-01 7.156112793458566101e-02 -3.125538071099749793e+00 -3.597430711492662248e+00 5.362825848059620171e+01 -1.527993197775268985e+00
2.633704923759935257e-01 4.330939483284090147e-02 -3.189998508689297019e+00 -2.312291612752440884e+00 5.357569607299312509e+01 -3.396423397278246270e+00
3.962798002882134130e-01 6.327932608487164823e-02 -2.723342095859534240e+00 -2.643118706446008215e+00 5.307997213057345220e+01 -2.437207624470919320e+00
3.990046564652028893e-01 6.774546761096895964e-02 -2.611710585861930944e+00 -2.622242975080368410e+00 5.296063662359851065e+01 -2.620830418115901228e+00
3.716814885908263921e-01 6.050756268041601604e-02 -3.129289587405140960e+00 -3.519403395351956565e+00 5.374381061612414356e+01 -2.030053209916159229e+00
3.822916041154018618e-01 6.546287462519974343e-02 -1.431751758377931782e+00 -1.119870938365031598e+00 5.157803457132302327e+01 -4.092291265380714194e+00
4.414963577500692349e-01 7.123764669085361212e-02 -1.723276428168015739e+00 -2.059793923313181896e+00 5.207839863635169309e+01 -3.096299509634397040e+00
3.495965574003138121e-01 5.462469989532900416e-02 -2.782836270410672164e+00 -2.729058620066541430e+00 5.327183047685478101e+01 -2.692506319680959770e+00
4.136317748802335603e-01 6.893683740936716597e-02 -2.864681759055425658e+00 -3.377383351845965276e+00 5.340081062582046911e+01 -1.991715612699753946e+00
4.236369625573178088e-01 6.878392284369194698e-02 -2.772986157224199388e+00 -3.108051095755760773e+00 5.325374158297323390e+01 -2.102216989739867703e+00
3.062429647231598717e-01 5.449754563218302261e-02 -2.835583033213513904e+00 -3.592127409439593855e+00 5.370481252106085890e+01 -2.796282708874844758e+00
3.855399270707577375e-01 6.703298756977589534e-02 -2.109173220809662297e+00 -2.311259157927362917e+00 5.251480868488658160e+01 -3.178697753400340442e+00
3.736889487137600718e-01 5.971068686861578934e-02 -1.830175932807982075e+00 -2.078220416080336364e+00 5.231765349441213431e+01 -3.465879151550681936e+00
4.124633892589801842e-01 6.446893530071000356e-02 -2.048868058231651190e+00 -2.350919573843136767e+00 5.251702895453674103e+01 -2.903468964527495366e+00
4.444042806732856343e-01 7.316243681881849648e-02 -1.484163229344799717e+00 -1.910123548887918910e+00 5.184937726248842438e+01 -3.320520927652983456e+00
2.796851006936047490e-01 4.797709623440925275e-02 -2.112867077340094379e+00 -1.639834641537122772e+00 5.251444358761837350e+01 -4.247606627868158569e+00
3.258749596159205009e-01 5.139682257199120613e-02 -2.540905730143484309e+00 -2.095585033068951830e+00 5.290552247533325669e+01 -3.308836202841913821e+00
3.847516183830708147e-01 6.182470398105072845e-02 -3.365292101622498588e+00 -3.569434420719679757e+00 5.392359704555605049e+01 -1.742715423602018365e+00
4.166241215166704981e-01 6.787435703372889095e-02 -1.680991062140749115e+00 -1.601347424370329620e+00 5.189884485108139245e+01 -3.451738281592798163e+00
2.713462738622431369e-01 4.328313208294717884e-02 -3.599023067389277575e+00 -3.049982354114534111e+00 5.413850263325289092e+01 -2.727855418109229824e+00
4.148980333183318603e-01 6.851867631873521935e-02 -2.970539787624057126e+00 -3.138763214784188182e+00 5.337888446849925828e+01 -2.022436612125229960e+00
3.165904270727825098e-01 5.224873672533689173e-02 -1.963774459936030281e+00 -1.345872007610921406e+00 5.221206337658895080e+01 -4.132343276367044460e+00
3.875678759746116198e-01 6.082591322529928152e-02 -1.594656575609281202e+00 -1.975114956220774376e+00 5.209556801255242675e+01 -3.484421719019758612e+00
2.922833627551987279e-01 4.812360115129170335e-02 -3.032850139213305152e+00 -2.504085287307633578e+00 5.345808931238065043e+01 -3.144579618099455853e+00
2.820525706041444591e-01 4.574372858286546162e-02 -2.533483367756497184e+00 -1.894481111858065780e+00 5.292559279561410079e+01 -3.786376138245714174e+00
3.441457923591769164e-01 5.464944540105531184e-02 -2.761311634427003892e+00 -2.635513092776310629e+00 5.321359276710111175e+01 -2.791824224024655798e+00
4.612424553684331130e-01 7.753434456778736383e-02 -3.186019617197424658e+00 -3.893173851209716485e+00 5.371711792169590893e+01 -1.313961817238722629e+00
3.013656351518017029e-01 5.224304555262818117e-02 -3.777788485548317698e+00 -3.514185478620317049e+00 5.430482810018478546e+01 -2.219164885617077587e+00
4.103751974424435511e-01 6.825242099301687126e-02 -1.882191566898848922e+00 -3.466848642952947479e+00 5.285568084234848385e+01 -2.625668519863678441e+00
3.061377107853544555e-01 5.037955275154587520e-02 -3.540638517419168352e+00 -2.960289658066816543e+00 5.393946301350569428e+01 -2.518412186664308994e+00
4.119693337355298524e-01 6.412410944830562731e-02 -1.347888481273831207e+00 -1.438412039795783359e+00 5.166537075180637828e+01 -3.710306480765501291e+00
3.346384319291624276e-01 5.892249407337170342e-02 -3.543358780824615195e+00 -3.340783294398920411e+00 5.397786937035706956e+01 -2.229329698128401649e+00
4.456743865683541195e-01 7.205419367212043125e-02 -3.193094741628180522e+00 -3.688653929823924926e+00 5.369989461624708582e+01 -1.419103790143655175e+00
2.633704923759935257e-01 4.330939483284090147e-02 -3.189998508689297019e+00 -2.312291612752440884e+00 5.357569607299312509e+01 -3.396423397278246270e+00
3.962798002882134130e-01 6.327932608487164823e-02 -2.723342095859534240e+00 -2.643118706446008215e+00 5.307997213057345220e+01 -2.437207624470919320e+00
3.990046564652028893e-01 6.774546761096895964e-02 -2.611710585861930944e+00 -2.622242975080368410e+00 5.296063662359851065e+01 -2.620830418115901228e+00
3.611171612935272224e-01 5.882846044650131417e-02 -3.284788198521421343e+00 -3.784937936310365458e+00 5.397622482285599688e+01 -1.899851566975728545e+00
3.822348956094523964e-01 6.545889147526311180e-02 -1.431340079025232859e+00 -1.119075662800119053e+00 5.157750467508950010e+01 -4.093349294486693601e+00
4.649716064855587416e-01 7.452478200389656138e-02 -1.796109226360254718e+00 -2.256060081009625851e+00 5.215020636863877002e+01 -2.822237015090786283e+00
3.466752437722534497e-01 5.426391051457395143e-02 -2.970761564794081266e+00 -3.096480636571163458e+00 5.355698439217510298e+01 -2.432249361299237300e+00
4.383571486101178749e-01 7.481344519469605714e-02 -3.253562065795990499e+00 -3.974547268680007406e+00 5.381866081165168936e+01 -1.346919551439900831e+00
4.609757952606033937e-01 7.453760840816910094e-02 -2.282519400895426820e+00 -2.366566063162097944e+00 5.256303135031486562e+01 -2.474855564314100587e+00
3.293276761329182456e-01 5.672161437536847595e-02 -2.770950333260533416e+00 -3.326589445289669822e+00 5.351309736139222650e+01 -2.737945938655113487e+00
3.855474750208767731e-01 6.681447371072539443e-02 -2.164134460384304681e+00 -2.366505499998527995e+00 5.257641911237705301e+01 -3.115537036130566761e+00
3.905112691939884861e-01 6.101094416192161946e-02 -1.579408141230113749e+00 -1.700623009790025009e+00 5.197166945914950276e+01 -3.632889331914922693e+00
4.153509768298043747e-01 6.554401504946186230e-02 -2.060633816041003818e+00 -2.366609327771300730e+00 5.251568155568442364e+01 -2.882150873016770198e+00
4.298361456259603419e-01 7.093699837829464672e-02 -2.119655052177756627e+00 -2.445314727502170715e+00 5.250892252263943050e+01 -2.775211725243456495e+00
2.904112958076613404e-01 4.920405034687319601e-02 -2.199897695600408376e+00 -1.809641456267006232e+00 5.261837477960939680e+01 -4.021671960686536096e+00
3.136668578807670915e-01 4.834077103804942932e-02 -2.313260953940224240e+00 -1.694394655781242820e+00 5.262029549225563585e+01 -3.658530382907982492e+00
3.857131125373824410e-01 6.201925217846964572e-02 -3.370242487550104471e+00 -3.578870016506320084e+00 5.392844158727886139e+01 -1.729493913919573966e+00
4.166241215166704981e-01 6.787435703372889095e-02 -1.680991062140749115e+00 -1.601347424370329620e+00 5.189884485108139245e+01 -3.451738281592798163e+00
2.801619817288171777e-01 4.522343199245815876e-02 -3.678764662159414556e+00 -3.271867561334731000e+00 5.424851532139862087e+01 -2.510683086343044490e+00
4.134961326894647238e-01 6.808891608291793573e-02 -3.375023830172153794e+00 -3.649058477095468156e+00 5.385440292847471255e+01 -1.555221147113310387e+00
3.544125683110332936e-01 6.111890662258949447e-02 -1.618987796053374728e+00 -1.225010898983836194e+00 5.180068812194879513e+01 -4.178077805663948929e+00
3.939744074290436604e-01 6.226155841281339615e-02 -1.682391969804390763e+00 -2.091501218392159522e+00 5.220479322237979147e+01 -3.389693887222795077e+00
2.922833627551987279e-01 4.812360115129170335e-02 -3.032850139213305152e+00 -2.504085287307633578e+00 5.345808931238065043e+01 -3.144579618099455853e+00
2.834659058484991223e-01 4.586437070027976626e-02 -2.554482894637784884e+00 -1.935741805007167304e+00 5.295355549537328699e+01 -3.741342929356732405e+00
3.441457923591769164e-01 5.464944540105531184e-02 -2.761311634427003892e+00 -2.635513092776310629e+00 5.321359276710111175e+01 -2.791824224024655798e+00
4.701309442197328936e-01 7.913942237266202717e-02 -3.246010525546311420e+00 -3.989467331080001955e+00 5.377616966899598339e+01 -1.187431236429767223e+00
3.099005710335144825e-01 5.358539473306320189e-02 -3.437940746716340978e+00 -3.178779444132658227e+00 5.392378314431593367e+01 -2.508136989743543932e+00
3.941282609703053441e-01 6.661173186484116437e-02 -1.101064142126587875e+00 -3.212424196354692008e+00 5.229441127605208095e+01 -3.363478139327821026e+00
3.061377107853544555e-01 5.037955275154587520e-02 -3.540638517419168352e+00 -2.960289658066816543e+00 5.393946301350569428e+01 -2.518412186664308994e+00
4.057266231742363560e-01 6.497498609289316385e-02 -1.817331074542325231e+00 -1.904498754173998387e+00 5.216557150585852298e+01 -3.300571071141490620e+00
3.543201726473730884e-01 6.237290816348722844e-02 -3.014163227146940294e+00 -2.794174654251634582e+00 5.334972812541115417e+01 -2.656971352102456940e+00
4.414413900993469642e-01 7.138962563669856709e-02 -3.375805769747532104e+00 -3.953340289436699795e+00 5.392889907699367313e+01 -1.214883426828036184e+00
2.633704923759935257e-01 4.330939483284090147e-02 -3.189998508689297019e+00 -2.312291612752440884e+00 5.357569607299312509e+01 -3.396423397278246270e+00
3.940131348755800955e-01 6.277488070583860102e-02 -2.761974338493101477e+00 -2.735955067127556983e+00 5.315362946218806428e+01 -2.387181043451835016e+00
4.364297497797090530e-01 7.790917298403654545e-02 -3.395115424956553607e+00 -3.867214418742806359e+00 5.386929367878465769e+01 -1.391604152209012568e+00
3.647525539414234186e-01 5.954141092379673650e-02 -3.339658958682719447e+00 -3.910853525089814653e+00 5.405352077569983749e+01 -1.788296070474898469e+00
3.822348956094523964e-01 6.545889147526311180e-02 -1.431340079025232859e+00 -1.119075662800119053e+00 5.157750467508950010e+01 -4.093349294486693601e+00
4.045124785419361713e-01 6.609880730603072407e-02 -2.212275912294388913e+00 -2.889132210633467146e+00 5.282159517653152392e+01 -2.721474191647219154e+00
3.694443581000269594e-01 5.848208000518333866e-02 -2.781084315048889088e+00 -2.821289293704686507e+00 5.325969818489831908e+01 -2.524883100296427152e+00
4.043370296497124095e-01 6.772911900396906548e-02 -2.790265629577970863e+00 -3.197243689007200906e+00 5.330092346954783977e+01 -2.203181580173590337e+00
4.126553249219719333e-01 6.854262274444318515e-02 -2.259096097079787313e+00 -2.038460168200415090e+00 5.248237716154312693e+01 -2.998303453995094348e+00
3.236920534036537012e-01 5.470328838546521105e-02 -2.854607593742318095e+00 -3.721866765197317850e+00 5.376651777259746723e+01 -2.538343760986129460e+00
3.804186882227862943e-01 6.762936297469122893e-02 -1.875629146336113884e+00 -1.972213578930049671e+00 5.222716419971990831e+01 -3.538111858735367932e+00
4.016058201252747928e-01 6.256732151246681417e-02 -1.384118900512877559e+00 -1.558828679170187526e+00 5.176019212784490264e+01 -3.728425211181521703e+00
4.153509768298043747e-01 6.554401504946186230e-02 -2.060633816041003818e+00 -2.366609327771300730e+00 5.251568155568442364e+01 -2.882150873016770198e+00
4.747027161214575353e-01 7.602521140392046184e-02 -1.588197765618880375e+00 -2.238045352836270485e+00 5.200937173408687642e+01 -2.845462293801300557e+00
2.990008795502398509e-01 5.032920203214628907e-02 -2.246499227361915985e+00 -1.886441717767777693e+00 5.266275251422280235e+01 -3.886157024500244361e+00
3.736868390469872403e-01 5.895470146701877606e-02 -2.604734182931361275e+00 -2.391354548204328800e+00 5.294347923572670567e+01 -2.785941744970879874e+00
3.942488647275660396e-01 6.327987120185986358e-02 -2.707926553316490459e+00 -2.864751517809967396e+00 5.317657838688743510e+01 -2.399557528896245628e+00
4.166241215166704981e-01 6.787435703372889095e-02 -1.680991062140749115e+00 -1.601347424370329620e+00 5.189884485108139245e+01 -3.451738281592798163e+00
2.801619817288171777e-01 4.522343199245815876e-02 -3.678764662159414556e+00 -3.271867561334731000e+00 5.424851532139862087e+01 -2.510683086343044490e+00
4.609758480919548540e-01 7.623273396128082968e-02 -3.487074408483550769e+00 -3.990347395061778712e+00 5.396236755043588573e+01 -1.022468585813530728e+00
3.392490349199856481e-01 5.795922937909699091e-02 -1.961363749268896672e+00 -1.533258933576547189e+00 5.220164467124499907e+01 -3.929548091165315782e+00
4.146359176242769284e-01 6.520140623685001524e-02 -1.591063266532486864e+00 -2.012503165696087670e+00 5.206051928996284062e+01 -3.350037730653429691e+00
3.157770835987358526e-01 5.184902256691131806e-02 -2.814930738545260880e+00 -2.426295365128628756e+00 5.323031919443942428e+01 -3.145221893805774105e+00
2.834659058484991223e-01 4.586437070027976626e-02 -2.554482894637784884e+00 -1.935741805007167304e+00 5.295355549537328699e+01 -3.741342929356732405e+00
3.311611385230263660e-01 5.109554815894695734e-02 -3.200206002715076270e+00 -3.124497256475351481e+00 5.374911082274012841e+01 -2.372574834175089631e+00
4.690178515961967998e-01 7.859674061689456148e-02 -3.175309631670567789e+00 -3.892524511498383966e+00 5.369577600251332683e+01 -1.264305740512197351e+00
3.255845919412944101e-01 5.659098455646627973e-02 -3.283365785842615736e+00 -2.892512965868641039e+00 5.365641099799542957e+01 -2.615987565239962009e+00
3.954663850803039615e-01 6.654441071599440094e-02 -1.161566451274437473e+00 -3.159094298534844469e+00 5.230836269951561945e+01 -3.333129732266513656e+00
2.965197465196057203e-01 4.870470694702540987e-02 -3.586917817824664567e+00 -2.915760090377061076e+00 5.397530468911993040e+01 -2.576424124397890481e+00
4.367031276238459436e-01 7.055624305516203232e-02 -1.542488989139327193e+00 -1.899368901369049123e+00 5.191329773322365781e+01 -3.286086724578377805e+00
3.383280163262132878e-01 5.696543187073446063e-02 -2.817242508083855235e+00 -2.367035026424010535e+00 5.310080135456573913e+01 -3.007236181894515248e+00
4.405069026849939839e-01 7.131313391326905837e-02 -3.355547901116521015e+00 -3.926810082395278290e+00 5.390628703589180049e+01 -1.246660354145513461e+00
2.688640999558643552e-01 4.455580394824831814e-02 -3.148780864906628896e+00 -2.305229190194884481e+00 5.352102605973269789e+01 -3.385648551904759440e+00
3.938037965737326562e-01 6.232642730888612870e-02 -2.809971108830712438e+00 -2.621578249585397646e+00 5.313324982471186786e+01 -2.376190189200896530e+00
4.150927640935582197e-01 7.347280073953985080e-02 -3.305806831897483811e+00 -3.590060922308560443e+00 5.374950996423822147e+01 -1.705402637785354170e+00
3.994048011446707513e-01 6.212093605010664266e-02 -3.226923168688318633e+00 -3.671358991858102438e+00 5.382046537937791442e+01 -1.639611043868929974e+00
3.567250551328994268e-01 6.050650988373623695e-02 -1.917580329626996871e+00 -1.488947949815461413e+00 5.212884920112168885e+01 -3.830525565878700078e+00
4.444341025906191622e-01 7.043464200683732801e-02 -2.245326342702262501e+00 -2.202796285902446360e+00 5.245570406154483578e+01 -2.688889351767536517e+00
4.098830187322740626e-01 6.733696135652775250e-02 -2.119399397238276528e+00 -2.329710497340198749e+00 5.249425067186354710e+01 -2.884438879950667722e+00
4.132172199709917559e-01 6.654473209246521137e-02 -1.994639192953077123e+00 -2.350623887819828450e+00 5.243605875162060670e+01 -2.953013318139087406e+00
4.129210338828582239e-01 6.730390169716177207e-02 -2.021696604360622374e+00 -2.014925248074343589e+00 5.232701338205844621e+01 -3.131951667145219442e+00
3.236920534036537012e-01 5.470328838546521105e-02 -2.854607593742318095e+00 -3.721866765197317850e+00 5.376651777259746723e+01 -2.538343760986129460e+00
4.207404286547465899e-01 7.421237860563932587e-02 -2.166470432928692347e+00 -2.517414905148271487e+00 5.254254330446579502e+01 -2.835393689199637635e+00
4.293588861663458767e-01 6.644862663878572939e-02 -1.222629692026713677e+00 -1.487550310770779483e+00 5.156088976060951978e+01 -3.652801586123985977e+00
3.909592710611097810e-01 6.130200185912303840e-02 -1.459923493485329127e+00 -1.509735006003340096e+00 5.183325161287400107e+01 -3.792976389750359001e+00
4.120088100467257930e-01 6.952475938221422402e-02 -3.211130790621387288e+00 -3.456170892997292299e+00 5.366255685850758539e+01 -1.818874008817599863e+00
3.033996792546225230e-01 5.235501430962084812e-02 -2.163809557132311046e+00 -1.869866025499451023e+00 5.257946770583878049e+01 -3.937430794642562848e+00
3.750875385019108443e-01 5.896940139447437446e-02 -2.681672883410316732e+00 -2.531727096149857026e+00 5.305516701102258281e+01 -2.678495606940350271e+00
3.962411064381886616e-01 6.370921828686555710e-02 -2.634708711510423296e+00 -2.774078638442318834e+00 5.308593338338360468e+01 -2.477700895031163419e+00
4.206909888884862725e-01 7.273496083876111740e-02 -1.943170331709708876e+00 -1.413426868225498678e+00 5.192812634057608534e+01 -3.408561988601811699e+00
2.654811314514848863e-01 4.144579658211583473e-02 -3.806728391794814925e+00 -3.399896818943276777e+00 5.444375684195399856e+01 -2.473850142948799125e+00
4.411999357233419294e-01 7.373704117522922319e-02 -3.451270067015550946e+00 -3.837574002589545952e+00 5.391746661485970549e+01 -1.263169769208263959e+00
3.668419687977118038e-01 6.186660706336898075e-02 -1.965942726747475611e+00 -1.712554928642690433e+00 5.221491978744457185e+01 -3.625654439188608524e+00
4.194137181899308398e-01 6.867195502612340186e-02 -2.140442060985833006e+00 -2.560967638739256813e+00 5.260843963737841733e+01 -2.774516693517344645e+00
2.640406045594738682e-01 4.462110652814547246e-02 -2.775268677991375998e+00 -2.165769770997662214e+00 5.321318195713521959e+01 -3.716786530281614986e+00
2.694192919194977054e-01 4.177277754136272253e-02 -2.602271693828427601e+00 -1.753086379130594175e+00 5.297690751930446140e+01 -3.848559058514480213e+00
3.256539305439600240e-01 5.169002065284868802e-02 -3.258100192907771309e+00 -3.090828155879252748e+00 5.377364225167654155e+01 -2.433259393246621105e+00
3.907958428103895376e-01 6.342888743451330358e-02 -2.949241765351793720e+00 -3.077790086568914063e+00 5.342675122594272352e+01 -2.251727361100415159e+00
3.171471988869022374e-01 5.567939782172322272e-02 -3.092872743701871041e+00 -2.502699004060290555e+00 5.338860777949278003e+01 -2.982236307005480036e+00
3.961392831658429037e-01 6.658670816750887622e-02 -1.178086168649921994e+00 -3.109551905730578270e+00 5.229533844349304417e+01 -3.336901944195244774e+00
2.770359758764041058e-01 4.419553864741283811e-02 -3.439984046832468056e+00 -2.702818696456819048e+00 5.386119739346533919e+01 -2.898837814259171086e+00
4.288919225107941102e-01 6.713392477975037298e-02 -1.777989152185945887e+00 -2.008188335257602208e+00 5.214712685537578096e+01 -3.111800180274987504e+00
3.484308074722409776e-01 5.877028085783111283e-02 -2.769023764441185698e+00 -2.376024030897921691e+00 5.303968412057524517e+01 -2.952200109339891299e+00
4.259775605024062051e-01 6.958999052247913375e-02 -3.048634534680182639e+00 -3.431199062336300454e+00 5.354810272152934658e+01 -1.771997820822960978e+00
2.707127058792243579e-01 4.486999270726720057e-02 -3.151840095228412686e+00 -2.321448585298289125e+00 5.352506325962425393e+01 -3.363139959107723787e+00
3.955628793725203818e-01 6.213716946592447860e-02 -2.261581038420702683e+00 -2.183579838696112496e+00 5.260867391979869723e+01 -2.917384598698811615e+00
4.273989697848510350e-01 7.565583589741928239e-02 -3.282359614941677162e+00 -3.658178159772523141e+00 5.373105162932712631e+01 -1.606257915401970049e+00
4.067105785728967193e-01 6.336767773363669032e-02 -3.090063830361806652e+00 -3.520716655852687005e+00 5.365369250407263735e+01 -1.737958285321851815e+00
3.448115728071718400e-01 5.861786903119192704e-02 -1.762911349472659595e+00 -1.270777808801878406e+00 5.197734174828976705e+01 -4.105670842534839160e+00
4.229777624885358578e-01 7.023325855184119060e-02 -1.966998972037167892e+00 -1.927727721302196828e+00 5.219022938561190728e+01 -3.140693698684050794e+00
4.023024690050854835e-01 6.627039643513907285e-02 -2.122560956850517933e+00 -2.296974165979242422e+00 5.250031727314429020e+01 -2.959401382167503591e+00
3.990324024414125259e-01 6.229029396525959106e-02 -1.637920102219097451e+00 -1.893915927372885832e+00 5.207004038042128968e+01 -3.427205069164256379e+00
4.631454124601956934e-01 7.646521085593191436e-02 -1.905810536228966123e+00 -2.227490514745171790e+00 5.220605671697038730e+01 -2.778175144045220257e+00
3.065156105804064945e-01 5.177374796670569657e-02 -2.929173406495496845e+00 -3.846466116139979796e+00 5.390731510155287509e+01 -2.553871629196694304e+00
4.122843637046773035e-01 6.958761095231047467e-02 -2.599484370257680865e+00 -3.003064783750342137e+00 5.306567471472670405e+01 -2.338866527539045670e+00
4.344690915372212414e-01 6.896781383321648473e-02 -1.479909071648437102e+00 -1.620872464425237247e+00 5.175644616809985621e+01 -3.431767896020164077e+00
3.873359506850577727e-01 6.172835375337912267e-02 -1.662957549442027450e+00 -1.717393617527171790e+00 5.204217613991138336e+01 -3.611285099034892365e+00
4.274587133707231090e-01 7.454440656570747448e-02 -3.518329925616778375e+00 -3.872546980747777479e+00 5.395919466373906204e+01 -1.382516334814306136e+00
3.230285929286262347e-01 5.606423838819503402e-02 -1.896238257490933332e+00 -1.713227817860289992e+00 5.228312312966002651e+01 -4.028160386031503393e+00
3.924629908756055441e-01 6.281357094681416786e-02 -3.201944379515198058e+00 -3.095246075290461807e+00 5.357685963047512701e+01 -2.015849180028241872e+00
3.992366423656040220e-01 6.419958248646481791e-02 -2.614472743586472525e+00 -2.775869347578721946e+00 5.306645157765521503e+01 -2.467118038689634751e+00
4.035030793256021431e-01 6.748297596413344035e-02 -2.453309523819585003e+00 -2.442648387919533093e+00 5.275860600467382255e+01 -2.720768775326977806e+00
2.956930935117886294e-01 4.619014684128290582e-02 -3.414849938871760138e+00 -3.092023811550940859e+00 5.398481324455188002e+01 -2.605167999072937057e+00
4.425101860245686525e-01 7.366005743106671111e-02 -3.444875788713538611e+00 -3.834239266130828661e+00 5.391348777024088434e+01 -1.251789859217513623e+00
3.915015440373372790e-01 6.466920674921246281e-02 -2.160275192122671939e+00 -2.119507802096454174e+00 5.247619537072375095e+01 -3.120112309045647514e+00
4.440886078403305515e-01 7.407580678309229338e-02 -2.370285196379862125e+00 -2.729230001002491246e+00 5.276488051414634839e+01 -2.416485146883662338e+00
2.769517629339433573e-01 4.669801800988753610e-02 -2.746435002114040014e+00 -2.343180454343222419e+00 5.323628765536154361e+01 -3.554869849389397096e+00
2.842924359041550386e-01 4.476606213439879300e-02 -2.624187114071616644e+00 -1.865319351729308517e+00 5.299088935819217028e+01 -3.687091359315322059e+00
3.142709578028716200e-01 4.835551609364334424e-02 -3.899619167690065780e+00 -3.800710493379598987e+00 5.451799858274213761e+01 -1.768175652450089785e+00
4.037548219496407964e-01 6.519270170225059668e-02 -3.183031970392241838e+00 -3.287545281641432116e+00 5.364514705095205471e+01 -1.928654168930727053e+00
3.001573002533774459e-01 5.250371198033583486e-02 -3.259513515873665224e+00 -2.546795789619223260e+00 5.355827661361484360e+01 -2.975583872410770603e+00
3.956967610398066659e-01 6.620780277284150916e-02 -1.406502363528644217e+00 -3.091682406009751638e+00 5.243477885608092492e+01 -3.200932794067839371e+00
2.744120460744292611e-01 4.319256875725645262e-02 -3.545053788982643894e+00 -2.804026227804807370e+00 5.397976522173549085e+01 -2.784179917898025991e+00
4.420751458243606935e-01 7.255569257824387441e-02 -2.346482690776353852e+00 -2.619790673004017023e+00 5.271614885110354010e+01 -2.460601621542840345e+00
2.848751114381173899e-01 4.682506827742606570e-02 -3.503632365324721221e+00 -2.968692044966746213e+00 5.394656268662912879e+01 -2.672181321822233002e+00
4.186739848916566364e-01 6.929322875368557066e-02 -3.387306831923340589e+00 -3.721438126225677046e+00 5.389953674781880721e+01 -1.537356348551012886e+00
2.616818429172633742e-01 4.362331046243517196e-02 -2.927514660604632279e+00 -1.908724421808918104e+00 5.325628804710847675e+01 -3.803739738556229710e+00
4.003378751386542089e-01 6.466685180078012019e-02 -2.567814259108091690e+00 -2.609775838553669125e+00 5.295827557267535468e+01 -2.562741461186601732e+00
4.189848224032548529e-01 7.164070357688720470e-02 -3.287794552027677231e+00 -3.664835235971285687e+00 5.377493021840732723e+01 -1.605190768654080724e+00
3.952960682316644658e-01 6.029641938120755551e-02 -3.469412493411139664e+00 -3.978738892551645367e+00 5.411664949096152810e+01 -1.341339878622113124e+00
3.455084779485499968e-01 5.816554659269217165e-02 -1.886025724816474014e+00 -1.506420725068909450e+00 5.216477070794943671e+01 -3.920066707229310055e+00
4.619437267309681738e-01 7.593725664875769499e-02 -2.017949587115327237e+00 -2.098745843771278263e+00 5.220609289997261726e+01 -2.792565390181758644e+00
4.043978541308737573e-01 6.772022432769998768e-02 -2.034468961133867992e+00 -2.213223957013919385e+00 5.238298960397055737e+01 -3.025186522268861644e+00
4.229597201544057494e-01 6.538980549643194640e-02 -1.355633067775303457e+00 -1.696547593516993357e+00 5.175775186663018701e+01 -3.501308583774532135e+00
4.535219606247642421e-01 7.459447557815471197e-02 -1.874982141372834477e+00 -2.162737477237255401e+00 5.218525328685544906e+01 -2.883932305984219013e+00
3.065156105804064945e-01 5.177374796670569657e-02 -2.929173406495496845e+00 -3.846466116139979796e+00 5.390731510155287509e+01 -2.553871629196694304e+00
4.194039994279292749e-01 7.014683176154344613e-02 -2.291063192706120244e+00 -2.643372936642691684e+00 5.270023169764397153e+01 -2.637212176394846175e+00
4.367578060344539104e-01 6.898674927781653365e-02 -1.289639516819405474e+00 -1.419123186996202435e+00 5.154551472126280487e+01 -3.612779164964039502e+00
3.843171764240000954e-01 6.093372531643551776e-02 -1.241102489473474124e+00 -1.307274953542619578e+00 5.161247951316803295e+01 -4.082889913984741881e+00
4.493946838658465226e-01 7.575288300093915850e-02 -2.972631908052300709e+00 -3.407537607585477080e+00 5.340913002919469932e+01 -1.738924405699051601e+00
3.678317421105400387e-01 6.108389676973170757e-02 -2.612397431909819101e+00 -2.720168537356242311e+00 5.307826169975403019e+01 -2.773441703894702570e+00
4.599058094006581165e-01 7.276671781946818240e-02 -1.933964959870039468e+00 -2.201236605491783571e+00 5.224558496790010764e+01 -2.711596122944394782e+00
3.854637659102728708e-01 6.212387656389047053e-02 -2.906955843439185116e+00 -3.059591190115872550e+00 5.338964893838047487e+01 -2.246077693642787310e+00
4.024255297776946905e-01 6.896256562918980093e-02 -3.061712585893365812e+00 -3.102259692270926905e+00 5.342448732788923138e+01 -2.097339288067467944e+00
2.743325348931278107e-01 4.225968788347211902e-02 -3.617056771975452278e+00 -3.090897785284503652e+00 5.417141065617613549e+01 -2.628735503599278545e+00
4.520560880032848949e-01 7.517277407278291634e-02 -3.477095889419966390e+00 -3.930781809516806558e+00 5.395302209132253779e+01 -1.122708123304237082e+00
3.746742333746009290e-01 6.165328832870533432e-02 -1.449563863005310038e+00 -1.203387470631345657e+00 5.166313669823432519e+01 -4.041081434633639446e+00
4.692137589288438160e-01 7.857769607347243890e-02 -2.162368119521899779e+00 -2.675036586775661807e+00 5.255765195872696438e+01 -2.414141358216563837e+00
2.788384470684341365e-01 4.814016526569966925e-02 -2.792901094466246015e+00 -2.522857468217031496e+00 5.331931344221970903e+01 -3.471665302869678893e+00
2.697573660690596453e-01 4.220665580352331303e-02 -2.634565848965165102e+00 -1.777578663165230388e+00 5.300081252094734907e+01 -3.822377881684347667e+00
3.142709578028716200e-01 4.835551609364334424e-02 -3.899619167690065780e+00 -3.800710493379598987e+00 5.451799858274213761e+01 -1.768175652450089785e+00
4.697129258424583287e-01 7.635664450867088449e-02 -1.929159844068090823e+00 -2.238881237589351869e+00 5.224139530792387376e+01 -2.721240318120337953e+00
3.001573002533774459e-01 5.250371198033583486e-02 -3.259513515873665224e+00 -2.546795789619223260e+00 5.355827661361484360e+01 -2.975583872410770603e+00
4.055046070554264581e-01 6.683540772951293563e-02 -1.899700330801205928e+00 -3.438894157849912592e+00 5.287045922227730443e+01 -2.634754565952040384e+00
2.743876386345721063e-01 4.290620357630846315e-02 -3.567156447353038828e+00 -2.892086802070044538e+00 5.403859436171862995e+01 -2.736463356138709724e+00
4.738074657585782945e-01 7.709780966567804372e-02 -2.365318605681688169e+00 -2.890023581588274215e+00 5.279695707094687407e+01 -2.135574852564527060e+00
3.066898338057287288e-01 5.073511464238031343e-02 -3.057349777178314021e+00 -2.906617324296845606e+00 5.359061530839989018e+01 -2.836017051828070734e+00
3.927469718979926250e-01 6.479153896666559054e-02 -3.625271227283482833e+00 -3.771182007140608139e+00 5.411742269018789386e+01 -1.519013810255737784e+00
2.616818429172633742e-01 4.362331046243517196e-02 -2.927514660604632279e+00 -1.908724421808918104e+00 5.325628804710847675e+01 -3.803739738556229710e+00
3.969965283215046714e-01 6.390330384800810282e-02 -2.389259658115943985e+00 -2.368473519929662707e+00 5.274869374575293079e+01 -2.788767503247933099e+00
4.189848224032548529e-01 7.164070357688720470e-02 -3.287794552027677231e+00 -3.664835235971285687e+00 5.377493021840732723e+01 -1.605190768654080724e+00
3.569387629258075623e-01 5.566091708338628818e-02 -3.466135290974703409e+00 -3.768337336714616015e+00 5.410876154082803424e+01 -1.756970320332334801e+00
3.351686327670401755e-01 5.736872069382008971e-02 -1.933955202160032361e+00 -1.431563725355907701e+00 5.218307087801198918e+01 -4.015278578962997003e+00
4.302544121955970136e-01 7.101217123750917792e-02 -2.141569121891500949e+00 -2.229656791327724541e+00 5.242390692718630874e+01 -2.853185293927343658e+00
4.105933475469478733e-01 6.860468727580174009e-02 -2.207413208072282362e+00 -2.396225290820790388e+00 5.255946499929144267e+01 -2.798884456276516275e+00
4.000004417490508613e-01 6.233381454254191545e-02 -1.997003107768085872e+00 -2.207514414923970048e+00 5.243595831489077597e+01 -3.057437797406409530e+00
4.542115048913767383e-01 7.472095316832240430e-02 -1.863258820714503550e+00 -2.155105152187416717e+00 5.217275600176316175e+01 -2.890854103284139498e+00
3.065941966922051676e-01 5.130525615459341493e-02 -2.986989364028124871e+00 -3.422532613054932504e+00 5.376446270454722764e+01 -2.681137736716992404e+00
4.124573685198535955e-01 6.904476354882665978e-02 -1.926156242210970371e+00 -2.282815798920764916e+00 5.231902987796905080e+01 -3.067008751645707409e+00
4.096068087997268847e-01 6.334406770446114610e-02 -1.113188096731711818e+00 -1.186485641667180957e+00 5.138976642692136920e+01 -3.963621937350011226e+00
4.123324938832018116e-01 6.669077010340541956e-02 -1.457072254537901790e+00 -1.598732497857356938e+00 5.179441440919446649e+01 -3.655087133599550064e+00
4.335621128601898078e-01 7.338656322808242982e-02 -2.577650376341988014e+00 -2.908801644758217897e+00 5.297893446541296925e+01 -2.321572908384269773e+00
3.466258416032174106e-01 5.793038724303221920e-02 -2.757153154844564469e+00 -2.825146977970517170e+00 5.325590517092664555e+01 -2.780905011717049735e+00
4.709164208460871470e-01 7.456470290827439673e-02 -2.240445695404759352e+00 -2.573257760883691958e+00 5.257858135416653056e+01 -2.282938144979224759e+00
3.897735980697553670e-01 6.310036272340738273e-02 -2.822469627356308575e+00 -2.952506996744040713e+00 5.328099848102537806e+01 -2.319976745926195960e+00
4.199868551806872352e-01 7.112405303172539273e-02 -2.950033253071611128e+00 -3.063646652146014837e+00 5.330251542926512087e+01 -2.046081127955060808e+00
2.766997992001081763e-01 4.163714198189110566e-02 -3.775876059027361009e+00 -3.426956103117857033e+00 5.441968246448025326e+01 -2.345322418084003768e+00
4.619582692488753972e-01 7.679753287509259729e-02 -3.510459429522011732e+00 -3.965380394864004288e+00 5.396585809397984690e+01 -1.016619495200904000e+00
3.764820450806990459e-01 6.197452005163744254e-02 -1.422232273918660583e+00 -1.182537585910368838e+00 5.163135742982150589e+01 -4.053601711471150004e+00
4.692137589288438160e-01 7.857769607347243890e-02 -2.162368119521899779e+00 -2.675036586775661807e+00 5.255765195872696438e+01 -2.414141358216563837e+00
2.649118286458544969e-01 4.607501172234508557e-02 -2.588210177979334503e+00 -2.174249973957149251e+00 5.307540935882828137e+01 -3.867141188713504096e+00
2.848591204134565680e-01 4.569395839156139422e-02 -2.807442978924582278e+00 -2.239244659255916758e+00 5.324198397126192361e+01 -3.419053114608590072e+00
3.516554965467231786e-01 5.527460063297707366e-02 -3.883950625193859363e+00 -3.985949563412387597e+00 5.448082666899988880e+01 -1.431585801931056112e+00
4.697997148570672854e-01 7.597047533069192782e-02 -1.888612452257340424e+00 -2.163047900202854201e+00 5.218640848420196932e+01 -2.774634914978709954e+00
3.834273285488587479e-01 6.601595147409924924e-02 -3.376901474847882056e+00 -3.134726642210558190e+00 5.369306454180151889e+01 -2.055118184856268737e+00
3.642261454917927743e-01 6.195779624832759014e-02 -1.684671215712176595e+00 -3.985158458892031685e+00 5.305465025233564091e+01 -2.856770128111165263e+00
2.771891676293384288e-01 4.341994053298556949e-02 -3.543824012118589550e+00 -2.885440898859633396e+00 5.401325593752327592e+01 -2.733817012448587214e+00
4.602835090393948003e-01 7.509313617527665907e-02 -2.373297781700269393e+00 -2.784161757771608681e+00 5.278992184534084942e+01 -2.283372672475791454e+00
3.066898338057287288e-01 5.073511464238031343e-02 -3.057349777178314021e+00 -2.906617324296845606e+00 5.359061530839989018e+01 -2.836017051828070734e+00
3.927469718979926250e-01 6.479153896666559054e-02 -3.625271227283482833e+00 -3.771182007140608139e+00 5.411742269018789386e+01 -1.519013810255737784e+00
2.616818429172633742e-01 4.362331046243517196e-02 -2.927514660604632279e+00 -1.908724421808918104e+00 5.325628804710847675e+01 -3.803739738556229710e+00
3.748743967437356828e-01 6.133319876136329035e-02 -2.730256033371279312e+00 -2.653707949104710639e+00 5.312974205009071227e+01 -2.641542868519335840e+00
3.948621205937615786e-01 6.542797020093116256e-02 -3.357131114290225593e+00 -3.705075508019424646e+00 5.390471949935837159e+01 -1.664200686395012063e+00
3.632656392198944650e-01 5.727418724689723600e-02 -3.494252681144969230e+00 -3.768839955482750526e+00 5.411029186088975251e+01 -1.714926290601701542e+00
3.348915817720294896e-01 5.734452477236229306e-02 -1.934207668290904181e+00 -1.428920518380810023e+00 5.218263426950775852e+01 -4.018702125440197115e+00
3.992176521455064186e-01 6.597661764405617080e-02 -2.606295685265156870e+00 -2.737962534513741275e+00 5.299940671014248750e+01 -2.530053039218037370e+00
4.010282683976935658e-01 6.666342897430216352e-02 -2.340306244809054803e+00 -2.518568801141929381e+00 5.272798370696327908e+01 -2.741467903608401535e+00
4.000004417490508613e-01 6.233381454254191545e-02 -1.997003107768085872e+00 -2.207514414923970048e+00 5.243595831489077597e+01 -3.057437797406409530e+00
4.492040216348621717e-01 7.312969876748723341e-02 -1.709083558776149259e+00 -2.005245116117869930e+00 5.203548741956054613e+01 -3.085045135516078840e+00
3.056490176836818562e-01 5.089923147509668733e-02 -3.129551113737107926e+00 -3.308839820183198999e+00 5.380763161338902023e+01 -2.640632095860705242e+00
3.638928075442428578e-01 6.219078442577925803e-02 -1.929416748853324037e+00 -1.949986969550952853e+00 5.229386138387935290e+01 -3.606202854002756197e+00
3.948611276856854868e-01 6.150907458728482186e-02 -1.470055812759484049e+00 -1.460796102983696443e+00 5.176932848355922090e+01 -3.731191935730318932e+00
4.485490616647865858e-01 7.234119018317532179e-02 -1.998586703815200094e+00 -2.411110338293791511e+00 5.239872873690413257e+01 -2.705316239270356693e+00
3.927575992803258309e-01 6.792565062896799288e-02 -3.100591686531583679e+00 -3.267038185974080022e+00 5.352612347092526335e+01 -2.151562535780210172e+00
3.493780291214760858e-01 5.905431161241261190e-02 -2.845854396718410673e+00 -3.112241939090629739e+00 5.339959105183162791e+01 -2.551704102728952428e+00
3.896725901095765554e-01 6.293098979470027055e-02 -2.677521178722691353e+00 -2.934862670109599669e+00 5.318277037944463359e+01 -2.458776974928840175e+00
3.928172103038778951e-01 6.345120765503541038e-02 -3.035961837910714056e+00 -3.174357144556743560e+00 5.350916421703490755e+01 -2.070440822218333921e+00
4.120325783488690830e-01 6.946887226033499063e-02 -3.126179635606364471e+00 -3.226988713413516230e+00 5.350509632046441766e+01 -1.920582654489867647e+00
2.633102307031441880e-01 3.921848251277408604e-02 -3.819436145865780841e+00 -3.374075229343636906e+00 5.446753744605433667e+01 -2.442828918653002113e+00
4.502470063717077808e-01 7.420078785329396742e-02 -3.179960868886317904e+00 -3.556320381472112935e+00 5.361060215271544394e+01 -1.464615986133224190e+00
3.547013333738531782e-01 5.753851017565059234e-02 -1.639694355073583187e+00 -1.281917417081614996e+00 5.188255268829079370e+01 -4.032306710564371066e+00
4.561571519927333784e-01 7.615313878037122119e-02 -2.155489642526862593e+00 -2.582387584591452345e+00 5.254235005422683713e+01 -2.536291489391917064e+00
3.012036842962962369e-01 5.136535517074964502e-02 -2.512900424112459064e+00 -2.246648884626940124e+00 5.297631895323713991e+01 -3.607642255566310130e+00
3.224457666903454145e-01 5.161590844112937115e-02 -2.616137511493213275e+00 -2.266937309462479178e+00 5.303962380422274947e+01 -3.250258938828768152e+00
3.540300241218846122e-01 5.622628348680391852e-02 -3.230545538629443936e+00 -3.361437503055082043e+00 5.378164416407993542e+01 -2.099543012531753128e+00
4.825587001645768037e-01 7.625488559387040566e-02 -1.429306157611015315e+00 -1.747682820651461633e+00 5.171004714482636899e+01 -3.138313814791453993e+00
4.476773743058690691e-01 7.695724704619066880e-02 -2.805164641846874751e+00 -2.894952758514300228e+00 5.306982907298555574e+01 -2.083956637969320180e+00
3.642261454917927743e-01 6.195779624832759014e-02 -1.684671215712176595e+00 -3.985158458892031685e+00 5.305465025233564091e+01 -2.856770128111165263e+00
2.911383069941964052e-01 4.610853269865775733e-02 -3.289708232689567691e+00 -2.630611206697679449e+00 5.369662812547721131e+01 -2.899171454355690791e+00
4.476280471080528178e-01 7.384661628303776371e-02 -2.554425818484331145e+00 -2.871936054206798428e+00 5.295090564837197888e+01 -2.208849509365499397e+00
2.764959692073553632e-01 4.702222695590065754e-02 -3.352344416732204735e+00 -3.441784380591285775e+00 5.406049688885513405e+01 -2.698534062539915901e+00
3.942411070098714165e-01 6.513888375933153674e-02 -3.588233742369411061e+00 -3.732372978268422514e+00 5.407272420382384581e+01 -1.547923984999351354e+00
2.622855178710144508e-01 4.361539360153012662e-02 -2.951506582240338794e+00 -1.946746407229292153e+00 5.328575557711263144e+01 -3.762089385307525902e+00
3.331383460966796939e-01 5.373472301010105701e-02 -2.786996834636591203e+00 -2.362851253965851495e+00 5.314366191562506003e+01 -2.987051842617839625e+00
3.948621205937615786e-01 6.542797020093116256e-02 -3.357131114290225593e+00 -3.705075508019424646e+00 5.390471949935837159e+01 -1.664200686395012063e+00
3.856698282622921803e-01 6.215518929522209635e-02 -3.011255057362585141e+00 -3.258388708263890265e+00 5.353996834293754858e+01 -2.124271276218764104e+00
3.348915817720294896e-01 5.734452477236229306e-02 -1.934207668290904181e+00 -1.428920518380810023e+00 5.218263426950775852e+01 -4.018702125440197115e+00
3.767106717140586425e-01 5.994328438051246127e-02 -2.348365983321676342e+00 -2.419007378886975257e+00 5.277566766795330722e+01 -2.937615895964277080e+00
3.932437366968423165e-01 6.543370421807491455e-02 -2.531646559361897086e+00 -2.694128994885440331e+00 5.294639625295452134e+01 -2.634196992257773928e+00
3.714455063342713137e-01 5.823894076429877997e-02 -2.339673654242690581e+00 -2.339191603297569699e+00 5.277624971835432177e+01 -2.992921793862616475e+00
4.491664785903972112e-01 7.308450056577360521e-02 -1.725678205691278500e+00 -2.028509768583843353e+00 5.205630882170969898e+01 -3.063278646741597555e+00
3.179127215773535076e-01 5.267385307524038995e-02 -3.054414362866712196e+00 -3.241215317285305098e+00 5.370523771251087197e+01 -2.628039123321709969e+00
3.662028486701722763e-01 6.231262715322213180e-02 -2.009364977908261185e+00 -1.900108789120486641e+00 5.233917439169725583e+01 -3.556092212211925396e+00
3.725637761927343417e-01 5.888605284613200597e-02 -1.830502835925504002e+00 -1.813833276922306670e+00 5.219667491637301282e+01 -3.541221181295850062e+00
3.967382141981493637e-01 6.370195907362211085e-02 -2.176309329213619304e+00 -2.249490376198931774e+00 5.257642880868392155e+01 -3.048904995675987717e+00
3.839672477192491717e-01 6.600599161028090911e-02 -3.103310972035132398e+00 -3.198511311129791590e+00 5.352672570227882431e+01 -2.227734297549315290e+00
3.272789697040638934e-01 5.708656252362091788e-02 -2.941024724508672250e+00 -2.980817399024264347e+00 5.346168215029970838e+01 -2.779706164334438512e+00
4.138443495722312626e-01 6.575500188628521925e-02 -2.732586107036155454e+00 -3.180754529216878623e+00 5.329124534168387584e+01 -2.146453361908802648e+00
3.509575709448679026e-01 5.605150395455178736e-02 -3.100930253369593270e+00 -3.089561687154329661e+00 5.361847169429228899e+01 -2.332253952059372359e+00
4.176841021589189906e-01 7.244755484536546941e-02 -3.170176929229397533e+00 -3.267446688381368869e+00 5.350845910803229799e+01 -1.898206555094374748e+00
2.841424324174534055e-01 4.370262695434318223e-02 -3.731820937163067953e+00 -3.359686089180984325e+00 5.433811325523054592e+01 -2.369334078957753054e+00
4.549225640702883600e-01 7.459787218172456158e-02 -3.012543837719733109e+00 -3.396936518974232211e+00 5.343127768573899061e+01 -1.599010870960934749e+00
3.502803483463078904e-01 5.687746092688548277e-02 -1.514866160769112735e+00 -1.080778208159392184e+00 5.172566708125579993e+01 -4.224694437062148644e+00
4.380680300059750509e-01 7.241664147025426990e-02 -2.085164381315207205e+00 -2.416076887220669711e+00 5.246754795804893234e+01 -2.753752449796938784e+00
2.896619317936666715e-01 5.018258607660640996e-02 -2.343677571369071622e+00 -1.933637743580284951e+00 5.276617026183802750e+01 -3.964431367982163223e+00
3.224457666903454145e-01 5.161590844112937115e-02 -2.616137511493213275e+00 -2.266937309462479178e+00 5.303962380422274947e+01 -3.250258938828768152e+00
3.642845401583230114e-01 5.854445599342017470e-02 -2.947648793316096416e+00 -2.991576030483640292e+00 5.343533542486881771e+01 -2.408425510880902287e+00
4.848748755594910476e-01 7.660397221457465600e-02 -1.408260499142008237e+00 -1.738147051593363468e+00 5.168782458165133420e+01 -3.140658537237872139e+00
4.469543225186677349e-01 7.883770383698587847e-02 -3.329321750943648794e+00 -3.315664161259199716e+00 5.356195553898518824e+01 -1.608435523668878098e+00
3.642261454917927743e-01 6.195779624832759014e-02 -1.684671215712176595e+00 -3.985158458892031685e+00 5.305465025233564091e+01 -2.856770128111165263e+00
3.075736753147317870e-01 4.956078361570022406e-02 -3.293886639901346225e+00 -2.702870130720295805e+00 5.368242295180346701e+01 -2.763025498152266390e+00
4.484498815066292332e-01 7.436028198399118050e-02 -2.511569790736141172e+00 -2.791083264639496520e+00 5.288867735145597493e+01 -2.275465604346213588e+00
3.598711438894287018e-01 6.016195640588875571e-02 -2.660142238937423631e+00 -2.794143234146930332e+00 5.316553365105465190e+01 -2.793417147604944084e+00
4.006331691174586651e-01 6.642479035967417678e-02 -3.654557633568824127e+00 -3.817796985655074860e+00 5.413498254939098331e+01 -1.435094438238224468e+00
2.622855178710144508e-01 4.361539360153012662e-02 -2.951506582240338794e+00 -1.946746407229292153e+00 5.328575557711263144e+01 -3.762089385307525902e+00
3.287641750725923684e-01 5.327733033631399523e-02 -2.837104809245175385e+00 -2.488322373494756601e+00 5.323669319092767438e+01 -2.944962984960823427e+00
4.018151237227700623e-01 6.684929892793382844e-02 -3.422964222641978527e+00 -3.841079020397355492e+00 5.398679498305438074e+01 -1.531670599297850988e+00
3.671499915034687200e-01 6.028000831250761998e-02 -3.430658626162171654e+00 -3.575111836194743375e+00 5.396723971831946187e+01 -1.868705204299045963e+00
3.192016962803854163e-01 5.485503887196652856e-02 -1.896546797346511992e+00 -1.192810940414489540e+00 5.210419296593511973e+01 -4.250513140608079610e+00
3.750163488129226175e-01 5.963099418373454808e-02 -2.550825213781038769e+00 -2.558051148076558423e+00 5.297188409266934173e+01 -2.773996669291132200e+00
4.064551191829219867e-01 6.979427708585761447e-02 -2.647996714136322538e+00 -2.909248000459878192e+00 5.304951797017171344e+01 -2.416782528679013886e+00
3.571912166891426099e-01 5.348152875493962510e-02 -1.607768681476424044e+00 -1.374548441631603612e+00 5.196254907925436584e+01 -3.912049121153745368e+00
4.449050209592949612e-01 7.204227213248814987e-02 -1.664287790819169999e+00 -1.945802448125779849e+00 5.198840936730083939e+01 -3.161144778738218086e+00
3.051657896387214297e-01 5.012590778684294923e-02 -3.053406852572721153e+00 -3.250693634995156511e+00 5.374388558640805513e+01 -2.707297552852110378e+00
3.591766462804939497e-01 6.262247211931550039e-02 -1.634129232789449881e+00 -1.321797403878253618e+00 5.185211175852928989e+01 -4.116170200916582367e+00
3.823415402277227093e-01 6.059485537013208079e-02 -1.710761811983513736e+00 -1.838792124602117717e+00 5.210250374987664657e+01 -3.523068907118188431e+00
5.063047889112923805e-01 8.019146058851708836e-02 -1.123367604279592147e+00 -1.494298698027100469e+00 5.136421182780838990e+01 -3.320162042484567255e+00
3.939718644536632786e-01 6.672894066689283310e-02 -3.326780296122049840e+00 -3.357524717542144543e+00 5.372870706532729201e+01 -1.901471609127261875e+00
3.451999275454809002e-01 6.025504146094232821e-02 -3.016558021141023449e+00 -3.049667935567609511e+00 5.349627978064571465e+01 -2.584636177167992876e+00
3.914245548850123768e-01 6.280471591978270540e-02 -2.915364214432873524e+00 -3.410473755370696303e+00 5.354701070242087724e+01 -2.109981103668415958e+00
3.438728110470197219e-01 5.389740734377848619e-02 -3.243514844200289904e+00 -3.162633356732777568e+00 5.377260029870169689e+01 -2.264171339337642586e+00
4.088689255839581538e-01 6.948298512605212418e-02 -3.420143088521222285e+00 -3.556700341468576276e+00 5.383021818174097461e+01 -1.634112834912742285e+00
3.092444045717409051e-01 4.829428778121672844e-02 -3.475835741563516379e+00 -3.320813261772401326e+00 5.407562277915952365e+01 -2.344468133249185016e+00
4.471050935076804067e-01 7.251154591235398073e-02 -3.342143802035690392e+00 -3.861684206090221672e+00 5.386892636895009900e+01 -1.236847695521024804e+00
3.486725218294412509e-01 5.664127683010361514e-02 -1.491974754844076489e+00 -1.040331098075789162e+00 5.169622368690668424e+01 -4.265386479355726124e+00
4.471957912727819728e-01 7.361197311337273896e-02 -1.993620152839461701e+00 -2.353802891339715764e+00 5.236643661588249898e+01 -2.770374442946264892e+00
2.896619317936666715e-01 5.018258607660640996e-02 -2.343677571369071622e+00 -1.933637743580284951e+00 5.276617026183802750e+01 -3.964431367982163223e+00
3.080730582300069131e-01 4.831310709314434737e-02 -2.588580973207992741e+00 -2.121881003731991733e+00 5.300743607512848143e+01 -3.422395865543728988e+00
3.780634100514715934e-01 6.099463378112508077e-02 -2.644920074803208898e+00 -2.799498951029384397e+00 5.310340469308525257e+01 -2.553002875081741507e+00
4.673684916930673228e-01 7.400408196781711745e-02 -1.525038705699651942e+00 -1.749536463805812847e+00 5.180859483207240146e+01 -3.194616789282342495e+00
4.305895751790387305e-01 7.515217745264521354e-02 -3.063592576963929837e+00 -3.158300975362800411e+00 5.336461682966447739e+01 -1.926069820228239138e+00
3.642261454917927743e-01 6.195779624832759014e-02 -1.684671215712176595e+00 -3.985158458892031685e+00 5.305465025233564091e+01 -2.856770128111165263e+00
2.659317206106792675e-01 4.291387263355226495e-02 -3.686705707313374880e+00 -2.658778974969128850e+00 5.402547541991157942e+01 -2.865615089704884433e+00
4.498167738861273413e-01 7.534812992523960695e-02 -2.961163551909626435e+00 -3.231337570891283484e+00 5.336360212876876830e+01 -1.810677524600476485e+00
3.182621408197395252e-01 5.293561614208536215e-02 -1.992626683777458663e+00 -1.843181631319652958e+00 5.244388734123553775e+01 -3.914365452860800065e+00
3.998778352005978864e-01 6.613787053007214034e-02 -3.818455009221787488e+00 -3.805266503405319689e+00 5.424126178920507613e+01 -1.364029741353076419e+00
2.622855178710144508e-01 4.361539360153012662e-02 -2.951506582240338794e+00 -1.946746407229292153e+00 5.328575557711263144e+01 -3.762089385307525902e+00
3.099802333815401267e-01 5.048260591844467432e-02 -2.824082079493552389e+00 -2.305738910389288687e+00 5.319544430821954961e+01 -3.166447138452292975e+00
4.018151237227700623e-01 6.684929892793382844e-02 -3.422964222641978527e+00 -3.841079020397355492e+00 5.398679498305438074e+01 -1.531670599297850988e+00
3.440948079769646784e-01 5.510752774771383172e-02 -3.935834298010910448e+00 -3.979845939224949447e+00 5.452220837396862407e+01 -1.517681050930535624e+00
3.190258563506604972e-01 5.482213132868275079e-02 -1.890080771205300936e+00 -1.181946286930861678e+00 5.209614068833958100e+01 -4.260443549517955120e+00
4.057899203876736971e-01 6.342456782101521529e-02 -3.147871684853837948e+00 -3.412948853222902201e+00 5.365828877539517805e+01 -1.779498547678917131e+00
3.708290612674370879e-01 6.230169031355918541e-02 -2.837195585639220585e+00 -2.902245258094754643e+00 5.328312255244200202e+01 -2.534005449454244996e+00
3.612452346610090514e-01 5.748344636120972934e-02 -2.288611264254931221e+00 -2.232775992276240462e+00 5.271309243405795542e+01 -3.166954975063873245e+00
4.330627290865621815e-01 6.865825454857138466e-02 -1.227525240270772144e+00 -1.354850314332513683e+00 5.150955740421716200e+01 -3.763288060431693616e+00
3.023152861216449883e-01 4.952482905550879139e-02 -3.113252736109002328e+00 -3.334670597558906824e+00 5.382586622926855568e+01 -2.651014876238694029e+00
3.720484331239720666e-01 6.396753151643763680e-02 -2.224407362789698972e+00 -2.026302010075811566e+00 5.250580240435699153e+01 -3.341006653687514483e+00
4.048092412802606344e-01 6.276735800604503479e-02 -1.824725019643492097e+00 -2.388876533577744432e+00 5.235981344823808570e+01 -3.022296872363483544e+00
4.616725552024040224e-01 7.311581377133480331e-02 -1.331643808783764760e+00 -1.614723008262213710e+00 5.162670818530077099e+01 -3.396551599951584954e+00
3.996242639569636546e-01 6.722959752125880206e-02 -3.320832773009662287e+00 -3.407571066643131363e+00 5.373895372647803725e+01 -1.834590366883680712e+00
3.210262629985953797e-01 5.696218749138137749e-02 -2.838788569197199685e+00 -2.853030423775621216e+00 5.334812347998581572e+01 -2.972025965914220969e+00
3.733585076475670061e-01 6.063078343220407174e-02 -2.656330035143913637e+00 -2.931746860387252074e+00 5.321251099662372752e+01 -2.615002725457625132e+00
3.470213547814401389e-01 5.376236506383326452e-02 -3.161041738052371652e+00 -3.026981495143117318e+00 5.366139639299610309e+01 -2.335412746512275817e+00
4.019966394460167125e-01 6.799169544970568024e-02 -3.434232400926786610e+00 -3.511673358221937491e+00 5.384437721984483005e+01 -1.674452858376812570e+00
2.771458279840938177e-01 4.237058943762841978e-02 -3.863391620662016912e+00 -3.563964804183889612e+00 5.452908496563273388e+01 -2.247203310323648395e+00
4.424260597194177858e-01 7.166027546657897929e-02 -3.324392892985591708e+00 -3.814154934990771295e+00 5.384952183903828882e+01 -1.298784473673933348e+00
3.492889186608896246e-01 5.688357455480235608e-02 -1.509346979318019422e+00 -1.064547916862982335e+00 5.171523994972275773e+01 -4.244612120146977752e+00
4.717187675874967567e-01 7.726614091484143576e-02 -1.205496979436210259e+00 -1.530962674803291623e+00 5.147296093163701869e+01 -3.458498120519031716e+00
2.932519398448992787e-01 5.059418235459457736e-02 -2.387635805941052514e+00 -1.978136276403944294e+00 5.280474734120269176e+01 -3.878214176186459028e+00
3.074577540406611686e-01 4.820823405516090621e-02 -2.592764632676415104e+00 -2.122667466660562496e+00 5.301200830069896597e+01 -3.423587030654522412e+00
3.667147177665881497e-01 6.073923158336691497e-02 -2.773257194693198091e+00 -2.885889394410682929e+00 5.323907559997430639e+01 -2.563926751188486453e+00
4.714843118852588555e-01 7.431027076878439497e-02 -1.372453646573974506e+00 -1.571692258859481495e+00 5.163283037236502082e+01 -3.339631759030202041e+00
3.838768313855573933e-01 6.580651322285578642e-02 -3.099076002333142732e+00 -3.237108023806964496e+00 5.354989725564409753e+01 -2.171838222980489785e+00
3.610403305710441213e-01 6.087556516451121669e-02 -1.647278025222640441e+00 -3.362250020275957318e+00 5.276898053764399066e+01 -3.152769363840915773e+00
2.628736863443196237e-01 4.202707305656788739e-02 -3.951320588656779709e+00 -2.927156972432637616e+00 5.431649048407464875e+01 -2.600881857004760711e+00
4.371066349148354790e-01 7.150356595266148252e-02 -2.725741989785196218e+00 -3.098344165355038982e+00 5.319593973471810955e+01 -2.062347220668586889e+00
3.222680525434825083e-01 5.244901821844858564e-02 -2.097069639862816359e+00 -1.994003151811213348e+00 5.256746308282360758e+01 -3.712926287388778945e+00
4.119276533744267166e-01 6.776408454732724129e-02 -3.696926391078636520e+00 -3.819661221276042351e+00 5.414626211582628201e+01 -1.331579826151838564e+00
2.622855178710144508e-01 4.361539360153012662e-02 -2.951506582240338794e+00 -1.946746407229292153e+00 5.328575557711263144e+01 -3.762089385307525902e+00
3.382672002930265931e-01 5.837793706268970539e-02 -2.090729990615814771e+00 -1.814947737305158348e+00 5.240493182942721972e+01 -3.666148194695479923e+00
4.022533099230026776e-01 6.688893751970040324e-02 -3.434835282181969429e+00 -3.840150965366854408e+00 5.399370485618982229e+01 -1.523000462486723050e+00
3.440948079769646784e-01 5.510752774771383172e-02 -3.935834298010910448e+00 -3.979845939224949447e+00 5.452220837396862407e+01 -1.517681050930535624e+00
3.295867012324606993e-01 5.577801722018800590e-02 -2.103505855220259235e+00 -1.585065009135404157e+00 5.237455176347970820e+01 -3.850096078052876791e+00
4.007674282347518102e-01 6.284590338867707127e-02 -3.409018268748863711e+00 -3.644057318399769763e+00 5.393671804465315489e+01 -1.563349015389854380e+00
3.721717084057052372e-01 6.365843909697520286e-02 -2.274849797295548370e+00 -2.134006497580895445e+00 5.257757737435374423e+01 -3.211477683030431685e+00
3.616851358049917309e-01 5.732015737031542768e-02 -2.191686635243294212e+00 -2.078944922055728561e+00 5.258597563433120570e+01 -3.280188228398717598e+00
4.500810095966299995e-01 7.027619539009634375e-02 -1.283579072244917185e+00 -1.544004649754727954e+00 5.160287335239926421e+01 -3.536872806393685398e+00
3.078327156035564061e-01 5.078835869698336558e-02 -2.905072460570700343e+00 -3.000716943103004741e+00 5.353794220890069511e+01 -2.887397972230431265e+00
3.719789703471633735e-01 6.414169796282108427e-02 -2.195984214851962157e+00 -1.965613016534864643e+00 5.246535886489603229e+01 -3.413993239907537447e+00
4.048092412802606344e-01 6.276735800604503479e-02 -1.824725019643492097e+00 -2.388876533577744432e+00 5.235981344823808570e+01 -3.022296872363483544e+00
4.290263555986759680e-01 6.855138420968426294e-02 -1.827042798831705728e+00 -1.982352267006578073e+00 5.216271966607344268e+01 -3.142897511627873453e+00
4.116639593492716909e-01 6.964936194834026040e-02 -3.311616923763164966e+00 -3.448731078488211477e+00 5.371392419136946472e+01 -1.742574963339451166e+00
3.266586733001560772e-01 5.763149206420212223e-02 -2.891960300544105245e+00 -2.912924571039344102e+00 5.339757755605654665e+01 -2.870381032887874717e+00
3.696819784993514713e-01 6.009941585444435880e-02 -2.841029703951758911e+00 -3.160070284502825011e+00 5.343606978434775101e+01 -2.424520294961667322e+00
3.481725932807106516e-01 5.531374431690364024e-02 -2.657460677803602067e+00 -2.441582763163585135e+00 5.306663949647770551e+01 -2.917052437859161795e+00
4.052224303908281700e-01 6.987369659959950796e-02 -3.655026623015611875e+00 -3.656061853064811906e+00 5.401528135460017666e+01 -1.448939827221092491e+00
2.771458279840938177e-01 4.237058943762841978e-02 -3.863391620662016912e+00 -3.563964804183889612e+00 5.452908496563273388e+01 -2.247203310323648395e+00
4.057340579444120854e-01 6.644005464186029941e-02 -3.105303846729814410e+00 -3.378412624351201377e+00 5.360718104342599588e+01 -1.919039855763372326e+00
3.411579092856225626e-01 5.690619106090776674e-02 -1.891819955684462595e+00 -1.579084420614426776e+00 5.218501149037104625e+01 -3.878496137468594451e+00
4.717187675874967567e-01 7.726614091484143576e-02 -1.205496979436210259e+00 -1.530962674803291623e+00 5.147296093163701869e+01 -3.458498120519031716e+00
2.848371787845947467e-01 4.973786304552598597e-02 -2.415267390463652575e+00 -1.910926791428538163e+00 5.281466179787175719e+01 -3.982025495373841650e+00
2.685924849832346251e-01 4.101707460242225156e-02 -2.332506345367014067e+00 -1.654514088997950827e+00 5.277327903884901872e+01 -4.080805231813076084e+00
3.604034095094532097e-01 5.952914944526504354e-02 -2.985198410359600096e+00 -2.898856003504139967e+00 5.339894678976319398e+01 -2.474031809102460233e+00
4.714843118852588555e-01 7.431027076878439497e-02 -1.372453646573974506e+00 -1.571692258859481495e+00 5.163283037236502082e+01 -3.339631759030202041e+00
4.128490458337609192e-01 7.110649521375689286e-02 -3.430675480831962609e+00 -3.689094269932776449e+00 5.388256864060662110e+01 -1.581855974882548255e+00
3.650416888062887333e-01 6.131441150016182090e-02 -1.569361192885621703e+00 -3.634119133427885728e+00 5.283294580192122680e+01 -3.062566015089029925e+00
2.895432856689288403e-01 4.668417209735131052e-02 -3.801728497785822114e+00 -3.045451086038406530e+00 5.418993450097553932e+01 -2.433330805952303777e+00
4.448621580397607023e-01 7.265538515820615939e-02 -2.426601888716768407e+00 -2.876167144468771308e+00 5.290322546464367548e+01 -2.287435094775825739e+00
3.220876140660805520e-01 5.242782664027315076e-02 -2.107141939373914585e+00 -2.006319973646711663e+00 5.257946861035681252e+01 -3.702735707620840699e+00
3.984304039035524991e-01 6.614136626074160197e-02 -3.189748337476541185e+00 -3.602285819309345438e+00 5.375987868052023089e+01 -1.841809825063516648e+00
2.622855178710144508e-01 4.361539360153012662e-02 -2.951506582240338794e+00 -1.946746407229292153e+00 5.328575557711263144e+01 -3.762089385307525902e+00
3.912838266024102341e-01 6.484748660439403067e-02 -1.924684850984702766e+00 -1.877770777757598264e+00 5.223388622685223481e+01 -3.382525875354440270e+00
4.010217981167928381e-01 6.606977156296434117e-02 -3.406179438378270863e+00 -3.847229609701532826e+00 5.398770818319140119e+01 -1.531670113304355541e+00
3.464115549917214376e-01 5.557684083188166313e-02 -3.915876975599223986e+00 -3.974281182519858291e+00 5.450115540826055849e+01 -1.517892949972476035e+00
3.240643721006826183e-01 5.516927225854810490e-02 -2.061436385845905495e+00 -1.484289005736727951e+00 5.231713912826069901e+01 -3.966202647833883876e+00
3.940936980413530244e-01 6.195341911110711225e-02 -3.471249598205575992e+00 -3.684601694583471865e+00 5.400601879268726435e+01 -1.557767989860327607e+00
3.641603190786978361e-01 6.208266526283387488e-02 -1.363290520020182806e+00 -1.190922691249933552e+00 5.162185943662950649e+01 -4.262898138018299754e+00
3.614204078782344287e-01 5.745155385501269502e-02 -2.159982092819741517e+00 -2.043209204655543232e+00 5.254894706186367159e+01 -3.321007349083489935e+00
4.397859558297420035e-01 6.983530249135146140e-02 -1.665046316768757473e+00 -1.932113022372457634e+00 5.202433926583125157e+01 -3.200879113441175150e+00
2.912802796544712858e-01 4.808563153494538334e-02 -2.310066942110462485e+00 -2.296835432198436333e+00 5.291820061333721270e+01 -3.712894623549297002e+00
3.740978671673549916e-01 6.589695590761117383e-02 -1.871308948103925118e+00 -1.610874496920052135e+00 5.208348883914086969e+01 -3.783633128718724592e+00
4.108735585991911132e-01 6.581654207397512335e-02 -2.245232733995551122e+00 -2.581764078264910278e+00 5.269329623878946478e+01 -2.699315971686010229e+00
4.391166562944361917e-01 6.899848486559068128e-02 -1.409629815953360898e+00 -1.508379446083538467e+00 5.169152804509956667e+01 -3.540158772996861991e+00
4.031479511415952954e-01 6.755623378667340029e-02 -3.125489339580505010e+00 -3.216827087356324277e+00 5.352537071868086826e+01 -2.001921684318035410e+00
3.240608716737192196e-01 5.530760521374482319e-02 -3.175318223486994107e+00 -3.022209445938990768e+00 5.365334786746485918e+01 -2.622930222995611960e+00
3.708104848281436050e-01 5.986668892094627187e-02 -3.604568029166363985e+00 -3.685594039137618516e+00 5.414417287629854059e+01 -1.700932905157938713e+00
3.661275446313430049e-01 5.862101621097162707e-02 -2.914965672013454245e+00 -2.886829176161956223e+00 5.337084258861131758e+01 -2.446386556266098022e+00
3.980008645826377256e-01 6.792705809738905365e-02 -3.450657154208298660e+00 -3.415358671304803639e+00 5.380926152814559060e+01 -1.715298660519886331e+00
2.771458279840938177e-01 4.237058943762841978e-02 -3.863391620662016912e+00 -3.563964804183889612e+00 5.452908496563273388e+01 -2.247203310323648395e+00
4.235462469640288719e-01 6.911985659553079864e-02 -3.499850399545976209e+00 -3.923420741180621896e+00 5.406233915758397046e+01 -1.323610371891545068e+00
3.353407815180599605e-01 5.543476629542715139e-02 -1.804496447098182133e+00 -1.526977038002476084e+00 5.210538189653131980e+01 -3.979362006272200158e+00
4.465360763404698785e-01 7.274976828596217693e-02 -1.549496202830510594e+00 -1.794084900499697488e+00 5.186850117540165428e+01 -3.301725738519500908e+00
2.839283368890677117e-01 4.928412250099580005e-02 -2.394947048608398799e+00 -1.877862106727988589e+00 5.279405384749241392e+01 -4.006346515352030124e+00
2.690174475933936327e-01 4.183984086989325085e-02 -2.061561924809470980e+00 -1.335387276295187053e+00 5.245595008243778778e+01 -4.405368653567109050e+00
3.405569478556990659e-01 5.514605852108467321e-02 -3.771821981847300442e+00 -3.653831866983686005e+00 5.430006530531696285e+01 -1.813595404066772110e+00
4.588074214038168064e-01 7.390882932793978177e-02 -1.919895384627060775e+00 -2.150010769631149010e+00 5.223090437413324594e+01 -2.848579882168629229e+00
4.125592097749367637e-01 7.171444880281382939e-02 -3.358157647633843279e+00 -3.679734714744662405e+00 5.382587106968430390e+01 -1.638743249172407879e+00
3.593621413600291414e-01 6.107793505435051007e-02 -1.006782075184197822e+00 -3.579708598773806649e+00 5.245768859901903625e+01 -3.478968780663571181e+00
3.050862738099187066e-01 4.936530474947609798e-02 -3.804687646371021525e+00 -3.197647365104988815e+00 5.421143086864035610e+01 -2.246771860068619731e+00
4.214199376796201046e-01 6.968688680639043009e-02 -2.138846772886370928e+00 -2.371783064171852029e+00 5.252608956498286830e+01 -2.847373151782108813e+00
3.201358595653309713e-01 5.192245700129641262e-02 -2.153112873436834107e+00 -2.059497425091955325e+00 5.263869837845788879e+01 -3.662387683855322873e+00
4.080460770645555346e-01 6.791012591735129389e-02 -3.532863845019112770e+00 -3.559657593728064562e+00 5.392869457504075115e+01 -1.581553646481106190e+00
2.908870788091669768e-01 4.787935569162005134e-02 -2.543180153592173642e+00 -1.834856343481697794e+00 5.289029506896888222e+01 -3.794435568341384180e+00
4.196239508121121231e-01 7.124879296329517109e-02 -1.419999371231823071e+00 -1.490922264152817034e+00 5.166402585885704468e+01 -3.715012007017419293e+00
3.986477910531652791e-01 6.503037465168887143e-02 -3.404135555668462487e+00 -3.895889124947272464e+00 5.401798642448490284e+01 -1.510808685983799915e+00
3.464115549917214376e-01 5.557684083188166313e-02 -3.915876975599223986e+00 -3.974281182519858291e+00 5.450115540826055849e+01 -1.517892949972476035e+00
3.418978658980731944e-01 5.620025582507415240e-02 -2.256660322788101691e+00 -1.856139577021908682e+00 5.258240726377392349e+01 -3.522866567449560726e+00
4.045649864819478303e-01 6.263644799122503048e-02 -3.477265367092714499e+00 -3.821622326164873407e+00 5.405175115567963928e+01 -1.403606553509491484e+00
3.985854324822769579e-01 6.854415240992350888e-02 -1.897488670093893326e+00 -2.010141197896069265e+00 5.222117032313766316e+01 -3.353386481829259580e+00
3.635800459915041749e-01 5.800701445079991386e-02 -2.492224614651023185e+00 -2.420943796621587207e+00 5.291583547891318773e+01 -2.948403957854652813e+00
4.429781143723391379e-01 6.986366331896788628e-02 -1.545325011925869685e+00 -1.859683734669713928e+00 5.191691947426944864e+01 -3.279282137492898652e+00
2.697577069593153909e-01 4.397840253196558941e-02 -2.722071587521432967e+00 -1.891283493773267876e+00 5.306378128720334075e+01 -3.786845097767493229e+00
3.740978671673549916e-01 6.589695590761117383e-02 -1.871308948103925118e+00 -1.610874496920052135e+00 5.208348883914086969e+01 -3.783633128718724592e+00
4.133071086220763135e-01 6.581122086643105551e-02 -2.269976313308002425e+00 -2.646010548444269084e+00 5.273364889440495062e+01 -2.627563682617491736e+00
4.580240423211506817e-01 6.990040577289849399e-02 -1.275374077123961003e+00 -1.478574008024611031e+00 5.157754631551380697e+01 -3.469356721881433625e+00
4.019969625851276818e-01 6.898245157663970839e-02 -2.903317419384857878e+00 -2.686016871177614895e+00 5.314455407095740469e+01 -2.418630370505733485e+00
3.167995912330538455e-01 5.492092332704760077e-02 -3.378884230798212762e+00 -3.219884103360102223e+00 5.387482287752329313e+01 -2.481219289411250806e+00
3.708104848281436050e-01 5.986668892094627187e-02 -3.604568029166363985e+00 -3.685594039137618516e+00 5.414417287629854059e+01 -1.700932905157938713e+00
3.516108991204305867e-01 5.511728952786738855e-02 -2.832413973050297074e+00 -2.757428579363443433e+00 5.331024816793517829e+01 -2.620672567586267210e+00
3.788426465556808953e-01 6.386148627879278949e-02 -2.518713985195096150e+00 -2.369408867306095345e+00 5.282825318955308092e+01 -2.898178594292906585e+00
3.174094944664782036e-01 5.080226762957295444e-02 -3.374076882328441052e+00 -3.175584117227149061e+00 5.392863673778168021e+01 -2.447721860799241256e+00
4.066802501035161610e-01 6.699247931385915455e-02 -3.168752013060164519e+00 -3.399402911050157350e+00 5.364924995321617018e+01 -1.864494151450574622e+00
3.557218196889928019e-01 6.005557480517449004e-02 -2.346011546804659176e+00 -2.140296131939099400e+00 5.264714889214465643e+01 -3.232023138004731067e+00
4.585516443480347482e-01 7.361722988531946288e-02 -1.589957947573451325e+00 -1.905245934688984955e+00 5.193500979140705454e+01 -3.139838481197582354e+00
2.839283368890677117e-01 4.928412250099580005e-02 -2.394947048608398799e+00 -1.877862106727988589e+00 5.279405384749241392e+01 -4.006346515352030124e+00
3.011445610274975926e-01 4.933392424016550676e-02 -1.696545242369213780e+00 -1.122854123021513661e+00 5.199753014630537962e+01 -4.493211620308201759e+00
3.405569478556990659e-01 5.514605852108467321e-02 -3.771821981847300442e+00 -3.653831866983686005e+00 5.430006530531696285e+01 -1.813595404066772110e+00
4.628869163677600818e-01 7.476169527275662585e-02 -1.839519021354354189e+00 -2.060351543052272305e+00 5.212989962113702802e+01 -2.913535001551922132e+00
4.114698261001035196e-01 7.054223215523715285e-02 -3.408950166612746635e+00 -3.730440576520956064e+00 5.389271732475955190e+01 -1.574202442902261856e+00
3.593621413600291414e-01 6.107793505435051007e-02 -1.006782075184197822e+00 -3.579708598773806649e+00 5.245768859901903625e+01 -3.478968780663571181e+00
3.005796485932776263e-01 4.869950828256371100e-02 -3.905805744487467202e+00 -3.257488126899529934e+00 5.431124940719831784e+01 -2.192714944490131046e+00
4.223016983353062859e-01 6.975750527084342845e-02 -2.143831853320243397e+00 -2.385961210434561774e+00 5.253433662395558201e+01 -2.829927651147423617e+00
2.799324829208511001e-01 4.475565270659172257e-02 -1.905005059755526808e+00 -1.706778485076588581e+00 5.243601497385344601e+01 -4.246731754383196389e+00
3.959636079140574916e-01 6.563164534463927779e-02 -3.573480594316142955e+00 -3.573973152628261651e+00 5.399268742067418714e+01 -1.625836236162148563e+00
2.728402919850994035e-01 4.460999347265581783e-02 -2.701339608770460643e+00 -1.881480860181864667e+00 5.306205601497776314e+01 -3.806167868767112772e+00
4.347147351510845525e-01 7.257762961087074749e-02 -1.225879998405301041e+00 -1.407455019022738396e+00 5.148750719427378186e+01 -3.740742628905073364e+00
3.922954104855910229e-01 6.290867117401251207e-02 -3.434457428896631193e+00 -3.938062099872703836e+00 5.408121902886006183e+01 -1.496580434662454939e+00
3.464115549917214376e-01 5.557684083188166313e-02 -3.915876975599223986e+00 -3.974281182519858291e+00 5.450115540826055849e+01 -1.517892949972476035e+00
3.656344729678300265e-01 6.237293832418604883e-02 -1.634120520171568058e+00 -1.241837869879437672e+00 5.185043694930502767e+01 -4.077459809118609613e+00
4.015029358545852967e-01 6.195385866636360372e-02 -3.600990912807882971e+00 -3.950892805858206458e+00 5.419157860117954328e+01 -1.284120253885291385e+00
3.954363364435534156e-01 6.925266008103460325e-02 -1.502033261592003122e+00 -1.677100483196721115e+00 5.181556759028256209e+01 -3.772093721744997907e+00
3.508429752308088734e-01 5.462971456028889450e-02 -2.935896442419431374e+00 -2.792152246117030501e+00 5.339838241984720213e+01 -2.562733144910219973e+00
4.483907783333287433e-01 7.081485429886087701e-02 -1.254002608546204378e+00 -1.566123798841677850e+00 5.159696335691526059e+01 -3.562521389648275250e+00
2.627291672734270445e-01 4.278714863820988479e-02 -2.651741777468766159e+00 -1.776056278440495628e+00 5.298844987372810067e+01 -3.930862661594819674e+00
3.745592308326022857e-01 6.611812162371497048e-02 -1.851590018630127954e+00 -1.587350721159066058e+00 5.205831949754142585e+01 -3.807493515139093176e+00
4.279426556736690701e-01 6.845332649902617639e-02 -2.142908899444598170e+00 -2.473128879084633969e+00 5.255542712836660257e+01 -2.711980038468231324e+00
4.641671232367986510e-01 7.421716043324820544e-02 -1.971793614212435486e+00 -2.391615499263629818e+00 5.235033874552579647e+01 -2.630030348563713094e+00
4.520827204867782223e-01 7.434742760496748648e-02 -2.474136893430212147e+00 -2.670358498370601019e+00 5.279278904226065094e+01 -2.320300729682205798e+00
3.392582844362436179e-01 5.738681889530495434e-02 -3.385972991793170017e+00 -3.302004032801316491e+00 5.386143488576408345e+01 -2.227921484496391713e+00
3.502049959469255569e-01 5.674786754739276351e-02 -3.932473627905889391e+00 -3.868584431458570450e+00 5.447402849027381677e+01 -1.559286584853875057e+00
3.857783730987113247e-01 6.238830894266354787e-02 -2.581457827514969328e+00 -2.550659203293372812e+00 5.297353300577267277e+01 -2.700552440180714164e+00
3.722503583190524545e-01 6.375067115554290675e-02 -2.726078107941769524e+00 -2.347179238006851687e+00 5.293867594811876387e+01 -2.801130945944370954e+00
2.775213636872455036e-01 4.421223338729630969e-02 -3.251025860705568427e+00 -2.634737569183972283e+00 5.371777976991550219e+01 -3.043129956462426122e+00
4.069988077387113878e-01 6.783884604751909408e-02 -3.083165375360570781e+00 -3.186861013234616458e+00 5.349167017243117073e+01 -2.022204944797847403e+00
3.590282411647731653e-01 6.055716919074012605e-02 -2.395674551794138907e+00 -2.210279354058947376e+00 5.270408351228196864e+01 -3.151688600636091131e+00
4.506655052275773121e-01 7.291313044877310856e-02 -1.614522867479548207e+00 -1.875398407100510090e+00 5.194658747392357867e+01 -3.202525338995389159e+00
3.086831140865829992e-01 5.169452010315831597e-02 -3.153353594094551848e+00 -2.810683704931536298e+00 5.361563075871167428e+01 -2.869307202047808758e+00
2.955565822777597718e-01 4.838651271142423854e-02 -1.883716883947445631e+00 -1.263431304893728235e+00 5.219327285132442285e+01 -4.364580187920038767e+00
3.423030493477685621e-01 5.542612388721104150e-02 -3.975594255607530769e+00 -3.921404624314958287e+00 5.453117063335137260e+01 -1.542821497872915559e+00
4.657548365029650639e-01 7.375300790412542273e-02 -2.180294067721065154e+00 -2.495894842610619779e+00 5.254048466761473435e+01 -2.458227260504598277e+00
4.047329920770213474e-01 6.912287330431196586e-02 -3.568198934002563494e+00 -3.828717206984917354e+00 5.405364615988681720e+01 -1.470549975055934322e+00
3.505034021442194891e-01 5.925784428403080284e-02 -1.144056482664141949e+00 -3.238763001502076300e+00 5.242291961512663789e+01 -3.599613214031218256e+00
2.943211484542140877e-01 4.777396009522943271e-02 -3.832659865064289573e+00 -3.169596042520143708e+00 5.424256653243669746e+01 -2.324281109762618591e+00
3.843924398620937599e-01 6.351036795354941811e-02 -3.090749276851791461e+00 -3.228172441809034954e+00 5.358168366038884756e+01 -2.133806385060864841e+00
3.068971556405397094e-01 5.029863182093089607e-02 -1.819775849200427675e+00 -1.560492832712979450e+00 5.225177281360565473e+01 -4.193473217420605081e+00
3.896782634028533310e-01 6.406893534783557331e-02 -3.898362620748582419e+00 -3.851882738043689969e+00 5.433376735913109457e+01 -1.340227941543604029e+00
2.707490729795605788e-01 4.419665278499998462e-02 -2.674967236801458537e+00 -1.827267309601514400e+00 5.302975816683944288e+01 -3.860828208464642142e+00
4.360414221316670780e-01 7.338560288713071034e-02 -1.046229079085161384e+00 -1.198683748631384383e+00 5.127829590583713326e+01 -3.942282782028586396e+00
3.922954104855910229e-01 6.290867117401251207e-02 -3.434457428896631193e+00 -3.938062099872703836e+00 5.408121902886006183e+01 -1.496580434662454939e+00
3.464115549917214376e-01 5.557684083188166313e-02 -3.915876975599223986e+00 -3.974281182519858291e+00 5.450115540826055849e+01 -1.517892949972476035e+00
3.656344729678300265e-01 6.237293832418604883e-02 -1.634120520171568058e+00 -1.241837869879437672e+00 5.185043694930502767e+01 -4.077459809118609613e+00
4.015029358545852967e-01 6.195385866636360372e-02 -3.600990912807882971e+00 -3.950892805858206458e+00 5.419157860117954328e+01 -1.284120253885291385e+00
4.003690866953549254e-01 6.975473449663963099e-02 -1.446661670621787188e+00 -1.618981894652921305e+00 5.175029923801037768e+01 -3.792768475060774858e+00
3.487656235286781814e-01 5.441534983514546148e-02 -2.893548638814501750e+00 -2.731445236169963930e+00 5.334957417540816493e+01 -2.633894742890800167e+00
4.622205522892720020e-01 7.218611641554124880e-02 -1.138529216529876820e+00 -1.563805671640138062e+00 5.149856891111403456e+01 -3.533452177348448409e+00
2.632129602777326660e-01 4.288117635492028762e-02 -2.637067707901432634e+00 -1.762619620288848665e+00 5.297218663632764901e+01 -3.942687828155931662e+00
3.818512623289418428e-01 6.544875820795051369e-02 -1.451594350860207383e+00 -1.199335011712298726e+00 5.163754650940696678e+01 -4.102835088618606463e+00
4.189423161943013896e-01 6.795215054246676878e-02 -2.065981439651500828e+00 -2.257662066987998983e+00 5.243334352216066208e+01 -2.937536273734822068e+00
4.814026385258171059e-01 7.750293077733808045e-02 -2.178202938981878667e+00 -2.657244760399582795e+00 5.254563017464880659e+01 -2.261498566349152028e+00
4.520827204867782223e-01 7.434742760496748648e-02 -2.474136893430212147e+00 -2.670358498370601019e+00 5.279278904226065094e+01 -2.320300729682205798e+00
3.324805566888182629e-01 5.610556630019880586e-02 -3.836135800270461083e+00 -3.831392323684246648e+00 5.437818871839730406e+01 -1.752656940200814972e+00
3.520214069148211999e-01 5.710716553815866486e-02 -3.887752023477276886e+00 -3.834558741650997860e+00 5.442661737231571095e+01 -1.589811360820123642e+00
4.175710107458989184e-01 6.755851470866823527e-02 -2.214184704249942737e+00 -2.335654667336092061e+00 5.256854605488495480e+01 -2.773706047177994627e+00
3.135517038922578936e-01 5.271421480196396281e-02 -2.532935050344346628e+00 -1.897784418327894906e+00 5.281063692389622588e+01 -3.562992183627782694e+00
2.652732696108166532e-01 4.191950017143057650e-02 -3.250401629729380293e+00 -2.549164537894568650e+00 5.372120714553895482e+01 -3.172730591694790547e+00
4.667399479866026768e-01 7.893107118016237655e-02 -2.588797843571720492e+00 -2.904591510971040513e+00 5.291411662678687833e+01 -2.080073892074814523e+00
3.620941951914197765e-01 6.120780086414451260e-02 -2.253887111051498415e+00 -2.039990797669842593e+00 5.254520690123228377e+01 -3.309334724957661233e+00
4.506655052275773121e-01 7.291313044877310856e-02 -1.614522867479548207e+00 -1.875398407100510090e+00 5.194658747392357867e+01 -3.202525338995389159e+00
2.668069020554972859e-01 4.507931395664380864e-02 -3.351701576254952464e+00 -2.851662116593645546e+00 5.385592077798803246e+01 -3.029630594980002201e+00
3.193576240872523786e-01 5.170575950743692278e-02 -1.816273594495044108e+00 -1.311867133996433621e+00 5.212138445955474708e+01 -4.218145833943989231e+00
3.536935113251823970e-01 5.703521795930956151e-02 -3.875942410588716136e+00 -3.881000397460896423e+00 5.442628189436276642e+01 -1.542509050402310233e+00
4.708067429644612334e-01 7.403419878436542922e-02 -2.369714203714143430e+00 -2.703636981389284877e+00 5.273932138314013685e+01 -2.209036345189487882e+00
4.223161072711187347e-01 7.313097841328884685e-02 -3.461604932597103002e+00 -3.826768633884185533e+00 5.392923336197835482e+01 -1.430767701810940151e+00
3.463883434014877749e-01 5.843867238640380879e-02 -1.181135995984533338e+00 -3.047325353657119873e+00 5.237596962152672830e+01 -3.687642204128318113e+00
2.943211484542140877e-01 4.777396009522943271e-02 -3.832659865064289573e+00 -3.169596042520143708e+00 5.424256653243669746e+01 -2.324281109762618591e+00
3.792860471845932446e-01 6.277815638914785445e-02 -2.832120214423862414e+00 -3.221026702314772283e+00 5.342595132910827260e+01 -2.334661680496721292e+00
3.075947920899118060e-01 5.071616123155744255e-02 -1.530692610490596017e+00 -1.242601125173629750e+00 5.193336184854823045e+01 -4.517510586996429822e+00
4.089006170663513351e-01 6.767609250499058426e-02 -3.156916059300613142e+00 -3.161379249259087310e+00 5.352684591570647399e+01 -1.980147093350563381e+00
2.707490729795605788e-01 4.419665278499998462e-02 -2.674967236801458537e+00 -1.827267309601514400e+00 5.302975816683944288e+01 -3.860828208464642142e+00
3.968354129881782599e-01 6.656423106906975140e-02 -1.772995740227028216e+00 -1.807276085733174664e+00 5.209502650328611395e+01 -3.506903241806611948e+00
3.818121547815041539e-01 5.897556061281249845e-02 -3.484959984385286980e+00 -3.787962059176403606e+00 5.409959362384817894e+01 -1.583482191977768849e+00
3.464115549917214376e-01 5.557684083188166313e-02 -3.915876975599223986e+00 -3.974281182519858291e+00 5.450115540826055849e+01 -1.517892949972476035e+00
3.731272580373677372e-01 6.354914717261682389e-02 -1.743654494748810624e+00 -1.427194803908098830e+00 5.197347763874898874e+01 -3.876635989733106413e+00
4.015029358545852967e-01 6.195385866636360372e-02 -3.600990912807882971e+00 -3.950892805858206458e+00 5.419157860117954328e+01 -1.284120253885291385e+00
4.003690866953549254e-01 6.975473449663963099e-02 -1.446661670621787188e+00 -1.618981894652921305e+00 5.175029923801037768e+01 -3.792768475060774858e+00
3.587487018449123655e-01 5.602748167318592071e-02 -2.540233919549599317e+00 -2.385494447618289549e+00 5.294657293256866382e+01 -2.905613944177548369e+00
4.570785541554595599e-01 7.143822005512577566e-02 -1.220972736747654164e+00 -1.612910531417165449e+00 5.158253590452034132e+01 -3.496491400672090855e+00
2.632129602777326660e-01 4.288117635492028762e-02 -2.637067707901432634e+00 -1.762619620288848665e+00 5.297218663632764901e+01 -3.942687828155931662e+00
3.795855381495154557e-01 6.495050198012207454e-02 -1.464815897937413514e+00 -1.203414895002743012e+00 5.165508818842290850e+01 -4.107015711657722612e+00
4.519107763368627184e-01 7.104911853026066315e-02 -2.484991175027095878e+00 -3.072229849819973602e+00 5.300185689961576685e+01 -2.053197260970738736e+00
4.465434178191774461e-01 7.212325919516676676e-02 -2.201899269253101643e+00 -2.438416471015573350e+00 5.254984466068481908e+01 -2.602027047046449493e+00
4.494120353170710791e-01 7.290488230149116955e-02 -2.983234254070329605e+00 -3.202891463950441775e+00 5.336637313140015948e+01 -1.770061680557817319e+00
3.321306716420434624e-01 5.604687120018272961e-02 -3.902928939243714535e+00 -3.851117482988898555e+00 5.442855953129766533e+01 -1.703977561981626199e+00
3.524194915527776306e-01 5.755139528823257494e-02 -3.613572189733181617e+00 -3.513308492474320310e+00 5.410964541059553312e+01 -1.903224136120200249e+00
3.848294947728487791e-01 6.306068177850222833e-02 -2.364093085024017604e+00 -2.318863594400051298e+00 5.271608803835216150e+01 -2.917231991126243873e+00
3.170466822868239221e-01 5.350129340892770258e-02 -2.472047752721673319e+00 -1.841704907800371549e+00 5.273528798897336856e+01 -3.600800905771083027e+00
2.817787800503532836e-01 4.527222454179283956e-02 -3.390157100504358922e+00 -2.739898241706470117e+00 5.383115605956487570e+01 -2.884080561958305200e+00
4.524253313092378437e-01 7.598774157090545933e-02 -2.498816274371223223e+00 -2.859978891199608242e+00 5.287759113826790269e+01 -2.244866208412161779e+00
3.678704371535684858e-01 6.182306920087199398e-02 -2.330938714881775287e+00 -2.120422233816380064e+00 5.261958327915416334e+01 -3.186899468758090492e+00
4.573837439535564098e-01 7.301095109859345733e-02 -1.243146775479530231e+00 -1.498011074112466590e+00 5.155347316447048200e+01 -3.543371976077102747e+00
2.654738016347172325e-01 4.489114958215301848e-02 -3.343315573450252653e+00 -2.836285627501673012e+00 5.384699276894436082e+01 -3.052155206606560256e+00
3.131769084051495011e-01 5.102765325891361892e-02 -1.702679522207573903e+00 -1.143408042451363960e+00 5.199190703405181324e+01 -4.424090603575534075e+00
3.536935113251823970e-01 5.703521795930956151e-02 -3.875942410588716136e+00 -3.881000397460896423e+00 5.442628189436276642e+01 -1.542509050402310233e+00
4.257513130739778440e-01 6.785623519280804816e-02 -3.459308216171278705e+00 -3.650119739407763575e+00 5.390503932648240948e+01 -1.416803699174632669e+00
4.103361963821806624e-01 7.052646670532759787e-02 -3.288844777212146742e+00 -3.278435559785712883e+00 5.361155787729403954e+01 -1.837937100056938444e+00
3.512498926132175958e-01 5.920516809472253783e-02 -1.160326561337838625e+00 -3.227074008800616678e+00 5.242479092078436054e+01 -3.578649634160373516e+00
3.075112043622352798e-01 5.050919447811898222e-02 -3.533103380928495962e+00 -2.973920958823218275e+00 5.392958563265760574e+01 -2.509894022935360791e+00
4.168386789964885208e-01 7.064808783056591990e-02 -2.096828099500844367e+00 -2.833917003204047269e+00 5.271527228057225045e+01 -2.760942340263870420e+00
3.091644541311954764e-01 5.099348351505242349e-02 -1.290367845589617923e+00 -1.201898860345689934e+00 5.175490974337094485e+01 -4.654103664478839164e+00
4.458192563861946844e-01 7.381601855251178346e-02 -3.248466505019790951e+00 -3.365393495520643263e+00 5.357992606829848370e+01 -1.568370900913184096e+00
2.709250802886687404e-01 4.405236477365467862e-02 -2.600342230842244362e+00 -1.713058450904681562e+00 5.293885658587500131e+01 -3.954797365805721387e+00
3.745188227545471760e-01 6.496694121267979072e-02 -1.448072528525753855e+00 -1.408163587326936694e+00 5.175785710356384328e+01 -4.068395420590466216e+00
3.872599637150530572e-01 6.025648632978972824e-02 -3.494060799248255300e+00 -3.751609597295673559e+00 5.407376606345242465e+01 -1.568037520226266412e+00
3.464115549917214376e-01 5.557684083188166313e-02 -3.915876975599223986e+00 -3.974281182519858291e+00 5.450115540826055849e+01 -1.517892949972476035e+00
3.823287614651182942e-01 6.428271670829290019e-02 -1.990900144112439873e+00 -1.573742115166077538e+00 5.218206402481238371e+01 -3.592150546693987589e+00
3.767421341864413131e-01 5.925531714504599090e-02 -3.295991980470924343e+00 -3.320052269800977118e+00 5.377951030982048763e+01 -1.952901152681474795e+00
3.827040881099217917e-01 6.740469606752969023e-02 -1.352835320957583853e+00 -1.469364299770646642e+00 5.164807029656040527e+01 -4.043445506949664647e+00
3.471935209624338325e-01 5.408952223357792882e-02 -2.625817158759163217e+00 -2.405388181858063579e+00 5.303441800195816569e+01 -2.919587428854564237e+00
4.434840129674350040e-01 6.947062121544159141e-02 -1.610102416266036229e+00 -1.985097260965914323e+00 5.201234026011422173e+01 -3.164888936665263053e+00
2.632129602777326660e-01 4.288117635492028762e-02 -2.637067707901432634e+00 -1.762619620288848665e+00 5.297218663632764901e+01 -3.942687828155931662e+00
3.795855381495154557e-01 6.495050198012207454e-02 -1.464815897937413514e+00 -1.203414895002743012e+00 5.165508818842290850e+01 -4.107015711657722612e+00
4.152384768003423154e-01 6.538251824675986312e-02 -2.418601672291518234e+00 -2.758393952997101106e+00 5.290534976317821503e+01 -2.475914644656596053e+00
4.812024983369748155e-01 7.736779311785650648e-02 -1.198984960929063037e+00 -1.620935172059201568e+00 5.148670655437389598e+01 -3.345987561126111842e+00
4.514640586714297465e-01 7.338051443657064854e-02 -3.252947568041702375e+00 -3.474010471884946938e+00 5.364587670977910960e+01 -1.471005194253049098e+00
3.197910998278702399e-01 5.369710671805399266e-02 -3.524846740153436908e+00 -3.290383739102604288e+00 5.400192014732379420e+01 -2.289993808291922228e+00
3.467101309971566403e-01 5.630934695555284142e-02 -3.905382214390500817e+00 -3.821960390385221729e+00 5.444834437304183439e+01 -1.630579056484029010e+00
3.936609621125477521e-01 6.437710045698290251e-02 -2.230950709866259984e+00 -2.299046582024873331e+00 5.260864432744132557e+01 -2.939951094531212838e+00
3.045082750294330620e-01 5.052779388927241405e-02 -2.863368644160543930e+00 -2.123180714780287026e+00 5.313865853338126044e+01 -3.306390969573604899e+00
2.817787800503532836e-01 4.527222454179283956e-02 -3.390157100504358922e+00 -2.739898241706470117e+00 5.383115605956487570e+01 -2.884080561958305200e+00
4.718430439764500495e-01 8.083813278175815131e-02 -2.128853380381616311e+00 -2.511711089938478025e+00 5.244158149547736514e+01 -2.535829747636490161e+00
3.593264391952381009e-01 6.140106059212634831e-02 -2.064835118258245394e+00 -1.754682559169963518e+00 5.229988013562498139e+01 -3.579268679735457148e+00
4.349135432994251094e-01 6.974023239698726173e-02 -1.756201397838180078e+00 -1.934328153221748448e+00 5.210626820469779119e+01 -3.188286492267211170e+00
2.742134179866463906e-01 4.608373887591105805e-02 -3.444018446613557494e+00 -3.023271106575322165e+00 5.396736287908914420e+01 -2.836124403152447293e+00
3.131769084051495011e-01 5.102765325891361892e-02 -1.702679522207573903e+00 -1.143408042451363960e+00 5.199190703405181324e+01 -4.424090603575534075e+00
3.520481595111460971e-01 5.607418590671139902e-02 -3.416322826879570673e+00 -3.340976854630927306e+00 5.391390767624005775e+01 -2.043081921868614703e+00
4.434026239491642984e-01 7.101553072339535089e-02 -3.397942448506223734e+00 -3.626189505937192692e+00 5.381443209119876059e+01 -1.360384486199283760e+00
3.960053203347658757e-01 6.847760387869832044e-02 -3.006344180905401675e+00 -3.280919600433723993e+00 5.346425220835926240e+01 -2.112327709658153196e+00
3.512498926132175958e-01 5.920516809472253783e-02 -1.160326561337838625e+00 -3.227074008800616678e+00 5.242479092078436054e+01 -3.578649634160373516e+00
3.146414667209050386e-01 5.196031968722838318e-02 -3.572712726331270350e+00 -3.038766903795479202e+00 5.395685973133935676e+01 -2.406209731009385955e+00
4.264003777381779048e-01 7.320766094592093265e-02 -2.088283498559338369e+00 -2.939026527241579423e+00 5.272705977733658500e+01 -2.683937572105199898e+00
3.091781482472096276e-01 5.099510594313712980e-02 -1.291046729886036193e+00 -1.202581935232935439e+00 5.175559917932115184e+01 -4.653269883107990168e+00
4.395815346928069745e-01 7.321716897015953518e-02 -3.285172419678169309e+00 -3.370632133122039242e+00 5.361246533621701360e+01 -1.587388552579255041e+00
2.683997948932203004e-01 4.471093094279694757e-02 -2.183270572037168122e+00 -1.255746776368115381e+00 5.248072590070508170e+01 -4.457594575435555484e+00
3.657310462117466798e-01 6.432961126727462786e-02 -1.452506576035172303e+00 -1.366356500808431962e+00 5.174998910389983564e+01 -4.149389974958333838e+00
3.933915035808185912e-01 6.167085664897276748e-02 -3.496170196439071454e+00 -3.741474569524124938e+00 5.404557164419288284e+01 -1.526671618219996640e+00
3.592644537963166629e-01 5.789097701825207665e-02 -3.474619006199653359e+00 -3.474536725866207654e+00 5.398594643284162231e+01 -1.938685691399414601e+00
4.014211103978278516e-01 6.779310369563074090e-02 -2.158696201412697135e+00 -1.723548390703607103e+00 5.230683344555124847e+01 -3.302615408302473909e+00
3.966374168657008648e-01 5.960079054446148356e-02 -3.696183894390538072e+00 -3.798575091197477605e+00 5.422104567019108856e+01 -1.290783860467483724e+00
3.455141627388839121e-01 6.018165520009201297e-02 -1.726460337653897614e+00 -1.620195831716683132e+00 5.205484017790579543e+01 -3.994634418499473316e+00
3.568358538229344790e-01 5.662673428902549599e-02 -2.640829005965128928e+00 -2.494176914615056528e+00 5.305289866439204616e+01 -2.835774368559351277e+00
3.938915942806283654e-01 6.308285636946994734e-02 -2.015444584672745343e+00 -2.056938574135974473e+00 5.239359184564246874e+01 -3.243024848546907979e+00
2.632129602777326660e-01 4.288117635492028762e-02 -2.637067707901432634e+00 -1.762619620288848665e+00 5.297218663632764901e+01 -3.942687828155931662e+00
3.636641821555908760e-01 6.247887350102630799e-02 -1.647789654519335567e+00 -1.327228955990344295e+00 5.186268834573866116e+01 -4.050123258176816066e+00
4.200658198671785026e-01 6.037929235967198771e-02 -1.829268983377541069e+00 -1.618646768539761194e+00 5.208436288462171149e+01 -3.210898285082159020e+00
4.778846146016749730e-01 7.801931174869471131e-02 -1.343336656777383897e+00 -1.857594514968882837e+00 5.167398640972838564e+01 -3.204342314800426639e+00
4.683666507329204420e-01 7.445684025387844240e-02 -2.874341951315159349e+00 -3.207963241519453668e+00 5.327274699242757805e+01 -1.686064532962900042e+00
2.964960696614762359e-01 4.949712958388812617e-02 -3.843225952290239888e+00 -3.524242880683305046e+00 5.435552513559044030e+01 -2.142500181460847752e+00
3.116934547453569793e-01 5.112235135474200998e-02 -3.317055833799193998e+00 -2.883091633669078391e+00 5.376815108379271635e+01 -2.683131411690157453e+00
3.512578373943847643e-01 5.762311668915123114e-02 -2.594451243182642752e+00 -2.322007883703970599e+00 5.295405105412680058e+01 -3.041313542281865789e+00
3.144770796472626251e-01 5.187046888264862377e-02 -2.705824538940463153e+00 -2.054910337847905666e+00 5.299208958903030720e+01 -3.370032685947017992e+00
2.790451462254996962e-01 4.470125290252214417e-02 -3.599585254832443848e+00 -2.893276225632290810e+00 5.403823428313840083e+01 -2.707568617006980372e+00
4.231490629392233860e-01 7.416743991654013712e-02 -2.873305972169320821e+00 -3.093337341708671140e+00 5.325303253339903620e+01 -2.193257491983918506e+00
3.074735602185350025e-01 5.143722873682209096e-02 -2.776666613307593234e+00 -2.212718302282524530e+00 5.310869590483027736e+01 -3.309806513655507043e+00
4.470394703829343452e-01 7.160156641041971748e-02 -1.905099660905785752e+00 -2.080995235782125086e+00 5.223548081202309135e+01 -2.944587352897854782e+00
2.763173061348144222e-01 4.688978088310036957e-02 -3.638789136839632121e+00 -3.079510549422928900e+00 5.410304121364143271e+01 -2.680351688709595059e+00
3.131769084051495011e-01 5.102765325891361892e-02 -1.702679522207573903e+00 -1.143408042451363960e+00 5.199190703405181324e+01 -4.424090603575534075e+00
3.504478886037184493e-01 5.593689474420568408e-02 -3.437041319723858290e+00 -3.358288585992447395e+00 5.393729854281906455e+01 -2.036390702638502415e+00
4.501981912416557763e-01 7.240681715212975156e-02 -2.940361319026043141e+00 -3.225471856178355079e+00 5.333778673127570613e+01 -1.779745680390236728e+00
3.945859387689671371e-01 6.798328652880157585e-02 -3.640107201993131980e+00 -3.954968263647220539e+00 5.416307078546083176e+01 -1.428723954995527956e+00
3.277589883328113074e-01 5.488194282803299934e-02 -1.512186252323674651e+00 -2.836999596622617581e+00 5.254451559517400483e+01 -3.702316144495129802e+00
3.028638603551297992e-01 5.117767934777574940e-02 -3.918718230677638914e+00 -3.265649036621169454e+00 5.429185900838100309e+01 -2.218959099805984714e+00
4.113348514484446161e-01 7.075202599008001414e-02 -2.421895312265323508e+00 -3.022968273832299602e+00 5.298567240685193980e+01 -2.517454684933636777e+00
3.028775197650535600e-01 4.967909933677135820e-02 -1.773748173703432629e+00 -1.556095886250297378e+00 5.223288437444105625e+01 -4.246435515721334930e+00
4.317481186696060513e-01 7.185625535006326392e-02 -3.254376721729538069e+00 -3.305586057590283566e+00 5.358121043120530658e+01 -1.679978473971267317e+00
2.651675420452724308e-01 4.423525753647555153e-02 -2.115096355594810795e+00 -1.152875283925267169e+00 5.240269960230383361e+01 -4.571265008359153725e+00
4.071257788357834917e-01 6.884523563629804666e-02 -2.306453253814593651e+00 -2.388214520078400405e+00 5.265743495614815117e+01 -2.864446362571515081e+00
4.186049044892913296e-01 6.455848194117648486e-02 -3.170238060724520412e+00 -3.625746917925662505e+00 5.374604425578724687e+01 -1.595105487759417295e+00
3.562216338192675247e-01 5.721083381593818074e-02 -3.966268168058896482e+00 -3.990237150911019270e+00 5.452665881782869661e+01 -1.422947200071319251e+00
4.409825350250956566e-01 7.266757641864324269e-02 -2.081077549239735536e+00 -2.069591211334211867e+00 5.230897095244888817e+01 -2.880185084704149023e+00
3.880817406478545561e-01 5.766991874404924640e-02 -3.901023989811346127e+00 -3.865886470503665517e+00 5.440604444539440721e+01 -1.172259732728732295e+00
3.481793341199865277e-01 5.934481259381344659e-02 -1.941706380711284874e+00 -1.825934475570622606e+00 5.228978713901808106e+01 -3.721834125957085515e+00
3.524719823524127826e-01 5.667673919887342149e-02 -2.717951040400923279e+00 -2.580237573772649284e+00 5.314099580323214411e+01 -2.795723762257335210e+00
5.031033145441866639e-01 7.905639913600633062e-02 -1.975622099462173598e+00 -2.671158039305687293e+00 5.239518672784812026e+01 -2.240957173385077716e+00
2.632129602777326660e-01 4.288117635492028762e-02 -2.637067707901432634e+00 -1.762619620288848665e+00 5.297218663632764901e+01 -3.942687828155931662e+00
3.980439286950204214e-01 6.949435436595378934e-02 -1.270478250800969322e+00 -1.128114670182428947e+00 5.143262322283220556e+01 -4.135754119357668124e+00
4.433547707912674496e-01 6.444649349322256748e-02 -1.559292442360329156e+00 -1.515361777796248477e+00 5.180731212647855699e+01 -3.267067998754916935e+00
4.778846146016749730e-01 7.801931174869471131e-02 -1.343336656777383897e+00 -1.857594514968882837e+00 5.167398640972838564e+01 -3.204342314800426639e+00
4.393072130563016042e-01 7.131396652051842644e-02 -2.486823734545882125e+00 -2.606283654836672348e+00 5.281666585097080713e+01 -2.411104102959573225e+00
3.071782014294351937e-01 5.096694940282379960e-02 -3.372377296195454122e+00 -3.000056261565200000e+00 5.382056964587099657e+01 -2.588349847200392517e+00
3.135956731780871753e-01 5.181179756314194945e-02 -3.434479740777240941e+00 -2.945470818901461119e+00 5.385151373487016713e+01 -2.570513077711269911e+00
3.569340349607816876e-01 5.839867989862625175e-02 -2.459638331849403947e+00 -2.233882865244870342e+00 5.281956628072766335e+01 -3.115912975992320533e+00
2.908525198012184010e-01 4.835409827567579977e-02 -2.848525441484281551e+00 -2.050261626935971915e+00 5.312692835614405595e+01 -3.445853276357775385e+00
2.635609187967756784e-01 4.190870969843979443e-02 -3.710604460449147712e+00 -2.930418401725219724e+00 5.416657999058661233e+01 -2.728629625044702856e+00
4.400721126250068949e-01 7.476250824162564146e-02 -2.523743012382935635e+00 -2.776201051573298884e+00 5.288430412240877843e+01 -2.388697323993895338e+00
3.206750385155682781e-01 5.400177392696572931e-02 -2.505876788350771545e+00 -2.087278645826353696e+00 5.284311180550095344e+01 -3.443433099278137011e+00
4.750099634314987052e-01 7.581029262297954430e-02 -1.872803796762773088e+00 -2.223732891334162964e+00 5.220976385804406306e+01 -2.694416936439399279e+00
2.700644616474325299e-01 4.618979163367899210e-02 -3.860230828214963772e+00 -3.342944201747451327e+00 5.436866100045892836e+01 -2.489476513675220826e+00
3.089467250023802958e-01 5.031506545877460768e-02 -1.629501166013280766e+00 -1.037987306227882156e+00 5.191189377257803983e+01 -4.550557575327916382e+00
3.395901355911916109e-01 5.351913975799147544e-02 -3.855444653077509720e+00 -3.777682547203445651e+00 5.441130996156874744e+01 -1.654265089760453611e+00
4.733989440992812936e-01 7.597311007212176337e-02 -2.877311746157496852e+00 -3.282925044651488822e+00 5.326573865562383503e+01 -1.628366716971113348e+00
3.741818773456528913e-01 6.412228236262154657e-02 -3.484405374908657205e+00 -3.580318015004268606e+00 5.395926458702005135e+01 -1.825487418317213617e+00
3.312292073041894769e-01 5.545692681699312260e-02 -1.314135980940778659e+00 -2.939186141395778940e+00 5.245747195077596103e+01 -3.759649426047562581e+00
3.083953966701937777e-01 5.150527202866962695e-02 -3.591062512924553030e+00 -3.002681838555398386e+00 5.397160035728554561e+01 -2.487489847335129234e+00
4.602652805426248883e-01 8.006454290032112564e-02 -1.829232260391198572e+00 -2.872552108874682375e+00 5.243505893932954365e+01 -2.645401801047059021e+00
3.205151941693802353e-01 5.072336121901221961e-02 -2.185398823789175715e+00 -2.088092783172920797e+00 5.269492538279066451e+01 -3.591569499921160258e+00
4.392418266606513688e-01 7.351091326007956617e-02 -3.019311081614320269e+00 -3.483394602590134781e+00 5.348879618383898560e+01 -1.717877516208103028e+00
2.651675420452724308e-01 4.423525753647555153e-02 -2.115096355594810795e+00 -1.152875283925267169e+00 5.240269960230383361e+01 -4.571265008359153725e+00
3.888629768656420294e-01 6.624396909758625829e-02 -2.161682909082285331e+00 -2.106033744937598762e+00 5.248148732201995159e+01 -3.198279373450183094e+00
4.066985240706290083e-01 6.309668667311831014e-02 -3.219567481979462631e+00 -3.593732994535728587e+00 5.378590785055146739e+01 -1.668496331620723527e+00
3.562216338192675247e-01 5.721083381593818074e-02 -3.966268168058896482e+00 -3.990237150911019270e+00 5.452665881782869661e+01 -1.422947200071319251e+00
4.406706499074520833e-01 7.250432785456926987e-02 -2.258314689804008513e+00 -2.329145370149687366e+00 5.252829490273000346e+01 -2.649804603189244823e+00
4.001509752038038825e-01 6.194450808511647866e-02 -3.621985643537406041e+00 -3.705540057454490999e+00 5.411055292968780606e+01 -1.391343141165542807e+00
3.691821929710396022e-01 6.330748758076314153e-02 -1.680994559966124680e+00 -1.724184332641018669e+00 5.202196328277471338e+01 -3.793703884885981203e+00
3.385795492638667969e-01 5.455016903650397597e-02 -2.998127198493580892e+00 -2.802456695938501330e+00 5.344191905461015324e+01 -2.618167651591430722e+00
4.462282493678960682e-01 7.105348293391366976e-02 -1.505688087455084201e+00 -1.991891315302073417e+00 5.190533152542734285e+01 -3.202424449160368169e+00
2.632129602777326660e-01 4.288117635492028762e-02 -2.637067707901432634e+00 -1.762619620288848665e+00 5.297218663632764901e+01 -3.942687828155931662e+00
3.816718777572777332e-01 6.441487573117764265e-02 -1.958534324059487464e+00 -1.839661807387920955e+00 5.223953444198777163e+01 -3.460268449873120655e+00
4.424653195459430921e-01 6.515881299893264145e-02 -1.565376376460243524e+00 -1.583495961815306385e+00 5.183344023258707267e+01 -3.257749125486113062e+00
4.766161216056002958e-01 7.509439776928564236e-02 -2.220978703901639761e+00 -2.664578348918696271e+00 5.260098925565976913e+01 -2.274089660432327964e+00
4.145279683618109945e-01 6.794897168944777355e-02 -2.884929928684806466e+00 -2.875371335110470827e+00 5.322160891728445620e+01 -2.222979176741653351e+00
2.975323109609517847e-01 5.009481730874803390e-02 -3.770448530631843820e+00 -3.299409431317274599e+00 5.421026444242670550e+01 -2.288983143737330028e+00
3.029972231873159227e-01 4.977959180084982199e-02 -3.613703293478538914e+00 -3.063672633141239388e+00 5.404442826363957408e+01 -2.482116797184208856e+00
3.997949449134734490e-01 6.466528964420276138e-02 -2.182327962897568696e+00 -2.322376158799927204e+00 5.258741341359419863e+01 -2.921214434382199521e+00
2.811166339081336840e-01 4.681201686488023483e-02 -3.231385164696581214e+00 -2.403387727381311567e+00 5.355122973184823110e+01 -3.136789468334511444e+00
3.007890126562469124e-01 4.808872676833310378e-02 -3.735564795831842311e+00 -3.271230261308622378e+00 5.422557099371626776e+01 -2.290797055924413961e+00
4.516987767037347057e-01 7.685447712637327733e-02 -2.766051470838749360e+00 -3.124519938702009725e+00 5.315713600026482766e+01 -2.006326596570565446e+00
3.564263813926637492e-01 5.911386650218859035e-02 -2.962404525420326618e+00 -2.741056553859292588e+00 5.332656197955490285e+01 -2.614885948155659889e+00
4.768135207800211495e-01 7.887405112652372263e-02 -2.035425652074509095e+00 -2.561603179815482356e+00 5.243486324368416263e+01 -2.490166345610842491e+00
2.767072892430682551e-01 4.732166547497421161e-02 -3.823467450682064950e+00 -3.306346683188424507e+00 5.431629753000673588e+01 -2.482495697012325753e+00
3.089467250023802958e-01 5.031506545877460768e-02 -1.629501166013280766e+00 -1.037987306227882156e+00 5.191189377257803983e+01 -4.550557575327916382e+00
3.395901355911916109e-01 5.351913975799147544e-02 -3.855444653077509720e+00 -3.777682547203445651e+00 5.441130996156874744e+01 -1.654265089760453611e+00
4.605498636887490616e-01 7.285690224815641325e-02 -3.338516105987669569e+00 -3.767049904326974286e+00 5.380880448945802641e+01 -1.193082053157295208e+00
3.535376033642541604e-01 6.143724220296410687e-02 -3.763678802676362345e+00 -3.843850141787259922e+00 5.428206769478506288e+01 -1.674473308315536313e+00
3.312292073041894769e-01 5.545692681699312260e-02 -1.314135980940778659e+00 -2.939186141395778940e+00 5.245747195077596103e+01 -3.759649426047562581e+00
3.047557596475534147e-01 5.106821099098925870e-02 -3.576680834806254428e+00 -2.942909463765482236e+00 5.394496669413362611e+01 -2.552938107277799684e+00
4.391291747432550241e-01 7.622995059364276460e-02 -2.249758143907889529e+00 -3.004830365574606699e+00 5.279921024786870021e+01 -2.464632680157494704e+00
3.226622293976109668e-01 5.110773918371370322e-02 -2.220149102311623768e+00 -2.123292326287389287e+00 5.272558002754767870e+01 -3.538572228480247439e+00
4.413852769779552099e-01 7.194963863497087775e-02 -2.236603683342261117e+00 -2.685709884187869712e+00 5.266381137501551990e+01 -2.507525648933872642e+00
2.680788196904411724e-01 4.455019452921150230e-02 -2.247534277551633597e+00 -1.326004561981745100e+00 5.255167954728683810e+01 -4.384886533339047432e+00
4.152126077026814244e-01 7.283300923039683072e-02 -1.103624768837864867e+00 -1.053032178004949415e+00 5.128533066751387537e+01 -4.164509836961137523e+00
3.984036531903165645e-01 6.223578969489854812e-02 -3.216691311139235676e+00 -3.511993364665562556e+00 5.376500437959907686e+01 -1.769840154181922198e+00
3.522523562937871500e-01 5.663185399247566698e-02 -3.770069444980862716e+00 -3.742361496544496013e+00 5.430711893106285260e+01 -1.685546407169749461e+00
4.636838203399265557e-01 7.639748071295669740e-02 -1.951888284947027818e+00 -1.988793906150536195e+00 5.213618372868234729e+01 -2.839301108682500185e+00
4.319943748043089671e-01 6.715572857105517324e-02 -3.342424633061189532e+00 -3.489072758960442222e+00 5.374233933544920205e+01 -1.388933980138814972e+00
3.571220126420946439e-01 6.104850741233798506e-02 -1.893313546779064938e+00 -1.817198168103624445e+00 5.223138941193444396e+01 -3.703742424258276600e+00
3.658520464903251002e-01 6.001391237692265540e-02 -2.729196930795245279e+00 -2.771602952456275748e+00 5.318945774466804011e+01 -2.635028326934361065e+00
4.509617310135039525e-01 7.250263148607512254e-02 -1.626685587249216747e+00 -1.991051381197870729e+00 5.196793243769234749e+01 -3.103955159900340988e+00
2.689120772408932214e-01 4.367099958059166009e-02 -2.803675507058811522e+00 -1.991428873811084799e+00 5.316228601080685934e+01 -3.692147440717679530e+00
4.112122925223896663e-01 6.886241830152212140e-02 -1.978113796308734962e+00 -2.046176917864164224e+00 5.226790020096453304e+01 -3.142522815061244756e+00
4.172769001095057995e-01 6.359197005697379834e-02 -1.719588677443031788e+00 -2.048762297304207003e+00 5.217062399555501884e+01 -3.187870582994790869e+00
4.771039539336969781e-01 7.317903936590937353e-02 -2.292646216179651475e+00 -2.866129193081411231e+00 5.275042515648610930e+01 -2.117894439015772790e+00
4.581684851741278375e-01 7.495495793427815745e-02 -2.593012524898755888e+00 -2.931610413331630749e+00 5.295787058672229364e+01 -2.066761235340272229e+00
3.081948814855717811e-01 5.140632603926696687e-02 -3.697308491395278285e+00 -3.305959677663157237e+00 5.414721197727146773e+01 -2.249848658579201022e+00
3.079224195702390254e-01 5.001563717814237753e-02 -3.844480001642876843e+00 -3.376134581615823471e+00 5.432939439846149554e+01 -2.183198218358016085e+00
3.874140310719639269e-01 6.287317204212676536e-02 -2.387096853801866203e+00 -2.455319983806766970e+00 5.279824003209538574e+01 -2.830470809156464096e+00
2.840055420054515278e-01 4.714338510994685316e-02 -3.262217087829278661e+00 -2.471285344572184073e+00 5.359372235959353503e+01 -3.063544723989491736e+00
3.005971093007595019e-01 4.805521914384663917e-02 -3.734724601730031956e+00 -3.268687105239345136e+00 5.422451067740342268e+01 -2.293823909684516771e+00
4.516987767037347057e-01 7.685447712637327733e-02 -2.766051470838749360e+00 -3.124519938702009725e+00 5.315713600026482766e+01 -2.006326596570565446e+00
3.257050046107909935e-01 5.356778564770914991e-02 -3.266210026097625896e+00 -2.904939888193201813e+00 5.367660333705597253e+01 -2.568307181053084420e+00
4.053091578503331682e-01 6.617458540385651178e-02 -2.467147996218829409e+00 -2.486249847540496827e+00 5.286085721755799938e+01 -2.751859369559248591e+00
2.767072892430682551e-01 4.732166547497421161e-02 -3.823467450682064950e+00 -3.306346683188424507e+00 5.431629753000673588e+01 -2.482495697012325753e+00
3.029511422154259059e-01 4.960296203174590496e-02 -2.026539802677390867e+00 -1.391690182496513106e+00 5.232197292048631709e+01 -4.187123567129503954e+00
3.567784361297722251e-01 5.521314784991055574e-02 -3.864185252415413885e+00 -3.906516767595626494e+00 5.443728051353053843e+01 -1.427877808976666829e+00
4.603657030396169358e-01 7.282542822960201556e-02 -3.338155097116497050e+00 -3.766294083858876096e+00 5.380867469463065333e+01 -1.194791186271366490e+00
3.392548799176249297e-01 5.736853025692419117e-02 -3.336410738042371538e+00 -3.127846117448219943e+00 5.376729225413658497e+01 -2.348209408648782137e+00
3.051634934102161467e-01 5.133359228868564911e-02 -1.065622438065851663e+00 -3.214227444510510345e+00 5.248782501644407716e+01 -3.994012865975037574e+00
2.965050767088419637e-01 5.046871345291002731e-02 -3.513927897839838277e+00 -2.752134355812030808e+00 5.383957812131281173e+01 -2.759869218506421973e+00
4.875519201913426914e-01 8.536913486125918826e-02 -1.753896632100975239e+00 -2.851758127463184245e+00 5.230909727450097790e+01 -2.553304198784542400e+00
3.215941258611919595e-01 5.183342063106651659e-02 -2.539796163745029034e+00 -2.301776166679957214e+00 5.299594440615202728e+01 -3.299271165869391176e+00
4.335370674547722181e-01 6.832738510910046914e-02 -1.838275892124906052e+00 -2.369363414584251704e+00 5.229737125487994831e+01 -2.880281697269901908e+00
2.858621219885224551e-01 4.700268322191923642e-02 -2.366319625054219777e+00 -1.560677199435317242e+00 5.268085498113966736e+01 -4.059853745039868400e+00
4.076980691877521989e-01 6.969129023065906425e-02 -2.062019562372235271e+00 -2.130175838478709505e+00 5.237851552875484629e+01 -3.115719331758600052e+00
4.111036326011564546e-01 6.373801618247298961e-02 -3.236239468181210555e+00 -3.646478120902953535e+00 5.381192142396699296e+01 -1.597961264680610505e+00
3.413269486202263336e-01 5.570298229936065243e-02 -3.932983324026606553e+00 -3.811540387593683299e+00 5.446097532676552078e+01 -1.661180019291656373e+00
4.773132848375722936e-01 7.920136501713770372e-02 -1.512703720785745443e+00 -1.493033528546045874e+00 5.162013417185150388e+01 -3.271724975378441869e+00
4.432265650687277070e-01 6.901440577730835746e-02 -3.050815927953314244e+00 -3.165032354836884387e+00 5.340227218065486170e+01 -1.651031846135174730e+00
3.396673036475597596e-01 5.954946387329073526e-02 -1.488301142108642061e+00 -1.251887397133576663e+00 5.174931181764987542e+01 -4.332655854799211781e+00
3.769106450939525010e-01 6.293517732266583342e-02 -2.676476414241799162e+00 -2.731391721825695562e+00 5.310322078803854851e+01 -2.635885298477131489e+00
4.644622179223137914e-01 7.607392054242423374e-02 -1.589451113473048682e+00 -1.967921519878111480e+00 5.188669602800841574e+01 -3.070322838154014633e+00
2.682119109348502506e-01 4.323328045733240005e-02 -2.670311854686371777e+00 -1.812451942288649587e+00 5.300824299775388937e+01 -3.852597338097176305e+00
4.171023929172567035e-01 7.037895322248420571e-02 -2.063885901421566693e+00 -2.151466175973672623e+00 5.235409871176565844e+01 -3.026281187352972246e+00
4.259450150783788969e-01 6.633640264962853417e-02 -1.897517236626416803e+00 -2.248756585020821319e+00 5.233848365846601070e+01 -2.960101887121307840e+00
4.938112753651194842e-01 7.570837261562161913e-02 -2.098205291796888528e+00 -2.736032926243631369e+00 5.253443270056128256e+01 -2.184088373193306509e+00
4.681720490286587211e-01 7.572004226830189588e-02 -2.820838635933195171e+00 -3.260068469124763002e+00 5.322342315880367636e+01 -1.703293469616906641e+00
3.175750334059324609e-01 5.279141416066662068e-02 -3.585334566177816207e+00 -3.254273935804012030e+00 5.403389926838723056e+01 -2.269111519729138493e+00
2.999366215757111043e-01 4.873476604831979142e-02 -3.915632469509093827e+00 -3.410170848167728419e+00 5.440886135331927420e+01 -2.182278004743646971e+00
3.767965000273304499e-01 6.128075837959069683e-02 -2.508184343350861489e+00 -2.523748987471486238e+00 5.292832213911371042e+01 -2.809389502166296904e+00
3.125190090251278585e-01 5.261047744655654446e-02 -3.595759589751605922e+00 -3.061426283767017864e+00 5.396393029541380315e+01 -2.368045211262555405e+00
3.005971093007595019e-01 4.805521914384663917e-02 -3.734724601730031956e+00 -3.268687105239345136e+00 5.422451067740342268e+01 -2.293823909684516771e+00
4.676682232690612118e-01 7.954648729200072821e-02 -2.753960689964880082e+00 -3.211411479806129954e+00 5.314646136614557292e+01 -1.863757324159772910e+00
3.269981681202374091e-01 5.411995972386706572e-02 -3.500702223576750427e+00 -3.099692722358730279e+00 5.389650088266542127e+01 -2.332610892776326494e+00
4.863151652815420611e-01 8.045447331887375930e-02 -2.483619149487877209e+00 -3.152501100099173392e+00 5.294612513588194957e+01 -1.859375567662380879e+00
2.734533403223443626e-01 4.651003607427356412e-02 -3.668669188844580376e+00 -3.152269269213330727e+00 5.416140556582585930e+01 -2.651472976517708524e+00
3.029511422154259059e-01 4.960296203174590496e-02 -2.026539802677390867e+00 -1.391690182496513106e+00 5.232197292048631709e+01 -4.187123567129503954e+00
3.534606351337525321e-01 5.522200657212831404e-02 -3.752216842946875630e+00 -3.791760538828162108e+00 5.432081877769385159e+01 -1.580074465213348933e+00
4.497460999030394868e-01 7.223919547812635011e-02 -3.084780629862260426e+00 -3.438994310703494595e+00 5.352351355541184574e+01 -1.579226829926799525e+00
3.375167620601816632e-01 5.688120989175558112e-02 -3.327480210503737545e+00 -3.099354868497743887e+00 5.375575130262846102e+01 -2.376360761343894179e+00
3.166858218344604237e-01 5.316447322109357082e-02 -2.008599270399737069e+00 -3.167718472615289826e+00 5.302303030704428721e+01 -3.331729432412456227e+00
2.825700843889663028e-01 4.865263787072276330e-02 -3.684327508203196544e+00 -2.791058917129761507e+00 5.399640749175702581e+01 -2.747624289729919234e+00
4.759329552844664413e-01 8.307308090203274764e-02 -1.846581163305025086e+00 -2.781106736294542081e+00 5.236640409058796308e+01 -2.599454566595919669e+00
3.215941258611919595e-01 5.183342063106651659e-02 -2.539796163745029034e+00 -2.301776166679957214e+00 5.299594440615202728e+01 -3.299271165869391176e+00
3.710170644043049859e-01 5.808186088851229750e-02 -3.040760909896521369e+00 -3.307714512439325460e+00 5.361316332608289059e+01 -2.158737730497538809e+00
2.632463811745759386e-01 4.348388415618945069e-02 -2.360286558225782816e+00 -1.359287470523439012e+00 5.265282063626139575e+01 -4.335905691703209719e+00
4.072483692869364735e-01 6.975635108086326863e-02 -2.097988450612446432e+00 -2.165377321723974013e+00 5.241636809799975083e+01 -3.083866973573470283e+00
4.031403930990523632e-01 6.492278497501073609e-02 -2.914507705379394409e+00 -3.256641225284730545e+00 5.345123008901520478e+01 -2.094681331096394761e+00
3.109819115362211783e-01 5.084234607219054874e-02 -3.486616598939436873e+00 -3.072411891949149876e+00 5.394274238691296119e+01 -2.493426092541190187e+00
4.524398876404817638e-01 7.452246865851937241e-02 -1.867915795240112864e+00 -1.919254828028244209e+00 5.208565408808612318e+01 -3.013357073395770858e+00
4.115160019824610771e-01 6.638899237963585831e-02 -2.896202610711544612e+00 -2.813993759641893355e+00 5.320280793630326599e+01 -2.155158874125477908e+00
3.926392559560792361e-01 6.769261739396371935e-02 -2.065654385288480555e+00 -2.121353728434822727e+00 5.238862141343489753e+01 -3.248707810821327868e+00
3.976378290640010249e-01 6.668404308268988112e-02 -2.676829467434533427e+00 -2.905609403528242929e+00 5.312047733279923278e+01 -2.404718639251308243e+00
4.282065566567970771e-01 6.959205961106143534e-02 -2.052870853523126371e+00 -2.284465113682733417e+00 5.242741489474007466e+01 -2.922323485976707325e+00
2.682119109348502506e-01 4.323328045733240005e-02 -2.670311854686371777e+00 -1.812451942288649587e+00 5.300824299775388937e+01 -3.852597338097176305e+00
4.118253218795704385e-01 6.943781347161442907e-02 -2.140597920290135292e+00 -2.212701595348276484e+00 5.244327696983226872e+01 -2.990761006483220186e+00
4.003706204449907213e-01 6.302368380765681344e-02 -1.816669737484965630e+00 -2.039995879757954267e+00 5.224871464616298766e+01 -3.269759786755997766e+00
4.662333056375912443e-01 7.332619913517894605e-02 -2.132582167731889911e+00 -2.652415937899026410e+00 5.256474518423991071e+01 -2.400291692332188198e+00
4.330470123333661769e-01 7.101292947525349175e-02 -3.107238155570182681e+00 -3.356902639619708140e+00 5.352237450023635290e+01 -1.773686493537282693e+00
3.239143523873475039e-01 5.455984302062732300e-02 -3.529554420021909777e+00 -3.248892260281271316e+00 5.396272763893681912e+01 -2.259884259567660258e+00
3.082556145234407463e-01 5.041121917680223274e-02 -3.759297316071974038e+00 -3.309712185464936063e+00 5.424210744708673815e+01 -2.262410722348297654e+00
3.957613836433248600e-01 6.482705329674307015e-02 -2.246626688442966646e+00 -2.384345041932089515e+00 5.265062982052499052e+01 -2.898708558351948295e+00
3.117642334176558561e-01 5.155566853579800213e-02 -3.209778464238417506e+00 -2.774888725844862680e+00 5.361742798241537855e+01 -2.737451902739790555e+00
2.688681562869091879e-01 4.281074351394424660e-02 -3.974588381568278983e+00 -3.398754611769294165e+00 5.451677430790608270e+01 -2.333489797898368856e+00
4.626999437894780964e-01 7.861001528549810269e-02 -2.783126169869820643e+00 -3.213114714481240419e+00 5.317851987191526320e+01 -1.876546434981900990e+00
3.269981681202374091e-01 5.411995972386706572e-02 -3.500702223576750427e+00 -3.099692722358730279e+00 5.389650088266542127e+01 -2.332610892776326494e+00
4.570779553490946223e-01 7.633605272529571384e-02 -2.425231836492078408e+00 -2.871227132797897763e+00 5.284292262342996338e+01 -2.225166538881265588e+00
3.299458992900018428e-01 5.428721135992612551e-02 -3.274528975893271188e+00 -3.129567020839949976e+00 5.378408951192584908e+01 -2.480154423436879085e+00
2.963000787849775497e-01 4.821397564511777090e-02 -2.008079630662820581e+00 -1.326553586064953771e+00 5.230158558892255627e+01 -4.275133718666736193e+00
3.515141596048053652e-01 5.493642302905919067e-02 -3.757333618860778657e+00 -3.782717460410560673e+00 5.432532772044525871e+01 -1.597410575092101936e+00
4.605864953042518861e-01 7.391081775193159009e-02 -3.162928743238214935e+00 -3.590181971409982076e+00 5.361224395718037528e+01 -1.386640979280824304e+00
3.375167620601816632e-01 5.688120989175558112e-02 -3.327480210503737545e+00 -3.099354868497743887e+00 5.375575130262846102e+01 -2.376360761343894179e+00
2.837740032015833580e-01 4.784551660722276278e-02 -1.647080558873631251e+00 -3.333607367248993203e+00 5.294555716459103678e+01 -3.729881287898951570e+00
2.924768347297264648e-01 5.010176278590808274e-02 -3.645601454191362834e+00 -2.910624587651043704e+00 5.398841654289491743e+01 -2.622485979496377961e+00
4.723391399827395198e-01 8.092747327983622341e-02 -2.154841835880600520e+00 -2.970574989165554847e+00 5.265815335275224385e+01 -2.315439358277215032e+00
3.107929925377544977e-01 4.882534574271911454e-02 -2.181905350717233461e+00 -2.062627768343863632e+00 5.271857183261347046e+01 -3.704573124715171417e+00
3.590689313987679432e-01 5.688065012742458959e-02 -3.144474855318899476e+00 -3.304681572422913938e+00 5.370559019972899506e+01 -2.205373973587166248e+00
2.690282108773305314e-01 4.437515682772361081e-02 -2.496710065729859984e+00 -1.566784770527713810e+00 5.280905872214090380e+01 -4.112740615449782311e+00
3.946078361529881118e-01 6.763372008196180674e-02 -2.163492681439989518e+00 -2.292070166866255310e+00 5.254111346363779944e+01 -3.066385104950269724e+00
4.065970146522120410e-01 6.491349294498939548e-02 -3.291150674747213234e+00 -3.736824651163068278e+00 5.389193432289895469e+01 -1.643036942090706054e+00
3.115975776520092944e-01 5.096833778913116564e-02 -3.487158051417012405e+00 -3.073460569135709086e+00 5.394096485998843349e+01 -2.487244344085828285e+00
4.301625332372081001e-01 7.388389199494571624e-02 -1.743911235269997029e+00 -1.479442286957980190e+00 5.184399914855977443e+01 -3.459895460092205166e+00
3.985235433269050942e-01 6.460001558054469240e-02 -2.984468900711886974e+00 -2.845128482867045339e+00 5.329963492803542380e+01 -2.185739903818665564e+00
4.041969909511805570e-01 7.023466940325273633e-02 -1.757628372321499821e+00 -1.856326432810996963e+00 5.204813716005006796e+01 -3.494200165881210296e+00
4.146119012991980601e-01 6.973049606530812294e-02 -2.841108964414167382e+00 -3.216834362077415577e+00 5.331060964485710940e+01 -2.050827559245027132e+00
4.044705490831493888e-01 6.352952209335652189e-02 -1.575203642262696935e+00 -1.696991209314410831e+00 5.194927709673519445e+01 -3.586811014697395272e+00
2.682119109348502506e-01 4.323328045733240005e-02 -2.670311854686371777e+00 -1.812451942288649587e+00 5.300824299775388937e+01 -3.852597338097176305e+00
4.229117600079272954e-01 7.101907267151615077e-02 -2.003514204309634117e+00 -2.109748216983033053e+00 5.228992096509532672e+01 -3.044197212677770104e+00
4.332539007289867294e-01 6.972938739245400364e-02 -1.944335976213274364e+00 -2.282283820292840826e+00 5.234229906300227242e+01 -2.872772687653070811e+00
4.649898907586452190e-01 7.112430850798517890e-02 -2.088786269643704507e+00 -2.605354129889940751e+00 5.253409710696876544e+01 -2.414896838817631952e+00
4.140567494987431596e-01 7.181704750994183373e-02 -3.895040606156206842e+00 -3.749568534708708878e+00 5.417970642962644234e+01 -1.310492020992240603e+00
3.387162044822021323e-01 5.492638165127340655e-02 -3.788739094382581829e+00 -3.470984590325954855e+00 5.421138889498156033e+01 -1.848008990833372334e+00
3.145495735408450066e-01 5.120353941468677034e-02 -3.798108070929238522e+00 -3.409696134078391339e+00 5.429643842481156923e+01 -2.137259586945154055e+00
3.722208972289584028e-01 6.220777888468827926e-02 -2.454045159524300690e+00 -2.465888043242519423e+00 5.286069867450098769e+01 -2.909598582726222293e+00
3.119744938869127848e-01 5.233072806383400749e-02 -3.378843712853484504e+00 -2.682221604229380052e+00 5.366474891992988461e+01 -2.648116277826415121e+00
2.661841887615404301e-01 4.241695641311598458e-02 -3.981643831371407760e+00 -3.386285239079398046e+00 5.452299162517441999e+01 -2.357394314158054449e+00
4.850705977769496080e-01 8.281040047261355175e-02 -2.730155665036686941e+00 -3.272927771046854950e+00 5.311355556722148208e+01 -1.747174125322913829e+00
3.203589166690964385e-01 5.284300940040437267e-02 -3.622046509997951524e+00 -3.170092952478145598e+00 5.401909636389520841e+01 -2.270832041244024602e+00
4.389089999781911611e-01 7.336448128682497571e-02 -2.401221455866242138e+00 -2.740361001741550062e+00 5.280050838421346526e+01 -2.410067783267607400e+00
3.218740394005096261e-01 5.354606142910137145e-02 -3.230963300313507869e+00 -2.988783936282352727e+00 5.371452720941491066e+01 -2.649198279904948272e+00
2.821604196203170156e-01 4.564249750636809044e-02 -1.908522793458385269e+00 -1.100642723309765980e+00 5.218099530524111884e+01 -4.540964557070884311e+00
3.606049155634487025e-01 5.725182308839097539e-02 -3.544371387796166673e+00 -3.609843632548034975e+00 5.408785743741722030e+01 -1.756527156248091082e+00
4.627547111298798144e-01 7.257188884658277717e-02 -3.365117337364798011e+00 -3.657464968297372554e+00 5.377183704842193634e+01 -1.174380985713859626e+00
3.124280525195541336e-01 5.285794361365336175e-02 -3.902137736831745585e+00 -3.613884588087416638e+00 5.439482733999829378e+01 -1.966599016946493528e+00
2.998639199977174430e-01 5.206560477375498514e-02 -1.527601857500773708e+00 -3.628679417433138710e+00 5.293343455213471316e+01 -3.581955603922093001e+00
3.072707619986800864e-01 5.208093239091016180e-02 -3.501426333551361125e+00 -2.875071000889122708e+00 5.385180662982668309e+01 -2.619510922686499210e+00
4.978999440221527073e-01 8.663368930589200601e-02 -2.037558966439771968e+00 -3.142176170561272741e+00 5.259061300065749833e+01 -2.166610179334485853e+00
3.166910272556200390e-01 4.996816804959238606e-02 -2.266169884300259341e+00 -2.165445070279231388e+00 5.279694572338313918e+01 -3.562958857556965508e+00
3.867559065055833911e-01 6.283145275510050587e-02 -2.970911239091397427e+00 -3.185190838172629046e+00 5.347425077695473306e+01 -2.202457869137913526e+00
2.690282108773305314e-01 4.437515682772361081e-02 -2.496710065729859984e+00 -1.566784770527713810e+00 5.280905872214090380e+01 -4.112740615449782311e+00
4.377466733021237455e-01 7.634047234784908931e-02 -1.157395522426948986e+00 -1.610409720936828659e+00 5.151385432550524257e+01 -3.740425510626646854e+00
4.149172092108971421e-01 6.718582789799432131e-02 -3.367995449692728460e+00 -3.764337214882584881e+00 5.392175763146269674e+01 -1.550269280141406414e+00
3.104122316672918713e-01 5.106914839671369138e-02 -3.448494851652512239e+00 -3.024902724142714217e+00 5.389553657475913440e+01 -2.542368112299236760e+00
4.301625332372081001e-01 7.388389199494571624e-02 -1.743911235269997029e+00 -1.479442286957980190e+00 5.184399914855977443e+01 -3.459895460092205166e+00
4.204263118681643152e-01 6.732752937539304705e-02 -3.177699879185576393e+00 -3.234503405822136024e+00 5.354380087939023980e+01 -1.723360874342617644e+00
4.054859285519431533e-01 7.155399010748152155e-02 -1.469453536458864118e+00 -1.623943260270074740e+00 5.175419045211227598e+01 -3.801960210965388498e+00
3.887174128781383797e-01 6.556897461299718288e-02 -2.814659164764002686e+00 -2.934327299768602515e+00 5.323965758740892085e+01 -2.384823232271635618e+00
4.076462738767971938e-01 6.560860538485654980e-02 -1.414503017512236838e+00 -1.496763324734054379e+00 5.174311425603625025e+01 -3.773903403618182217e+00
2.682119109348502506e-01 4.323328045733240005e-02 -2.670311854686371777e+00 -1.812451942288649587e+00 5.300824299775388937e+01 -3.852597338097176305e+00
4.149624697270533069e-01 6.976361929813150453e-02 -2.122790885699265662e+00 -2.177439896357158844e+00 5.241398005117361691e+01 -2.999422033808553767e+00
4.026977940398592248e-01 6.450729222169862553e-02 -2.288187859066677987e+00 -2.446232170215397517e+00 5.270818609161676704e+01 -2.802699209641194678e+00
4.649898907586452190e-01 7.112430850798517890e-02 -2.088786269643704507e+00 -2.605354129889940751e+00 5.253409710696876544e+01 -2.414896838817631952e+00
4.391124051615808432e-01 7.206749429617663461e-02 -2.636744161912663920e+00 -2.826647760711805013e+00 5.296398745209333470e+01 -2.220637401571840641e+00
3.449424577490034505e-01 5.611398278823804403e-02 -3.353013275072351362e+00 -3.123963507033145959e+00 5.378480538547733403e+01 -2.259722876505980693e+00
3.073187434424126674e-01 4.986065234227232690e-02 -3.845148778804169609e+00 -3.416410165884533168e+00 5.434819950383943166e+01 -2.152191206763088172e+00
4.007470904403416245e-01 6.506945809729489105e-02 -2.336807299027988893e+00 -2.507094227730914504e+00 5.275511967289958193e+01 -2.761810100143348823e+00
3.488059160483896748e-01 5.834078763634562015e-02 -2.376146306868779590e+00 -1.813844503220542581e+00 5.257817384775899683e+01 -3.414119686154689415e+00
2.853400839389900190e-01 4.592317849898611137e-02 -3.818660878973444639e+00 -3.311982800803603855e+00 5.433591982194604242e+01 -2.358134355566633200e+00
4.210725580101717935e-01 7.059857114333747963e-02 -2.670415118410592648e+00 -2.806193838835855381e+00 5.302604754929055275e+01 -2.348288462272311694e+00
3.279085863378550791e-01 5.330428800825257746e-02 -3.841036037203144460e+00 -3.609391830387402855e+00 5.433816497713257831e+01 -1.931110222411196009e+00
4.704042246890543510e-01 7.952844711944706546e-02 -2.048664200001635294e+00 -2.576159124911239218e+00 5.243302505388891888e+01 -2.519545867704822140e+00
2.963980782072226372e-01 5.007967995188716825e-02 -3.296146747454416381e+00 -2.885738663007129556e+00 5.376767048469296384e+01 -2.845291190402727821e+00
2.978808020055623285e-01 4.829577389012676414e-02 -1.837261150299097645e+00 -1.123137380070518665e+00 5.208376366837485705e+01 -4.442152905204814317e+00
3.595756246173384407e-01 5.704002553880753446e-02 -3.559397856514578962e+00 -3.621272801363151661e+00 5.410477937367188872e+01 -1.747936500277407657e+00
4.686472355368505038e-01 7.312924093824091365e-02 -3.408927528898770820e+00 -3.715018477974576960e+00 5.381419246301641834e+01 -1.078043590245726824e+00
3.224492694528344749e-01 5.422802068684771243e-02 -3.794545517341484597e+00 -3.523844974322365431e+00 5.426659524280790947e+01 -1.992966412685544420e+00
3.291280615794144326e-01 5.586001247818049575e-02 -1.948531373484878149e+00 -3.476481094098016644e+00 5.307321916710136378e+01 -3.162469938520656498e+00
2.910861109613526176e-01 5.012675980924123642e-02 -3.646387104356080933e+00 -2.902748515153389164e+00 5.398702592100394781e+01 -2.640507789526792770e+00
4.555270734356242635e-01 8.077907699329364699e-02 -2.098902113869369757e+00 -2.894279250170252116e+00 5.263384696116665395e+01 -2.551084507759201703e+00
3.188120605510972316e-01 5.026823686923098666e-02 -2.292118956241104399e+00 -2.197948958652309770e+00 5.282093020479861423e+01 -3.514500079781377018e+00
3.668422597196616675e-01 5.706321043341326671e-02 -2.879728352197227892e+00 -2.933990319078229714e+00 5.336405200387478942e+01 -2.417164760722634753e+00
2.788061664901023695e-01 4.575004219369997044e-02 -2.608572421331033730e+00 -1.784929100306628769e+00 5.294560040180167704e+01 -3.861159706339147402e+00
4.170556173556920765e-01 7.143154291100865805e-02 -1.567686842163555028e+00 -1.871046436422626025e+00 5.194669932161579595e+01 -3.507522172409755168e+00
3.965231285850227549e-01 6.334995056846502715e-02 -3.506069345679547311e+00 -3.697523684146375444e+00 5.402054636223267181e+01 -1.590441637699354649e+00
3.038335207259356685e-01 5.043410455649367102e-02 -3.517658417533848336e+00 -3.058299496503678050e+00 5.397125833859638533e+01 -2.557172856953260798e+00
4.280531462117634356e-01 7.116189696351903071e-02 -1.652601990158202749e+00 -1.721111489424955732e+00 5.192155204653125367e+01 -3.408604303353612419e+00
3.606906515822158599e-01 5.875266743770400646e-02 -3.598669404496220636e+00 -3.427295526563219230e+00 5.402442334320712547e+01 -1.838129534131276444e+00
4.052844698666039913e-01 7.147365435810124068e-02 -1.481413508228189624e+00 -1.634724948478205597e+00 5.176725342505414318e+01 -3.790040229753957046e+00
3.545066179726037436e-01 5.938607131596736199e-02 -3.259505698451206079e+00 -3.199560409243195735e+00 5.371225220162874336e+01 -2.258711984862994182e+00
4.036916736460066102e-01 6.553923445300750827e-02 -1.760342478725884341e+00 -1.858928247194285621e+00 5.211558386179088842e+01 -3.418814040872408366e+00
2.696011286725789047e-01 4.355830289686870443e-02 -2.613534164578425578e+00 -1.757825650818195307e+00 5.294227585407377035e+01 -3.903954954651183140e+00
3.807927290057826486e-01 6.243249697901028655e-02 -2.853178768972272294e+00 -2.891819396155228983e+00 5.327303903087558723e+01 -2.432015040814431650e+00
4.258016189513699756e-01 6.935991639168671841e-02 -1.861433607801179280e+00 -1.982349393484328814e+00 5.218847866532977520e+01 -3.137550692722483880e+00
4.648801321724113089e-01 7.112218500579529923e-02 -2.086521793581197048e+00 -2.602697827544389497e+00 5.253170379972368664e+01 -2.418499910597691205e+00
3.917068830385260214e-01 6.585462396725902390e-02 -3.095676183029638651e+00 -3.021133750421183706e+00 5.343614501612677259e+01 -2.198056432262053939e+00
3.627866364807171840e-01 5.882042158481763650e-02 -3.418670073033458934e+00 -3.240940478091562493e+00 5.382168297716057737e+01 -2.021700630577058178e+00
3.200741891658982485e-01 5.188496684519175450e-02 -3.897580253883883739e+00 -3.549376148908343964e+00 5.441255430049542952e+01 -1.970349570568822539e+00
4.004568215453875868e-01 6.502034265592943063e-02 -2.446596956177109039e+00 -2.622915687315119371e+00 5.287274046559896590e+01 -2.637514121939851020e+00
3.707894327687187297e-01 6.259117234390530748e-02 -2.200066896048987530e+00 -1.874817141648934982e+00 5.245239948510906913e+01 -3.383107107861562213e+00
2.945977155827010363e-01 4.816250561900165678e-02 -3.845689420944482517e+00 -3.399179169937907030e+00 5.435051863227772628e+01 -2.231046302684205784e+00
4.335857352155419453e-01 6.983154663455928834e-02 -3.634564881005353687e+00 -3.755322130516323575e+00 5.404711328255577030e+01 -1.181259231316050151e+00
3.237575787799117921e-01 5.284947785018601074e-02 -3.780755833356669982e+00 -3.510182214222177244e+00 5.426810328364863523e+01 -2.044750184723171049e+00
4.303701728721454067e-01 7.184319169403971528e-02 -2.268174200516258399e+00 -2.500664054218792565e+00 5.264101574496684322e+01 -2.677750428875935729e+00
2.701723280171940411e-01 4.601048883333445916e-02 -2.894386090515565613e+00 -2.350890517824171244e+00 5.336993080067125561e+01 -3.586729539614736950e+00
2.944569757582538028e-01 4.833524656979149708e-02 -2.397532676407335472e+00 -1.673307938944294859e+00 5.268366235556973010e+01 -3.910671368545570292e+00
3.407367605930928800e-01 5.290012120550782737e-02 -3.526815348443789411e+00 -3.581636749560829003e+00 5.412595364260654662e+01 -1.896799005437005192e+00
4.517959983238772903e-01 7.026657272078240535e-02 -3.408167780115654022e+00 -3.645106650801259285e+00 5.382655259818749727e+01 -1.237429124601235886e+00
3.231548226669751500e-01 5.431902471822357831e-02 -3.785549096234660738e+00 -3.517084769351034979e+00 5.425664887761982413e+01 -1.996561795129403016e+00
3.571154120031682089e-01 6.256431286523600477e-02 -1.225172614257300285e+00 -2.825901857173375831e+00 5.225150928261699335e+01 -3.753587549511900878e+00
2.830023521728072255e-01 4.914695533760869706e-02 -3.619580912913469284e+00 -2.775344442814413171e+00 5.393815584810960218e+01 -2.789147235279049397e+00
4.555270734356242635e-01 8.077907699329364699e-02 -2.098902113869369757e+00 -2.894279250170252116e+00 5.263384696116665395e+01 -2.551084507759201703e+00
3.499076553187259186e-01 5.436147377940596381e-02 -2.206706840344570431e+00 -2.632482155165789095e+00 5.286479730022774248e+01 -3.091155342890648861e+00
3.375175269021364888e-01 5.270347638005591639e-02 -3.161358856254217642e+00 -3.148072111029308395e+00 5.370719759527842285e+01 -2.386690855348981621e+00
2.631136116780918299e-01 4.271794968986054875e-02 -2.192104988592568304e+00 -1.172014299213079536e+00 5.248169231886165420e+01 -4.520938546250832246e+00
4.170556173556920765e-01 7.143154291100865805e-02 -1.567686842163555028e+00 -1.871046436422626025e+00 5.194669932161579595e+01 -3.507522172409755168e+00
3.810185913185533679e-01 6.210907154590794566e-02 -3.000478983279385226e+00 -2.963626256337758669e+00 5.340904621621588433e+01 -2.329475139105640746e+00
3.007124007600016635e-01 4.954554913763740270e-02 -3.369430851614436229e+00 -2.857003488554081372e+00 5.379699986098333397e+01 -2.742854118855053258e+00
4.265476013514042375e-01 6.904554551985098154e-02 -1.455512626366448181e+00 -1.303535076382373648e+00 5.162604411858289666e+01 -3.678228494247123948e+00
3.549222398917192267e-01 5.743184259384151447e-02 -3.692216294067103277e+00 -3.502833663458761571e+00 5.413383159236776976e+01 -1.771190179173652846e+00
4.058934363179675375e-01 6.929201358558687018e-02 -2.274817215094277145e+00 -2.426855214753837586e+00 5.262355192702489859e+01 -2.889382787063092373e+00
3.547221128819323388e-01 5.881302184634223246e-02 -3.235165865595196699e+00 -3.178515985161513235e+00 5.369490828433791307e+01 -2.270334482603060700e+00
4.164258305795159321e-01 6.683626638473215420e-02 -1.314689853242676287e+00 -1.240658079459505014e+00 5.155716874104406600e+01 -3.884975057861133951e+00
2.713125724320338272e-01 4.368501653135905410e-02 -2.588709521628028476e+00 -1.775676772396482583e+00 5.293177511352963904e+01 -3.893901011275166635e+00
4.029318089454934637e-01 6.662363252837869010e-02 -2.083649787146052645e+00 -2.327319542289230991e+00 5.248346037505358197e+01 -3.046337231875980045e+00
4.260899165317501014e-01 6.984333129982653321e-02 -1.749404241438727858e+00 -2.070238951179476317e+00 5.214372124362235184e+01 -3.163044883135905927e+00
4.648801321724113089e-01 7.112218500579529923e-02 -2.086521793581197048e+00 -2.602697827544389497e+00 5.253170379972368664e+01 -2.418499910597691205e+00
4.324793782204677806e-01 7.299862839480401877e-02 -2.343600923339567377e+00 -2.519311219509510202e+00 5.268003782804886015e+01 -2.638741777580098091e+00
4.032364496303250112e-01 6.520376178778566900e-02 -3.220595768643919499e+00 -3.148408564223283523e+00 5.353694758074396276e+01 -1.856378227324622543e+00
2.996367348659259022e-01 4.865565769419208375e-02 -3.416723388387314930e+00 -2.859755975665736472e+00 5.385973334385381861e+01 -2.712793062689157431e+00
3.844275131324348393e-01 6.356379445547959139e-02 -2.485052525073399909e+00 -2.870308978577660319e+00 5.302381738376868014e+01 -2.647256599391365484e+00
3.675923535629861405e-01 6.167717719238411528e-02 -2.293747292188393683e+00 -2.019482713933935081e+00 5.258346377787220405e+01 -3.282109603497061379e+00
3.047249992532483076e-01 4.953029227114295885e-02 -3.924693671464337896e+00 -3.528705786436757030e+00 5.443476939041893559e+01 -2.048266821250192216e+00
4.588445022858265165e-01 7.368677486634436780e-02 -3.324722508720918235e+00 -3.471926301558356354e+00 5.369526917616398975e+01 -1.366015982451526556e+00
3.014101512864991728e-01 5.119111930867439875e-02 -3.413832472160392317e+00 -3.325074560235746546e+00 5.399523182728136561e+01 -2.548089810693481283e+00
4.130548267287665887e-01 6.522469272962377884e-02 -2.164248788725390060e+00 -1.918845403445282205e+00 5.237961010283797947e+01 -3.028679900551897841e+00
2.699557129532477173e-01 4.645226458320174390e-02 -2.952456227632416663e+00 -2.460165301920470782e+00 5.345316832497166359e+01 -3.528375412104660214e+00
2.944868362037714737e-01 4.829859651874882087e-02 -2.704784768991098431e+00 -2.039482076690956269e+00 5.303731542592061743e+01 -3.554309173507775199e+00
3.825153727585350327e-01 6.123613425780211061e-02 -2.727278152662696797e+00 -2.919271611934560084e+00 5.321080763043252659e+01 -2.446849264445043914e+00
4.410688072660886028e-01 6.874844383511377610e-02 -3.419904546529981548e+00 -3.601748861315300143e+00 5.383926958400937224e+01 -1.329099156928728265e+00
3.231548226669751500e-01 5.431902471822357831e-02 -3.785549096234660738e+00 -3.517084769351034979e+00 5.425664887761982413e+01 -1.996561795129403016e+00
3.888569353860322764e-01 6.564135160898940113e-02 -1.556552535529092784e+00 -2.591430968100994381e+00 5.231381909649027762e+01 -3.387217732010698867e+00
2.836068836187366493e-01 4.910229860056682799e-02 -3.571426983305053149e+00 -2.736609403521551354e+00 5.389073653336204472e+01 -2.829424573959689937e+00
4.163399297046239678e-01 7.126995370672968566e-02 -2.184821727502651800e+00 -2.442162019495088376e+00 5.257833512607739834e+01 -2.890145731924472994e+00
3.521017318290982079e-01 5.471184924837322466e-02 -2.099100570199035509e+00 -2.572107009105728537e+00 5.276657818715998616e+01 -3.167316593000300884e+00
3.160439416773166421e-01 4.787794009681002605e-02 -3.485780744625228245e+00 -3.328543456915590060e+00 5.405198675214098358e+01 -2.231649009524514948e+00
2.631136116780918299e-01 4.271794968986054875e-02 -2.192104988592568304e+00 -1.172014299213079536e+00 5.248169231886165420e+01 -4.520938546250832246e+00
4.214219287982928219e-01 7.062703176468709820e-02 -1.253845756983524851e+00 -1.491461289068019447e+00 5.159989451851399878e+01 -3.812646530115944010e+00
4.382351570186366896e-01 7.170656645807740870e-02 -3.385268161235563511e+00 -3.732001544919927749e+00 5.382915743900076677e+01 -1.344777252904715947e+00
2.852406847866253981e-01 4.668989164512021839e-02 -3.565085070494473207e+00 -2.937885996287187496e+00 5.399311912178515627e+01 -2.692485099564294160e+00
4.265476013514042375e-01 6.904554551985098154e-02 -1.455512626366448181e+00 -1.303535076382373648e+00 5.162604411858289666e+01 -3.678228494247123948e+00
3.713521687831862206e-01 5.936642691077710643e-02 -3.411558738730685825e+00 -3.186288832895065593e+00 5.379320904086407751e+01 -1.941098210528571455e+00
3.802048941872819277e-01 6.358029676991686086e-02 -1.243623269625241168e+00 -1.302651676210825116e+00 5.154544995920507944e+01 -4.136994536751990026e+00
4.179601419084884029e-01 6.835236688582659037e-02 -3.132313738980393225e+00 -3.527596002905586836e+00 5.362921595163984279e+01 -1.693839862507493743e+00
4.275866508742821592e-01 6.865826092123072932e-02 -1.176212303963361627e+00 -1.023958854978120891e+00 5.135839561416588595e+01 -4.001095156018657839e+00
2.713125724320338272e-01 4.368501653135905410e-02 -2.588709521628028476e+00 -1.775676772396482583e+00 5.293177511352963904e+01 -3.893901011275166635e+00
3.894822781298192815e-01 6.348154255033915117e-02 -2.466006758441584346e+00 -2.725413875938643038e+00 5.293082148178098123e+01 -2.683834474741294329e+00
4.260899165317501014e-01 6.984333129982653321e-02 -1.749404241438727858e+00 -2.070238951179476317e+00 5.214372124362235184e+01 -3.163044883135905927e+00
4.583226928061788774e-01 7.063367743870169191e-02 -2.140326564890249195e+00 -2.611494538085763040e+00 5.257722511843231672e+01 -2.426854491975475092e+00
4.556226795748004044e-01 7.839850952802301931e-02 -2.132699666877655442e+00 -2.309291254865802667e+00 5.239884823145884241e+01 -2.750019746768198381e+00
4.042086268338668797e-01 6.531766199722213728e-02 -3.107024699834378900e+00 -3.150227275177600816e+00 5.347705264454130969e+01 -1.941432614695300485e+00
2.962391323556146094e-01 4.803182088310242043e-02 -3.082339048669787029e+00 -2.410797528846883253e+00 5.347868859985130285e+01 -3.153490575810517615e+00
3.828304361710977433e-01 6.273673060032504412e-02 -2.454596879499706841e+00 -2.854142763091434887e+00 5.300428322683588789e+01 -2.667191637401967519e+00
3.894948835212816429e-01 6.515395124539104243e-02 -2.725749353947994447e+00 -2.567480103494601984e+00 5.303700895432372420e+01 -2.616084212055704850e+00
3.006217412751828744e-01 4.948722597060122019e-02 -3.846195441572682228e+00 -3.372873028427136433e+00 5.432124558974906137e+01 -2.208301829334136990e+00
4.786572253055109138e-01 7.700726009147366991e-02 -3.308784872219148188e+00 -3.538401052762541354e+00 5.367875839260931770e+01 -1.245938191162828668e+00
2.914855618713543262e-01 5.009469393615203353e-02 -2.798171390074471798e+00 -2.734648433364865738e+00 5.336567852172716186e+01 -3.288602805263874274e+00
4.311127359724304942e-01 6.615974850754902103e-02 -2.884691294737537159e+00 -2.898205234832479604e+00 5.322559317320709482e+01 -1.997886126632553383e+00
2.701289762570129316e-01 4.610022353559456443e-02 -2.883144012527091515e+00 -2.332688530207350563e+00 5.335213119616866351e+01 -3.604458299248267661e+00
2.751122613543910966e-01 4.524949509313860863e-02 -2.627385025397658502e+00 -1.857295939882291469e+00 5.296536328592929266e+01 -3.839309060390352801e+00
3.791683505042660052e-01 6.181893680749538100e-02 -2.879711296071052473e+00 -2.962712709799332433e+00 5.332535459130517097e+01 -2.371376524000905928e+00
4.394174612886971865e-01 7.010893007420870848e-02 -3.320777079440310864e+00 -3.538750991063794427e+00 5.374028089183083523e+01 -1.462285974406566602e+00
3.585711781496123129e-01 6.033784209998221959e-02 -3.965328384875867140e+00 -3.987477864267218841e+00 5.446020666195421001e+01 -1.404724665714233600e+00
4.121264639598715696e-01 6.984362038681563023e-02 -1.140800968340218713e+00 -2.526220882046360305e+00 5.196512136287814343e+01 -3.515092722663847091e+00
2.836068836187366493e-01 4.910229860056682799e-02 -3.571426983305053149e+00 -2.736609403521551354e+00 5.389073653336204472e+01 -2.829424573959689937e+00
4.115472286110143929e-01 7.188487661363632264e-02 -3.064294343638407803e+00 -3.340536596785581125e+00 5.350272752858067804e+01 -2.018719519630555848e+00
4.013991518616358833e-01 6.316310912798524246e-02 -2.001319399703842539e+00 -2.372045565625574337e+00 5.249412523581916901e+01 -3.008413399825511370e+00
3.526269059576920828e-01 5.380142682594434012e-02 -3.527861983122185574e+00 -3.504676755671197963e+00 5.406743263603044625e+01 -1.877790363252383354e+00
2.659231577240609434e-01 4.303524921335376285e-02 -2.332820214668994030e+00 -1.370072460471434717e+00 5.264398511752341392e+01 -4.318931339318807794e+00
4.200708811318961677e-01 7.065707145237380693e-02 -1.476881039261446205e+00 -1.714825041684508555e+00 5.183297434438686224e+01 -3.590984852382391068e+00
4.382351570186366896e-01 7.170656645807740870e-02 -3.385268161235563511e+00 -3.732001544919927749e+00 5.382915743900076677e+01 -1.344777252904715947e+00
2.871048488506193208e-01 4.720544191271362766e-02 -3.492852772263041583e+00 -2.874357925624847709e+00 5.391202635255724118e+01 -2.750417409484505971e+00
4.340386057134820730e-01 6.954869083832727894e-02 -1.527986407983059625e+00 -1.563481331551466846e+00 5.176505401004675377e+01 -3.442294137188622649e+00
3.612620347920140196e-01 5.830239386207618224e-02 -3.345508698875519826e+00 -2.958074522294404929e+00 5.368840434984900156e+01 -2.166559147705314547e+00
3.756875086140695763e-01 6.216824156385643285e-02 -1.493621742556497933e+00 -1.416247690860274577e+00 5.179020892571484325e+01 -3.976496773540489027e+00
4.197144825062366635e-01 6.845160338037052650e-02 -3.175714067981244781e+00 -3.582836493322035132e+00 5.367967508826940559e+01 -1.626648162864988922e+00
4.221014491209075237e-01 6.719437585186252559e-02 -1.165270701978061263e+00 -1.096103502088511261e+00 5.139645898366924825e+01 -3.982011990620140107e+00
2.713125724320338272e-01 4.368501653135905410e-02 -2.588709521628028476e+00 -1.775676772396482583e+00 5.293177511352963904e+01 -3.893901011275166635e+00
3.894822781298192815e-01 6.348154255033915117e-02 -2.466006758441584346e+00 -2.725413875938643038e+00 5.293082148178098123e+01 -2.683834474741294329e+00
4.123292450454939528e-01 6.458637995963924239e-02 -1.145777605402985566e+00 -1.224633362285119320e+00 5.146427107724554872e+01 -3.948014228083063681e+00
4.848723862933587703e-01 7.423641078641828039e-02 -3.067711306804769222e+00 -3.808874321740409741e+00 5.362753210644589075e+01 -1.167999866011732557e+00
4.556226795748004044e-01 7.839850952802301931e-02 -2.132699666877655442e+00 -2.309291254865802667e+00 5.239884823145884241e+01 -2.750019746768198381e+00
3.778592626121802245e-01 6.193724450078986338e-02 -2.857984482554711825e+00 -2.958382380027469338e+00 5.329931256483563118e+01 -2.410273647868645064e+00
2.686311051947423700e-01 4.380199257300017301e-02 -3.341043616666188321e+00 -2.516751807378856398e+00 5.375978890695697743e+01 -3.155015589692293787e+00
3.777414934000568048e-01 6.196254597565824251e-02 -2.830502905754646470e+00 -3.653212881811780832e+00 5.357495191469386953e+01 -2.083887646073773858e+00
3.776290161750096575e-01 6.231778393162791529e-02 -2.595827038037998413e+00 -2.343103075832519977e+00 5.289423631121652392e+01 -2.852891938730746091e+00
3.074631362493986386e-01 5.065513799012662244e-02 -3.919585068192864785e+00 -3.497763866423236667e+00 5.440578934463305671e+01 -2.055493859751035046e+00
4.631170381602862651e-01 7.501908126790141074e-02 -3.292434034657242492e+00 -3.589674680053537070e+00 5.369919892022591767e+01 -1.328944668145674690e+00
3.288210739462421039e-01 5.539228417611000155e-02 -2.686196371015741935e+00 -2.528791356461258744e+00 5.313175005600498224e+01 -3.132502215557580794e+00
4.317963493844225176e-01 6.677826753226145939e-02 -2.887756606774634971e+00 -2.926553338478518729e+00 5.323383211770562440e+01 -1.989301789662716757e+00
2.623495303015090929e-01 4.506851482789603347e-02 -2.896686363821834753e+00 -2.322699488658975575e+00 5.337478716454413075e+01 -3.668866339744302874e+00
2.751122613543910966e-01 4.524949509313860863e-02 -2.627385025397658502e+00 -1.857295939882291469e+00 5.296536328592929266e+01 -3.839309060390352801e+00
3.573048082093654987e-01 5.844262055851729559e-02 -3.024379500002091881e+00 -3.020628893905196399e+00 5.349043029224329615e+01 -2.409938562554518438e+00
4.780056826372064416e-01 7.725050521514824353e-02 -3.249001814408332134e+00 -3.583431201485532736e+00 5.362100535433929593e+01 -1.250810528073289962e+00
3.612421610650289328e-01 6.031778873634317112e-02 -3.602863894945955270e+00 -3.556066040472197542e+00 5.405538353966628762e+01 -1.810747672069821679e+00
4.167908655646375693e-01 7.082611423053999933e-02 -1.095637824396280546e+00 -2.668304009432504564e+00 5.198751118840567642e+01 -3.456030277680707030e+00
3.078104133738552295e-01 5.360341668015031202e-02 -3.469365521260276974e+00 -2.755833071595305217e+00 5.378262326246109382e+01 -2.726155476168902414e+00
4.448274460194344693e-01 7.856852945549516742e-02 -2.946187843890784475e+00 -3.466927286020663246e+00 5.339088357405131546e+01 -1.825666432838037645e+00
3.981729081869349596e-01 6.221780668317439950e-02 -1.782113188491847522e+00 -2.143942481812603162e+00 5.227151958642372875e+01 -3.265795138209705240e+00
3.530489451832191095e-01 5.404690539212959194e-02 -3.498789917684106854e+00 -3.462790310247392256e+00 5.402900800149333804e+01 -1.913488338369496056e+00
2.659231577240609434e-01 4.303524921335376285e-02 -2.332820214668994030e+00 -1.370072460471434717e+00 5.264398511752341392e+01 -4.318931339318807794e+00
4.440738857093844971e-01 7.639198392741312904e-02 -1.408939240884182764e+00 -1.538500266118647097e+00 5.165504268295781998e+01 -3.610472178690079303e+00
4.485687730249828253e-01 7.288099456881945437e-02 -3.259043635297338426e+00 -3.702258169546627453e+00 5.372400129509533429e+01 -1.373218688079096639e+00
3.056721838101861821e-01 5.027752429480211727e-02 -3.311669487621815566e+00 -2.764539872007015120e+00 5.370532433503854008e+01 -2.770118036618972823e+00
4.406721091279220959e-01 7.016041016997796864e-02 -1.728911270488277641e+00 -1.856491646685777264e+00 5.200809622864330350e+01 -3.145512378263819464e+00
3.868566100470235414e-01 6.251687775250276691e-02 -3.329656676312889196e+00 -3.144072023809467709e+00 5.369890978116265501e+01 -1.944080161388757277e+00
3.756875086140695763e-01 6.216824156385643285e-02 -1.493621742556497933e+00 -1.416247690860274577e+00 5.179020892571484325e+01 -3.976496773540489027e+00
4.036085702345282300e-01 6.762964227259828098e-02 -3.138908274383574337e+00 -3.383058180610039933e+00 5.360195819649636206e+01 -1.915201367363855045e+00
3.803661033411139258e-01 6.171375633466331945e-02 -2.032926471806688618e+00 -2.058144920292981794e+00 5.241265727183473899e+01 -3.305473591614178197e+00
2.700210869804389735e-01 4.338576933534190466e-02 -2.453205223860488005e+00 -1.630862687667018474e+00 5.277954910427020963e+01 -4.043545676098024622e+00
3.533226394779529489e-01 5.746061997829180618e-02 -1.853660811950901932e+00 -1.971208273310107728e+00 5.230400272364824588e+01 -3.637745263984923483e+00
3.951491571729540686e-01 6.269530090962084634e-02 -1.543304978006210249e+00 -1.659346407061394801e+00 5.193004879633971171e+01 -3.653732733795278076e+00
4.848723862933587703e-01 7.423641078641828039e-02 -3.067711306804769222e+00 -3.808874321740409741e+00 5.362753210644589075e+01 -1.167999866011732557e+00
4.622654280282906258e-01 7.900896443371338562e-02 -1.908412748216857135e+00 -2.217245892707968569e+00 5.220065072975245357e+01 -2.872290564445340699e+00
3.845089596300955148e-01 6.229436756639172151e-02 -2.583421319193004440e+00 -2.769112494769091715e+00 5.303249229854635871e+01 -2.602715944874476772e+00
2.764888309976871739e-01 4.488439578856918272e-02 -3.131809160215444976e+00 -2.356089928102156339e+00 5.354189517595179382e+01 -3.294126947125168403e+00
3.106829022116006644e-01 5.161356053337261274e-02 -3.137853020549424166e+00 -3.397014162483964039e+00 5.383701067882738300e+01 -2.556571816221858917e+00
3.622851617105029565e-01 5.976651491617308853e-02 -2.379633249270284523e+00 -1.932317064389027950e+00 5.261889660207673813e+01 -3.254498242048738721e+00
3.074631362493986386e-01 5.065513799012662244e-02 -3.919585068192864785e+00 -3.497763866423236667e+00 5.440578934463305671e+01 -2.055493859751035046e+00
4.555804364891972713e-01 7.388953898648029095e-02 -3.314419336557254958e+00 -3.592835116255904016e+00 5.373878034486421029e+01 -1.368496011557190251e+00
2.862425266039474447e-01 4.961259102142354105e-02 -3.452073712548946016e+00 -3.176047144320790938e+00 5.398778009423180180e+01 -2.716196484006053513e+00
4.598428127655370679e-01 6.977839808189367776e-02 -2.645564098553424337e+00 -2.850771303167726867e+00 5.298696230617723302e+01 -1.975438334076407898e+00
2.656702064072991587e-01 4.470192432318723097e-02 -2.841639053449000585e+00 -2.232429224039760740e+00 5.330317916123814825e+01 -3.678416597404901900e+00
2.640200709464637363e-01 4.330975976071889388e-02 -2.645748753596512959e+00 -1.785460225384503996e+00 5.297580002911490737e+01 -3.940233340748097390e+00
3.253709625644207737e-01 5.437826014980789990e-02 -2.902743614861507560e+00 -2.969563253179633655e+00 5.343753361528038681e+01 -2.744727279420714705e+00
4.589602701628575643e-01 7.427826171443882575e-02 -3.068966321519560836e+00 -3.384659973149600987e+00 5.345948495405171741e+01 -1.572423087413680420e+00
4.119093867172587964e-01 6.758111726449020362e-02 -3.480178981989023423e+00 -3.608669699473256998e+00 5.389132781285115925e+01 -1.490022336382080814e+00
4.167908655646375693e-01 7.082611423053999933e-02 -1.095637824396280546e+00 -2.668304009432504564e+00 5.198751118840567642e+01 -3.456030277680707030e+00
3.318359760640393619e-01 5.841141170658153275e-02 -3.866073254349722266e+00 -3.382583589405748103e+00 5.420657557268381055e+01 -2.017018626613189980e+00
4.487832753659788398e-01 7.975715690477577779e-02 -3.020928227522592824e+00 -3.564654275489366420e+00 5.346620184762576145e+01 -1.721137849805991049e+00
3.718052154656965036e-01 5.891767447831555010e-02 -2.443808424390373268e+00 -2.569737592971877760e+00 5.293134547981374993e+01 -2.876715123772123128e+00
3.929951435446910057e-01 5.941146331085753185e-02 -3.561434632168769987e+00 -3.875573298482705376e+00 5.415297376921648009e+01 -1.369702927860561026e+00
2.636268249765816307e-01 4.238630600766742085e-02 -2.194577415001169651e+00 -1.155070982847494321e+00 5.249413899806853578e+01 -4.525163228198938015e+00
4.436693024526963125e-01 7.742374895267337132e-02 -1.614399441069422902e+00 -1.665160701567172774e+00 5.184680467348427158e+01 -3.453017820741576038e+00
4.424369150740370404e-01 7.216149550372161214e-02 -3.214506358550182519e+00 -3.645136065358004718e+00 5.368077995651203338e+01 -1.459570982491221747e+00
3.095210306333077144e-01 5.089756116534979030e-02 -3.307718755301601643e+00 -2.790846217333410539e+00 5.370396158714957124e+01 -2.732848229123079786e+00
4.403192676454799614e-01 6.779952818070107690e-02 -1.150078988827727411e+00 -1.212496100486682771e+00 5.138479059264269466e+01 -3.738183097262590238e+00
3.493224608439350343e-01 5.664909110918907309e-02 -3.140960406124083004e+00 -2.872774959436663611e+00 5.353773510573395100e+01 -2.440735119916923601e+00
4.086290453415372115e-01 6.720307823807822323e-02 -2.223536128597408457e+00 -2.396391426888422771e+00 5.259579848963822002e+01 -2.865761668175567323e+00
3.969689042359073605e-01 6.553252727918290610e-02 -3.149048357753533978e+00 -3.286117352837562677e+00 5.358407331646377258e+01 -1.970514179219747808e+00
4.204364282111703877e-01 6.615470812269287626e-02 -1.592775369384279216e+00 -1.803867317862609676e+00 5.195018040865119247e+01 -3.350761916287181119e+00
2.700210869804389735e-01 4.338576933534190466e-02 -2.453205223860488005e+00 -1.630862687667018474e+00 5.277954910427020963e+01 -4.043545676098024622e+00
3.706925839890754526e-01 6.021305656332933548e-02 -1.699594430428380987e+00 -2.007337506081048328e+00 5.217333367223610452e+01 -3.578909317885570207e+00
4.393070768969869477e-01 7.049654467965799087e-02 -2.044812025077987983e+00 -2.240607040541520600e+00 5.237956414802361138e+01 -2.803185614232025280e+00
4.793433843005333039e-01 7.403308376849573880e-02 -3.177585779663066656e+00 -3.936946528623590957e+00 5.375910581859650961e+01 -1.088838543001355630e+00
4.622654280282906258e-01 7.900896443371338562e-02 -1.908412748216857135e+00 -2.217245892707968569e+00 5.220065072975245357e+01 -2.872290564445340699e+00
3.414035448040738108e-01 5.582743312806683067e-02 -2.839814238547715419e+00 -2.678916711337792300e+00 5.327581293180359978e+01 -2.833851666798647972e+00
2.876123488609556023e-01 4.704483221320712727e-02 -3.942360332622462327e+00 -3.394773603863311173e+00 5.444803178807200084e+01 -2.229483217337941081e+00
3.241452807004761016e-01 5.333800888518060168e-02 -2.791902188069063317e+00 -2.964012520081356072e+00 5.341211669832726727e+01 -2.871093751174154551e+00
3.703774395129493802e-01 6.104085085007680128e-02 -2.559100471221750883e+00 -2.205681761089436588e+00 5.282639338093198234e+01 -2.966763185180164797e+00
3.242025454847480281e-01 5.369957067090713049e-02 -3.900379559400186658e+00 -3.584611612989217821e+00 5.437016790886888629e+01 -1.908775293769194636e+00
4.533708028770641052e-01 7.404876378645169899e-02 -3.466094375084481705e+00 -3.751838404922321679e+00 5.390992052868605100e+01 -1.231288817840850092e+00
2.862425266039474447e-01 4.961259102142354105e-02 -3.452073712548946016e+00 -3.176047144320790938e+00 5.398778009423180180e+01 -2.716196484006053513e+00
4.696477564924623760e-01 7.098798111269916111e-02 -2.668034078339664994e+00 -2.882070654789676833e+00 5.299315647627602743e+01 -1.875061126197219208e+00
2.656702064072991587e-01 4.470192432318723097e-02 -2.841639053449000585e+00 -2.232429224039760740e+00 5.330317916123814825e+01 -3.678416597404901900e+00
2.640200709464637363e-01 4.330975976071889388e-02 -2.645748753596512959e+00 -1.785460225384503996e+00 5.297580002911490737e+01 -3.940233340748097390e+00
4.059265969702008370e-01 6.847760808767996976e-02 -2.472661406916633720e+00 -2.813951355862879034e+00 5.290934646940397812e+01 -2.544902053589855218e+00
4.589602701628575643e-01 7.427826171443882575e-02 -3.068966321519560836e+00 -3.384659973149600987e+00 5.345948495405171741e+01 -1.572423087413680420e+00
4.119093867172587964e-01 6.758111726449020362e-02 -3.480178981989023423e+00 -3.608669699473256998e+00 5.389132781285115925e+01 -1.490022336382080814e+00
4.167908655646375693e-01 7.082611423053999933e-02 -1.095637824396280546e+00 -2.668304009432504564e+00 5.198751118840567642e+01 -3.456030277680707030e+00
3.150864450779858883e-01 5.480403706509226480e-02 -3.599116805313647305e+00 -3.004025871308367179e+00 5.392979887400687744e+01 -2.459894159079341058e+00
4.292105949728550751e-01 7.305677000179686131e-02 -3.005783462733084388e+00 -3.414177706899750309e+00 5.346635186803214879e+01 -1.848918926243822813e+00
3.860511646234557337e-01 6.407618048656636700e-02 -2.280639498939089904e+00 -2.469406696692628689e+00 5.273373301645367661e+01 -2.994415800529888649e+00
3.847880205272943277e-01 5.881279761609173318e-02 -3.576296514796532211e+00 -3.767345422828529244e+00 5.412988080930193036e+01 -1.469783729073611100e+00
2.637155681306760924e-01 4.259470025702420670e-02 -2.296392489256038338e+00 -1.297329858905980071e+00 5.260283462974217628e+01 -4.393163088052371990e+00
4.536501349977432596e-01 7.495114912008689345e-02 -2.019202238886343093e+00 -2.132693313281588399e+00 5.228722908687943516e+01 -2.846772294834797989e+00
4.504924282780691236e-01 7.174086499797273364e-02 -2.438941223723877449e+00 -2.767690491599033908e+00 5.281426730993008789e+01 -2.233910158190370421e+00
2.877545875145975929e-01 4.735085245022987999e-02 -3.271055936813200837e+00 -2.616987499545746942e+00 5.366412994564184658e+01 -2.997056974486922876e+00
4.368505628944962527e-01 6.780494461658637118e-02 -1.239758458190679091e+00 -1.337387107016393850e+00 5.149962939126622530e+01 -3.666470664953453529e+00
3.495158878117147205e-01 5.668556968613298885e-02 -3.132179703544249794e+00 -2.867091199873742724e+00 5.352900488192184270e+01 -2.447918036001617725e+00
4.055509516884726051e-01 6.642226034920813149e-02 -2.336191377333536323e+00 -2.433840506778097268e+00 5.270112428044959785e+01 -2.807903755284096636e+00
4.246546290964084980e-01 7.013400404456338055e-02 -3.157218723590504261e+00 -3.556753484588116798e+00 5.362706990403536622e+01 -1.636678257550910676e+00
4.208440388050233572e-01 6.714533885283789638e-02 -1.807839221993278178e+00 -2.151063293239777519e+00 5.222331391029479875e+01 -3.082288651901871290e+00
2.735145896898880102e-01 4.335962227641620981e-02 -2.511881760326105884e+00 -1.757603711126785040e+00 5.286729610503650889e+01 -3.912730515485697502e+00
3.878315241011622283e-01 6.473284527957878787e-02 -2.342831126187671309e+00 -2.650967100024894219e+00 5.281906873287198323e+01 -2.835709419454354396e+00
4.230196615504336899e-01 6.706879025388522153e-02 -2.058802842547197365e+00 -2.231397933660300925e+00 5.242259053045373207e+01 -2.881619127811781311e+00
4.804515072544338072e-01 7.408989549453466605e-02 -3.214467656918849503e+00 -3.959420633970896386e+00 5.379048976147193883e+01 -1.046903549007637046e+00
4.457466229431557014e-01 7.413486357762012757e-02 -1.767367144800109591e+00 -2.085435795257895464e+00 5.210380230038705918e+01 -3.063464370156949279e+00
3.048737840742183902e-01 5.069437166345729107e-02 -2.246473439642863390e+00 -2.073730348005418556e+00 5.269631144698443137e+01 -3.755063002077785317e+00
2.884455777062678861e-01 4.722099957730423875e-02 -3.860497969489883108e+00 -3.331005363674321096e+00 5.436347428175335494e+01 -2.303124665268866167e+00
3.583720443296786184e-01 5.887180875999765278e-02 -2.553585134469843254e+00 -3.081955081889128145e+00 5.322287001815015373e+01 -2.685931581089807896e+00
2.984566844526371776e-01 5.033473199084588512e-02 -3.131329301492810302e+00 -2.327966380563156967e+00 5.340797707139035566e+01 -3.074605581693638179e+00
3.225844815233478990e-01 5.342676048232974234e-02 -3.922831592240312748e+00 -3.595545136214663540e+00 5.439315905723672984e+01 -1.901547575890729647e+00
4.470794260566193778e-01 7.330999623504305673e-02 -3.334359402833788621e+00 -3.627469143642425564e+00 5.377723860634419140e+01 -1.405481550218844022e+00
3.543594219177028659e-01 6.148988298990101797e-02 -3.340751629300584113e+00 -3.703889094316095587e+00 5.396934502984373694e+01 -2.071946048126424689e+00
4.677424293759999685e-01 7.078513453634784069e-02 -2.661064504615224813e+00 -2.871650557734048093e+00 5.298762013748920197e+01 -1.898606158681088285e+00
2.687748918600951220e-01 4.662779925945188114e-02 -3.289010515838629356e+00 -2.925623461783636081e+00 5.384049373598351451e+01 -3.100889080934028375e+00
2.693222746509150167e-01 4.426456457671060912e-02 -2.657304969546345319e+00 -1.837737993221931543e+00 5.299154551931697910e+01 -3.873107365447084671e+00
4.002869760380982633e-01 6.854738812972957507e-02 -2.716821410289441463e+00 -3.075598320935270191e+00 5.317516638254500805e+01 -2.329779484627459318e+00
4.574344255450079610e-01 7.496905475160248189e-02 -2.707296490371946085e+00 -3.210481459611887800e+00 5.316212769774111990e+01 -1.911561512976296617e+00
4.183631976297448318e-01 6.846604266224014246e-02 -3.623216828244441690e+00 -3.748002003979739261e+00 5.402405193499182445e+01 -1.282465217491382203e+00
4.167908655646375693e-01 7.082611423053999933e-02 -1.095637824396280546e+00 -2.668304009432504564e+00 5.198751118840567642e+01 -3.456030277680707030e+00
2.777001991962929073e-01 4.762884553132024773e-02 -3.238958757734987870e+00 -2.390594318876075430e+00 5.354985453074821322e+01 -3.220595530079575664e+00
4.320842766924178346e-01 7.510516853842458262e-02 -3.466035438354321485e+00 -3.898430274836675480e+00 5.394414637688422687e+01 -1.371637206272370957e+00
4.456380154699738916e-01 7.371592037562614552e-02 -1.336434566445304783e+00 -2.225769388725923115e+00 5.190336310773703588e+01 -3.270204000997043003e+00
3.974050780087718948e-01 6.125703345728551741e-02 -3.425062968539946517e+00 -3.639361407314210872e+00 5.394691732216323743e+01 -1.546349972794550220e+00
2.637155681306760924e-01 4.259470025702420670e-02 -2.296392489256038338e+00 -1.297329858905980071e+00 5.260283462974217628e+01 -4.393163088052371990e+00
4.536501349977432596e-01 7.495114912008689345e-02 -2.019202238886343093e+00 -2.132693313281588399e+00 5.228722908687943516e+01 -2.846772294834797989e+00
3.290241514012889334e-01 5.569361334853282358e-02 -2.371317876042355000e+00 -2.115095796477904688e+00 5.275734996281036615e+01 -3.492194548276254640e+00
2.877545875145975929e-01 4.735085245022987999e-02 -3.271055936813200837e+00 -2.616987499545746942e+00 5.366412994564184658e+01 -2.997056974486922876e+00
4.441373184705510457e-01 6.834214379152073193e-02 -1.105365151067938534e+00 -1.100793256396668252e+00 5.130204867748567210e+01 -3.799821510515886125e+00
3.495158878117147205e-01 5.668556968613298885e-02 -3.132179703544249794e+00 -2.867091199873742724e+00 5.352900488192184270e+01 -2.447918036001617725e+00
3.919652634660510948e-01 6.418060618203361156e-02 -1.869662157809504288e+00 -1.908110178333560114e+00 5.220740065381708916e+01 -3.422937126879650016e+00
4.246546290964084980e-01 7.013400404456338055e-02 -3.157218723590504261e+00 -3.556753484588116798e+00 5.362706990403536622e+01 -1.636678257550910676e+00
3.766292422840983867e-01 6.077972484851970614e-02 -2.154930909230677205e+00 -2.324308490791217263e+00 5.262425031459676461e+01 -3.124458610742717912e+00
2.748650914710671356e-01 4.242840703964421978e-02 -2.290451237492325376e+00 -1.424794994123955272e+00 5.258999886347572073e+01 -4.144051866080097568e+00
3.631400518686258572e-01 6.357828646667459949e-02 -2.958032428427367577e+00 -3.463632876934320315e+00 5.358117422384262341e+01 -2.314015146663636280e+00
4.365998337831384912e-01 6.923155104915135194e-02 -2.096808593737125914e+00 -2.330317682874221141e+00 5.245345069025738383e+01 -2.710559844715250577e+00
4.804515072544338072e-01 7.408989549453466605e-02 -3.214467656918849503e+00 -3.959420633970896386e+00 5.379048976147193883e+01 -1.046903549007637046e+00
4.585239424921850326e-01 8.012990258172496272e-02 -1.343113869827602169e+00 -1.640246966481319069e+00 5.159734948309262847e+01 -3.524130883916171797e+00
2.882895046070083622e-01 4.880123770133666661e-02 -2.035236167437620480e+00 -1.793124058759255179e+00 5.247216676624572074e+01 -4.150928147618808239e+00
2.999993258783973382e-01 4.911605188078793649e-02 -3.693926881991764333e+00 -3.226770453649263182e+00 5.418271596922867417e+01 -2.370520115887774004e+00
3.623650327636711022e-01 5.931483547054724331e-02 -1.756208331651236687e+00 -2.387540842350896142e+00 5.241192251244050482e+01 -3.459385037858356160e+00
3.802938229254956282e-01 6.169836858304287436e-02 -2.468959225268451796e+00 -2.239128323368336559e+00 5.277177338768305503e+01 -2.907437031022094054e+00
3.339703751833034140e-01 5.575775747299771545e-02 -3.695417902397140963e+00 -3.439372560421517289e+00 5.415209548365945125e+01 -2.040186081667457074e+00
4.470794260566193778e-01 7.330999623504305673e-02 -3.334359402833788621e+00 -3.627469143642425564e+00 5.377723860634419140e+01 -1.405481550218844022e+00
3.678607993947144994e-01 6.247526358562875692e-02 -3.140840526959895129e+00 -3.920448013021464284e+00 5.390157550966878119e+01 -1.930657496378757720e+00
4.350189203628158641e-01 7.060069557028969545e-02 -2.823267695398957500e+00 -3.052105519828655744e+00 5.320162152275366907e+01 -2.017115522179049769e+00
2.687748918600951220e-01 4.662779925945188114e-02 -3.289010515838629356e+00 -2.925623461783636081e+00 5.384049373598351451e+01 -3.100889080934028375e+00
2.770327947170240224e-01 4.518753368052631780e-02 -2.587191916478704723e+00 -1.678847070345338865e+00 5.286904849095965631e+01 -3.937067657938167820e+00
4.345188561530143323e-01 7.252965171363648378e-02 -1.930351500561354516e+00 -2.178977499281280927e+00 5.224813427527634957e+01 -2.961146532648987417e+00
4.430456210820841734e-01 7.204834257232259342e-02 -2.760684448348079911e+00 -3.198477541100778865e+00 5.320654899752852884e+01 -1.941261152627844488e+00
4.133264708802793508e-01 6.754118513913570654e-02 -3.463676368552872198e+00 -3.555061162100562555e+00 5.385924158057513722e+01 -1.510233740237219902e+00
3.967085611355978814e-01 7.004321409596608872e-02 -1.517052458561894746e+00 -3.452148325303387999e+00 5.262313787259448361e+01 -3.051401623346280623e+00
2.777001991962929073e-01 4.762884553132024773e-02 -3.238958757734987870e+00 -2.390594318876075430e+00 5.354985453074821322e+01 -3.220595530079575664e+00
4.493866875081005685e-01 7.845006802738588303e-02 -3.421467906304475726e+00 -3.862908831414316513e+00 5.385385489612867360e+01 -1.295341402043277856e+00
4.887218473422864085e-01 8.144830491575910658e-02 -1.743990080130493503e+00 -2.304897239948265675e+00 5.210615757499910217e+01 -2.711285298915488973e+00
3.863973980903885885e-01 6.000048126646848751e-02 -3.284855955997429522e+00 -3.453111276808741081e+00 5.379814312272586108e+01 -1.809102226914208966e+00
2.637155681306760924e-01 4.259470025702420670e-02 -2.296392489256038338e+00 -1.297329858905980071e+00 5.260283462974217628e+01 -4.393163088052371990e+00
4.581638136168731390e-01 7.607852163868740469e-02 -1.115769013507510898e+00 -1.105872955486558062e+00 5.126368289565859726e+01 -3.836851641860339335e+00
3.332425456732664437e-01 5.634070366628980003e-02 -2.122324288815591320e+00 -1.881006145201993940e+00 5.249071472923397863e+01 -3.711885209144783371e+00
2.760437122087998629e-01 4.510429579843733272e-02 -3.930167385662454382e+00 -2.964902406107275290e+00 5.428731070994317065e+01 -2.515578328161478083e+00
4.329983229759897245e-01 6.684481840133080222e-02 -1.217476055250372724e+00 -1.164400752241225412e+00 5.142498963107122734e+01 -3.790017047261093452e+00
3.564454953594246578e-01 5.802760484425822929e-02 -2.757314351912176775e+00 -2.720989751424843561e+00 5.320599665977159276e+01 -2.689346710663470752e+00
3.646557991829347811e-01 6.087564569540706433e-02 -1.898409359568671073e+00 -1.555255171896256616e+00 5.212106000662289773e+01 -3.777398789352498731e+00
4.083210234949600226e-01 6.766940286839114027e-02 -2.972302715730781308e+00 -3.257329216983246845e+00 5.342402478622031481e+01 -2.007478381773190712e+00
3.867452298196333293e-01 6.287959153968816772e-02 -1.880174243491661290e+00 -2.181292287871543945e+00 5.236303289340788325e+01 -3.285265414354377356e+00
2.748650914710671356e-01 4.242840703964421978e-02 -2.290451237492325376e+00 -1.424794994123955272e+00 5.258999886347572073e+01 -4.144051866080097568e+00
3.631400518686258572e-01 6.357828646667459949e-02 -2.958032428427367577e+00 -3.463632876934320315e+00 5.358117422384262341e+01 -2.314015146663636280e+00
4.265894388500376389e-01 6.785258097771587615e-02 -2.092652684248749395e+00 -2.294059113678084572e+00 5.245471395569062878e+01 -2.807779341437299792e+00
4.707687362275822518e-01 7.499570348605534564e-02 -3.217940428962646315e+00 -3.872753004432316182e+00 5.375158523112021669e+01 -1.179161098977225874e+00
4.540417735420470557e-01 8.168771707942974747e-02 -1.084297467040399754e+00 -1.291248457916276404e+00 5.127129091715673326e+01 -3.911528824042413088e+00
2.905690744627865696e-01 4.988339395839338358e-02 -1.991898661764510248e+00 -1.855669201272909019e+00 5.245215795884620036e+01 -4.152095793754006614e+00
2.999993258783973382e-01 4.911605188078793649e-02 -3.693926881991764333e+00 -3.226770453649263182e+00 5.418271596922867417e+01 -2.370520115887774004e+00
3.912817538228210434e-01 6.205296478750269018e-02 -1.411502501021817846e+00 -1.807892236017584864e+00 5.189996947203570699e+01 -3.698827990613871020e+00
3.819548164166056137e-01 6.215393289240378483e-02 -2.330792028712264763e+00 -2.101372856715935988e+00 5.263107809357610734e+01 -3.082070950242196794e+00
3.261212997468670993e-01 5.527137892535768232e-02 -3.770390260529586257e+00 -3.432333704122873197e+00 5.420966656200454281e+01 -2.068717414083462103e+00
4.504169483955356990e-01 7.389576772182099296e-02 -3.347041413299499002e+00 -3.659337480688483080e+00 5.379199260654411319e+01 -1.364704059080981136e+00
3.678607993947144994e-01 6.247526358562875692e-02 -3.140840526959895129e+00 -3.920448013021464284e+00 5.390157550966878119e+01 -1.930657496378757720e+00
4.454853977296282519e-01 7.212902193045747645e-02 -2.795611602956399988e+00 -3.096116124296602656e+00 5.317845344161541732e+01 -1.937047516472539588e+00
2.801863418498496405e-01 5.066376925108030671e-02 -3.791664355044389367e+00 -3.889047120273729341e+00 5.449395037652124785e+01 -2.344619670128331279e+00
2.770327947170240224e-01 4.518753368052631780e-02 -2.587191916478704723e+00 -1.678847070345338865e+00 5.286904849095965631e+01 -3.937067657938167820e+00
4.149792344824295709e-01 6.940372135340970583e-02 -1.965271051513003631e+00 -2.122867573282607445e+00 5.229417673910302966e+01 -3.106569029660247949e+00
4.606091100986806075e-01 7.621338997293662654e-02 -2.882228220071804792e+00 -3.393329644443433324e+00 5.332356347794370777e+01 -1.719349149299591151e+00
4.085814229391415697e-01 6.628894320770911675e-02 -3.635413702175834594e+00 -3.708556595935780020e+00 5.404551766103877242e+01 -1.355209673148682015e+00
3.933323330252732064e-01 6.982110876862288040e-02 -1.479830865540596951e+00 -3.565321383551379064e+00 5.265619009181033050e+01 -3.059857732622478732e+00
2.852073337056704183e-01 4.854190566093752324e-02 -3.146095200567873285e+00 -2.333792837601137204e+00 5.345283726018540449e+01 -3.237526393542638825e+00
4.451390550783596578e-01 7.727583752399991290e-02 -3.224741315811726849e+00 -3.642845451286667924e+00 5.364792355006786551e+01 -1.529018443883507494e+00
4.786829907138666629e-01 8.010576939048585920e-02 -1.484443209610532888e+00 -2.005261772774859175e+00 5.183716477283123680e+01 -3.083236457432382949e+00
3.947638610779936608e-01 6.074509832806939541e-02 -3.361440659544896903e+00 -3.603031904037545363e+00 5.389552078056004092e+01 -1.621739255345715280e+00
2.752091033395157038e-01 4.467511230497621388e-02 -2.495382573438039930e+00 -1.642977222080970856e+00 5.283169121200748464e+01 -4.016252119931378317e+00
4.581638136168731390e-01 7.607852163868740469e-02 -1.115769013507510898e+00 -1.105872955486558062e+00 5.126368289565859726e+01 -3.836851641860339335e+00
3.359056397623471635e-01 5.675538069716964951e-02 -2.104400996787203049e+00 -1.893632092641230225e+00 5.247811342367295140e+01 -3.697303213979457936e+00
2.769371767149242380e-01 4.522805377658996318e-02 -3.914725383621560972e+00 -2.954653046033783870e+00 5.427101694019277289e+01 -2.522833073690649908e+00
4.379060030617016319e-01 6.851003540254231583e-02 -1.513377472715783822e+00 -1.560581777002341797e+00 5.176245168958285348e+01 -3.421966127097458177e+00
3.501123225425452068e-01 5.607280806678124896e-02 -2.617604862486491157e+00 -2.189851587651479026e+00 5.291792340729217869e+01 -3.021237369171587694e+00
3.206946333426957674e-01 5.321729339374746404e-02 -1.803139836953595587e+00 -1.150813964030274139e+00 5.202132274842415427e+01 -4.331131148654487895e+00
4.062771919852080083e-01 6.698559234884236824e-02 -2.791814372294453506e+00 -3.089654100671345827e+00 5.324816303514846538e+01 -2.203211505726181407e+00
3.911450567259854294e-01 6.433543416616196997e-02 -1.583180998544513995e+00 -1.774574443275573898e+00 5.198875435840307091e+01 -3.635549229483356903e+00
2.748650914710671356e-01 4.242840703964421978e-02 -2.290451237492325376e+00 -1.424794994123955272e+00 5.258999886347572073e+01 -4.144051866080097568e+00
4.314123346724562658e-01 7.150511548853871746e-02 -3.507063584019999070e+00 -3.461864588024893052e+00 5.381087062960979495e+01 -1.424895055981462155e+00
4.363562399006734038e-01 6.891412048928144407e-02 -1.969470011731350834e+00 -2.119976134506686538e+00 5.228490509347010828e+01 -2.881770688971289296e+00
4.706771691300433158e-01 7.499075463702835342e-02 -3.218521282228349545e+00 -3.871792801808338069e+00 5.375176703264632039e+01 -1.179995896905825292e+00
4.394437905235516473e-01 7.579213171962931317e-02 -1.480541623731997047e+00 -1.659990520073264086e+00 5.173306273591803972e+01 -3.514498838611999076e+00
2.855985447689735057e-01 4.795811690704670366e-02 -2.600444683194913509e+00 -2.181899976188817369e+00 5.301412646553269781e+01 -3.650711696151322627e+00
2.997013286894210649e-01 4.905527954318143063e-02 -3.716830388841160904e+00 -3.251703539639358986e+00 5.420900348160964910e+01 -2.347161311817826945e+00
3.914006534224193090e-01 6.200830654266442643e-02 -1.478084845935326852e+00 -1.869188851000778584e+00 5.196810931787441490e+01 -3.627903977981420169e+00
3.566558247738598197e-01 5.892392796740918148e-02 -2.465769876780244729e+00 -1.992157907898398861e+00 5.273104163324980220e+01 -3.237539972729833071e+00
3.383648473121903533e-01 5.815642275205243350e-02 -3.806229168295402143e+00 -3.528682603617562918e+00 5.422229848891123538e+01 -1.927260426434288521e+00
4.549066678515780726e-01 7.397372618698740132e-02 -3.385920139705822507e+00 -3.722934676893554062e+00 5.384289234842498928e+01 -1.276017044203751061e+00
3.530697700019062579e-01 5.986183426803175917e-02 -3.019911184176670371e+00 -3.604470057284252960e+00 5.373295145159191577e+01 -2.250808912724431288e+00
4.328769590306453252e-01 7.117728401245668191e-02 -3.053589200947921078e+00 -3.225458069875637435e+00 5.342043945976441677e+01 -1.829408528312304494e+00
2.801863418498496405e-01 5.066376925108030671e-02 -3.791664355044389367e+00 -3.889047120273729341e+00 5.449395037652124785e+01 -2.344619670128331279e+00
2.630269240781104578e-01 4.285962976524031881e-02 -2.531497496708578598e+00 -1.504703022003910373e+00 5.279528518058006625e+01 -4.147463079250272244e+00
4.495465029906722254e-01 7.328822264671204512e-02 -1.303280500155937993e+00 -1.228821951399612367e+00 5.143598443395313780e+01 -3.635057742240741518e+00
4.523985752338187671e-01 7.433493176786851175e-02 -3.284534883954219442e+00 -3.859283242224607946e+00 5.379262981137247834e+01 -1.302732511856942832e+00
4.021689045837509857e-01 6.646231494548848762e-02 -2.944878167685562431e+00 -3.154103365855947416e+00 5.338570257691169019e+01 -2.115540799511259173e+00
3.981467547196773649e-01 6.956209603077061210e-02 -1.958397327500008833e+00 -3.577446020404567939e+00 5.295905116222510145e+01 -2.701640064589705403e+00
2.969059415298762605e-01 5.146933784842335630e-02 -3.259669023925343634e+00 -2.526099608271745733e+00 5.356400649028392280e+01 -3.010614131405358940e+00
4.080246683809188868e-01 7.315967783531455992e-02 -2.979945457179031365e+00 -3.058847811775764924e+00 5.331139328812079015e+01 -2.202093745707433214e+00
4.786829907138666629e-01 8.010576939048585920e-02 -1.484443209610532888e+00 -2.005261772774859175e+00 5.183716477283123680e+01 -3.083236457432382949e+00
3.989509668659613761e-01 6.377407482800724614e-02 -2.964273287882110530e+00 -3.236688694846448389e+00 5.346041922764243282e+01 -2.047816339623881987e+00
2.752091033395157038e-01 4.467511230497621388e-02 -2.495382573438039930e+00 -1.642977222080970856e+00 5.283169121200748464e+01 -4.016252119931378317e+00
4.560149668836956383e-01 7.627605684220979676e-02 -1.463710837439814449e+00 -1.524426976556602309e+00 5.165703895874312934e+01 -3.456101410404833985e+00
3.341139746618352890e-01 5.655950372020240868e-02 -2.158655285473848551e+00 -1.957795059512429825e+00 5.254293306160902688e+01 -3.653807405734336378e+00
2.769371767149242380e-01 4.522805377658996318e-02 -3.914725383621560972e+00 -2.954653046033783870e+00 5.427101694019277289e+01 -2.522833073690649908e+00
4.379060030617016319e-01 6.851003540254231583e-02 -1.513377472715783822e+00 -1.560581777002341797e+00 5.176245168958285348e+01 -3.421966127097458177e+00
3.499178309196205872e-01 5.610730446653877657e-02 -2.637283769294233693e+00 -2.212017322161326405e+00 5.293951868811226547e+01 -3.003125447514984003e+00
2.987476827890156450e-01 4.885441303294647819e-02 -1.940792452682927438e+00 -1.136713527593092632e+00 5.216064214251517939e+01 -4.396625349869796473e+00
4.091698405964582785e-01 6.751468817201504435e-02 -2.773220819942240123e+00 -3.131965839526787754e+00 5.324545085126486299e+01 -2.173793011348923443e+00
3.802054225566620649e-01 6.191383129616241654e-02 -1.314048340165107298e+00 -1.408284611500477235e+00 5.169080696494357596e+01 -4.022754839358391621e+00
3.036465172293473236e-01 4.842805541764966248e-02 -2.306781849093973769e+00 -1.740703543147387178e+00 5.265064108762472728e+01 -3.806958384500487291e+00
4.308590432324963526e-01 7.147358776601604735e-02 -3.674284024451369035e+00 -3.634815370933583090e+00 5.399080511313824360e+01 -1.249078100749082321e+00
4.363562399006734038e-01 6.891412048928144407e-02 -1.969470011731350834e+00 -2.119976134506686538e+00 5.228490509347010828e+01 -2.881770688971289296e+00
4.706771691300433158e-01 7.499075463702835342e-02 -3.218521282228349545e+00 -3.871792801808338069e+00 5.375176703264632039e+01 -1.179995896905825292e+00
4.134849477045686728e-01 7.273437877026620035e-02 -1.389196442322908176e+00 -1.416517841005397349e+00 5.161779387312791556e+01 -3.875203424281454367e+00
2.857171412592701132e-01 4.800723775577441649e-02 -2.570499922122876146e+00 -2.166083955232698699e+00 5.298636886729513407e+01 -3.676142888756928073e+00
2.782208592630806554e-01 4.532875756157853792e-02 -3.984750152289710634e+00 -3.401295145628523198e+00 5.449365950889118437e+01 -2.258821313842486855e+00
3.914006534224193090e-01 6.200830654266442643e-02 -1.478084845935326852e+00 -1.869188851000778584e+00 5.196810931787441490e+01 -3.627903977981420169e+00
3.566558247738598197e-01 5.892392796740918148e-02 -2.465769876780244729e+00 -1.992157907898398861e+00 5.273104163324980220e+01 -3.237539972729833071e+00
3.381614704897843438e-01 5.813283601294927383e-02 -3.817104359983598094e+00 -3.527634423234013106e+00 5.422906641606078892e+01 -1.922785580532379690e+00
4.478851155773851955e-01 7.300072535046372990e-02 -3.360684188215387724e+00 -3.714766659831045370e+00 5.383531203352454497e+01 -1.343227968788077931e+00
3.318701050943598241e-01 5.574559058176711129e-02 -3.293185205292509021e+00 -3.546924262666729000e+00 5.394840890779308040e+01 -2.253078287350340325e+00
4.122506042667072323e-01 6.841787186423683997e-02 -3.281586175429519248e+00 -3.483826880747306731e+00 5.372448691722553349e+01 -1.749149957718221682e+00
2.801863418498496405e-01 5.066376925108030671e-02 -3.791664355044389367e+00 -3.889047120273729341e+00 5.449395037652124785e+01 -2.344619670128331279e+00
2.630269240781104578e-01 4.285962976524031881e-02 -2.531497496708578598e+00 -1.504703022003910373e+00 5.279528518058006625e+01 -4.147463079250272244e+00
4.422951833789339759e-01 7.239744147725274415e-02 -1.199259246249843702e+00 -1.056646876370231247e+00 5.131061359423618740e+01 -3.831089954194677016e+00
4.221889358925363656e-01 6.979512465975626356e-02 -2.996987591683479391e+00 -3.373647141382489778e+00 5.347345987789198318e+01 -1.903192117460097643e+00
4.117426038602440830e-01 6.717527463622299799e-02 -2.989692812094141505e+00 -3.558301609388540232e+00 5.356061781263620958e+01 -1.824776567691267504e+00
4.482995064206916069e-01 7.695795551641280985e-02 -1.435803720768637382e+00 -2.682512248767285445e+00 5.212273289200967241e+01 -3.033566859196870080e+00
2.969059415298762605e-01 5.146933784842335630e-02 -3.259669023925343634e+00 -2.526099608271745733e+00 5.356400649028392280e+01 -3.010614131405358940e+00
4.295636856960707295e-01 7.606664254181456919e-02 -3.284539261236222529e+00 -3.375073055028372515e+00 5.359494175675112615e+01 -1.693454934752345986e+00
4.306179000741119922e-01 7.334461094394841008e-02 -2.331272350444456798e+00 -2.816898549111995109e+00 5.279995103921309152e+01 -2.504508400342883689e+00
3.928642508499829433e-01 6.218280552534073691e-02 -2.838426101110646638e+00 -3.201110582031271967e+00 5.338493387990990868e+01 -2.177873773454253925e+00
2.697771409694992295e-01 4.359897800355572173e-02 -2.523109043316811739e+00 -1.664784624758041343e+00 5.287606871914840667e+01 -4.036820463448263396e+00
4.148258634726423866e-01 6.876489213684347512e-02 -2.048477623403559988e+00 -2.074172099483632792e+00 5.235340892212722252e+01 -3.092006937340910255e+00
3.355148937221608119e-01 5.639485969419764932e-02 -1.745382015947020360e+00 -1.306745984898505686e+00 5.200756867589002752e+01 -4.169236187999437959e+00
2.744250638548283439e-01 4.482251466973784237e-02 -3.982583372332930693e+00 -2.921494325627101762e+00 5.430810283309637043e+01 -2.519537130354780885e+00
4.379060030617016319e-01 6.851003540254231583e-02 -1.513377472715783822e+00 -1.560581777002341797e+00 5.176245168958285348e+01 -3.421966127097458177e+00
3.496391085910234842e-01 5.600768744172809899e-02 -2.641008006593727142e+00 -2.217428833761941220e+00 5.294445307101111098e+01 -2.997893755135903948e+00
2.896838285121387524e-01 4.729761943638356031e-02 -2.843325409812371696e+00 -2.136665505454325320e+00 5.319081270970194453e+01 -3.452653466904618718e+00
4.091698405964582785e-01 6.751468817201504435e-02 -2.773220819942240123e+00 -3.131965839526787754e+00 5.324545085126486299e+01 -2.173793011348923443e+00
3.933618506673071114e-01 6.462756434788545501e-02 -1.694183618549072623e+00 -1.866727519650255296e+00 5.208874223512840729e+01 -3.493808050080782657e+00
2.948890789715145622e-01 4.620650969823084792e-02 -2.142915139622942000e+00 -1.533501680900630326e+00 5.248485179826119662e+01 -4.042086207588237556e+00
4.490571074790289385e-01 7.301475150652331214e-02 -3.524886347187741631e+00 -3.793269410405112119e+00 5.394029955711485513e+01 -1.155949651564011305e+00
4.262115846439679667e-01 6.575193660858368039e-02 -2.540743241887906567e+00 -2.887553646386970208e+00 5.300812830093491357e+01 -2.233731503628422210e+00
4.770247246898651206e-01 7.537678730096061819e-02 -2.872966542838732096e+00 -3.372826441710819800e+00 5.331050439619575343e+01 -1.557712222332155116e+00
4.134849477045686728e-01 7.273437877026620035e-02 -1.389196442322908176e+00 -1.416517841005397349e+00 5.161779387312791556e+01 -3.875203424281454367e+00
2.675036930601714102e-01 4.455091056722640386e-02 -2.498207299778365531e+00 -1.833858131858584262e+00 5.286063498832687912e+01 -3.994707561853025446e+00
2.782208592630806554e-01 4.532875756157853792e-02 -3.984750152289710634e+00 -3.401295145628523198e+00 5.449365950889118437e+01 -2.258821313842486855e+00
3.657937878041329638e-01 5.891247760117761245e-02 -1.932393409976660426e+00 -2.235953488509106357e+00 5.246933984493147562e+01 -3.396724661592837258e+00
3.550116772545434674e-01 5.792787556782755948e-02 -2.569220716671601235e+00 -2.113118146512465767e+00 5.284933937463240028e+01 -3.098738300581885596e+00
3.506998632503258162e-01 5.988509626891130866e-02 -3.705618590608502849e+00 -3.515885222748307726e+00 5.412754198609670908e+01 -1.908636027623048737e+00
4.768218745050505358e-01 7.783295141486937241e-02 -3.228732649961139956e+00 -3.825223528894652336e+00 5.372645612322653363e+01 -1.175254165111199844e+00
3.845552845208570769e-01 6.597523515963220342e-02 -2.614047544490933461e+00 -3.689936453089859736e+00 5.341295635284755150e+01 -2.247438461915674868e+00
3.806936347195001291e-01 6.285788394794825096e-02 -2.911172347957660556e+00 -2.787588456650111901e+00 5.327806736712157232e+01 -2.464655126836414745e+00
2.984837128314538623e-01 5.225292603381474776e-02 -2.980708791810743996e+00 -3.028205360304973226e+00 5.358577637401669591e+01 -3.018570787215913764e+00
2.630269240781104578e-01 4.285962976524031881e-02 -2.531497496708578598e+00 -1.504703022003910373e+00 5.279528518058006625e+01 -4.147463079250272244e+00
4.421328556193421244e-01 7.251317448036193047e-02 -1.194708247523069256e+00 -1.043176662430600476e+00 5.130130002420646917e+01 -3.842399899098788651e+00
4.334087264265466533e-01 7.192024734275052900e-02 -3.245241830429534513e+00 -3.599117764302562250e+00 5.369812276679240171e+01 -1.587669848331742184e+00
3.883095730409070745e-01 6.310352010600807360e-02 -2.959364011736834943e+00 -3.301304099028261163e+00 5.349759884512211272e+01 -2.135568793615394867e+00
4.531292205732359024e-01 7.794493718977341112e-02 -1.191207306329098881e+00 -2.645804757153636277e+00 5.193775139169814281e+01 -3.178078679908491466e+00
3.000887589558434154e-01 5.187856778984953343e-02 -3.132653011730276660e+00 -2.423541893806746117e+00 5.343343213243586121e+01 -3.108522100048332959e+00
4.293740060550003124e-01 7.457443378008203616e-02 -2.987788568075586237e+00 -3.241208002657876897e+00 5.336606597902790128e+01 -1.922255970602844810e+00
4.148875031718393114e-01 7.181653077531158225e-02 -2.025727061553100672e+00 -2.473608770823216396e+00 5.248451729389126541e+01 -2.957060306575002961e+00
3.903710806691425006e-01 6.239377128942292378e-02 -2.787826854882854644e+00 -3.088255099909900547e+00 5.330507827421218536e+01 -2.286709675462134328e+00
2.697771409694992295e-01 4.359897800355572173e-02 -2.523109043316811739e+00 -1.664784624758041343e+00 5.287606871914840667e+01 -4.036820463448263396e+00
3.420208056574144395e-01 5.694569649063074140e-02 -2.662349031117683396e+00 -2.230638581887939953e+00 5.299942207065325306e+01 -3.104412384669673841e+00
3.297097689003127274e-01 5.556621929060001630e-02 -1.650966899464951565e+00 -1.152251188285331462e+00 5.189661884836745287e+01 -4.341562399641006209e+00
2.744250638548283439e-01 4.482251466973784237e-02 -3.982583372332930693e+00 -2.921494325627101762e+00 5.430810283309637043e+01 -2.519537130354780885e+00
4.261913118448238391e-01 6.805820356007649674e-02 -2.062364647222312275e+00 -2.262130576926347114e+00 5.241516836890556874e+01 -2.863600835514933607e+00
3.474502190183352268e-01 5.557223049913847385e-02 -2.655269194378402808e+00 -2.254093393180547800e+00 5.296953979577214255e+01 -2.990726861881805476e+00
3.251843263386928196e-01 5.400003639843675707e-02 -3.504492644421095093e+00 -3.119581826832481308e+00 5.393091614077597029e+01 -2.361050466766813294e+00
4.120081383305285172e-01 6.644093573595231950e-02 -3.361058856266486927e+00 -3.405701646730329379e+00 5.373115801735220032e+01 -1.630562104655353561e+00
3.763392540540526632e-01 6.198585671655905405e-02 -1.963843731115578084e+00 -2.040414373151390848e+00 5.236593060446995906e+01 -3.382509502200001350e+00
3.036630689841229858e-01 4.796157078768231719e-02 -1.749926273110378183e+00 -1.155183868321485674e+00 5.204735616455026559e+01 -4.392197910339620037e+00
4.490571074790289385e-01 7.301475150652331214e-02 -3.524886347187741631e+00 -3.793269410405112119e+00 5.394029955711485513e+01 -1.155949651564011305e+00
4.308518799948036770e-01 6.803878305773408686e-02 -2.204749369302761330e+00 -2.444050096909658354e+00 5.259798967003877124e+01 -2.653678472347777539e+00
4.929681174498770080e-01 7.528530804820997291e-02 -2.945802277126730040e+00 -3.511591210945227637e+00 5.340557704209778933e+01 -1.318548393723228518e+00
4.425015562428232796e-01 7.927973093505447100e-02 -1.293886141588796335e+00 -1.485566246218157804e+00 5.150429699073778522e+01 -3.738605627984667112e+00
2.846454464232163195e-01 4.873685696012916568e-02 -2.124606625052681608e+00 -1.676248830062354589e+00 5.251125919265033559e+01 -4.183130948656694770e+00
2.862074624380570587e-01 4.662307916751527725e-02 -3.963251496329755597e+00 -3.419619962172237848e+00 5.446778990338349047e+01 -2.207262008299727185e+00
3.970995969812735615e-01 6.594745401981824684e-02 -2.835196763455423596e+00 -3.352172889113403720e+00 5.340711718137986708e+01 -2.138669916765567613e+00
3.653034149265078079e-01 5.959395476297477123e-02 -2.713139371019307244e+00 -2.614740391713842982e+00 5.311013047278423471e+01 -2.723570343734349031e+00
3.412234416088134048e-01 5.743263617452307873e-02 -3.346785315179766851e+00 -3.079664748490212212e+00 5.374739767961280279e+01 -2.368910819824998182e+00
4.757540948206133158e-01 7.742254605120597877e-02 -3.162606469679820620e+00 -3.757499747899000653e+00 5.365778178426910472e+01 -1.243795277100764318e+00
3.488605169475298418e-01 6.071327599304508077e-02 -2.509863860015568715e+00 -3.394351225960167362e+00 5.329462674924516818e+01 -2.683674948331016719e+00
4.473152294053784894e-01 7.073884171671687704e-02 -1.971510344285229754e+00 -2.241228304706924135e+00 5.233305397607477261e+01 -2.756000154395988222e+00
2.970700736319184521e-01 5.029910656991799095e-02 -2.976558612859039776e+00 -2.731395086569098574e+00 5.348268451840994686e+01 -3.113438098006275911e+00
2.630269240781104578e-01 4.285962976524031881e-02 -2.531497496708578598e+00 -1.504703022003910373e+00 5.279528518058006625e+01 -4.147463079250272244e+00
4.331173403988736736e-01 7.258278761401196211e-02 -1.255913808698276846e+00 -1.160667373720305928e+00 5.140090084394606862e+01 -3.852723189771502188e+00
4.340173389888942190e-01 7.240985371505370694e-02 -3.375344970410998791e+00 -3.750398648858500827e+00 5.384105679501809760e+01 -1.448233515359599322e+00
3.284950197256565896e-01 5.339935389401149340e-02 -3.420210941641400826e+00 -3.300658542379156568e+00 5.394649118017886735e+01 -2.277865073136497553e+00
4.531292205732359024e-01 7.794493718977341112e-02 -1.191207306329098881e+00 -2.645804757153636277e+00 5.193775139169814281e+01 -3.178078679908491466e+00
3.150686245709979905e-01 5.420143457874907617e-02 -3.128838693572185470e+00 -2.575611884776439542e+00 5.345709630431628057e+01 -2.933448715927439387e+00
4.437344412596325172e-01 7.473495908096569607e-02 -2.978307479379967759e+00 -3.302264293214739244e+00 5.337498812682800065e+01 -1.785930399725795592e+00
4.594127413739334531e-01 7.955806575685932247e-02 -1.689316544451210600e+00 -1.974924317481959068e+00 5.197502144206077901e+01 -3.097828434819653420e+00
3.738845336243180051e-01 5.945124032502661915e-02 -2.883577061526539698e+00 -2.901185130274995583e+00 5.332829504227082396e+01 -2.397815106871341584e+00
2.697771409694992295e-01 4.359897800355572173e-02 -2.523109043316811739e+00 -1.664784624758041343e+00 5.287606871914840667e+01 -4.036820463448263396e+00
3.325611322753197485e-01 5.604038140273110563e-02 -2.911916377645114018e+00 -2.440840150006674314e+00 5.325052947082454580e+01 -2.955038918877276100e+00
3.016539792991504987e-01 5.174594314393757277e-02 -1.744664165018187996e+00 -1.069117735808399194e+00 5.198127366206622924e+01 -4.531179021082063052e+00
2.744250638548283439e-01 4.482251466973784237e-02 -3.982583372332930693e+00 -2.921494325627101762e+00 5.430810283309637043e+01 -2.519537130354780885e+00
4.531815210488785439e-01 7.119572481329458635e-02 -1.884600623643331918e+00 -2.216059581954431756e+00 5.222545318452247187e+01 -2.804365256553822849e+00
3.474502190183352268e-01 5.557223049913847385e-02 -2.655269194378402808e+00 -2.254093393180547800e+00 5.296953979577214255e+01 -2.990726861881805476e+00
3.186499822544190397e-01 5.354300807975912596e-02 -3.555658660234436219e+00 -3.094545389262475688e+00 5.396251836733907226e+01 -2.402883921261440570e+00
3.945372278975540770e-01 6.374226205448892124e-02 -3.190430843285799956e+00 -3.130291337082635295e+00 5.354694894622746659e+01 -1.979544743135345453e+00
3.629018545310308541e-01 5.990174979806423688e-02 -2.213803095601030613e+00 -2.139189684627706534e+00 5.260258587676890585e+01 -3.285703959053703382e+00
3.075399239546420804e-01 4.937240428384055690e-02 -2.148028180458929182e+00 -1.606164636771529652e+00 5.246843816662474325e+01 -3.914510731827706369e+00
4.150292064283228055e-01 6.804011773896245785e-02 -3.511830192101562886e+00 -3.653186240293391229e+00 5.392848936246640079e+01 -1.446264867812979249e+00
4.455623010762219116e-01 6.962412837530126963e-02 -2.424283864538283151e+00 -2.813476522209720887e+00 5.286321096006361131e+01 -2.247178645698545640e+00
4.694662802547257541e-01 7.166203910025144286e-02 -2.819204129237621537e+00 -3.229494934765586134e+00 5.325553360965924554e+01 -1.668340927931861728e+00
4.425015562428232796e-01 7.927973093505447100e-02 -1.293886141588796335e+00 -1.485566246218157804e+00 5.150429699073778522e+01 -3.738605627984667112e+00
3.087932952154082145e-01 5.137812360927428157e-02 -2.332559572088547473e+00 -1.901369056698865467e+00 5.269111106294133862e+01 -3.721291465474080962e+00
2.871439610463758507e-01 4.675992584515810402e-02 -3.943250378256675237e+00 -3.401797217560987185e+00 5.444487928963846457e+01 -2.219242425021899834e+00
4.236116838431958076e-01 6.895172799075764691e-02 -2.511898378785818231e+00 -3.001389514456355379e+00 5.300762396317248459e+01 -2.279889925104736204e+00
3.163196442738519520e-01 5.194624283889948124e-02 -2.504007351414801352e+00 -2.087006635761468054e+00 5.285331884116546775e+01 -3.407194988906461219e+00
3.348804657585282563e-01 5.645929671227739588e-02 -3.357149033389747128e+00 -3.058913870550689307e+00 5.375836580783595764e+01 -2.417105768235671359e+00
4.509588602920500122e-01 7.275887882272785712e-02 -2.984258737157194918e+00 -3.389250166202058434e+00 5.344055243791612497e+01 -1.656151006206767029e+00
3.613618852063539277e-01 6.119222201796788857e-02 -2.358146042493272532e+00 -2.900507290375682778e+00 5.298647876525263456e+01 -2.889754069031011063e+00
4.072883942846745042e-01 6.498925687169924970e-02 -1.974111550561343797e+00 -1.889705283057158347e+00 5.227006187420011685e+01 -3.203256999966385798e+00
3.022935945280302850e-01 5.112234239096465072e-02 -3.025848060459670918e+00 -2.806423554981906321e+00 5.353250503367033275e+01 -3.011623756941459007e+00
2.766589881925731742e-01 4.532492706538265859e-02 -2.656934377017186044e+00 -1.778976165606675819e+00 5.295556035447442156e+01 -3.847250591837308775e+00
4.065109626244510777e-01 6.808600872551266725e-02 -1.735365479143267331e+00 -1.567904088295372977e+00 5.194325813365358613e+01 -3.565954187260242492e+00
4.419009843870573828e-01 7.366248668624916784e-02 -3.414234098085681346e+00 -3.860441249662339480e+00 5.389381364905921146e+01 -1.324063126959140302e+00
3.247137616464269017e-01 5.178533941022723380e-02 -3.459924798403867463e+00 -3.424160326585951708e+00 5.404768691513843493e+01 -2.206425127337243719e+00
4.468902770493181076e-01 7.578734674174947283e-02 -2.019945279119817805e+00 -3.040589697764817689e+00 5.264948806019924632e+01 -2.520145688621784785e+00
3.183134597338154181e-01 5.490495850035595482e-02 -3.156292223701759436e+00 -2.547526801001414487e+00 5.345248318089729622e+01 -2.900999666118929898e+00
4.594350399186303280e-01 7.753684957218721918e-02 -2.880138830254630022e+00 -3.290567539601843006e+00 5.326606937376176631e+01 -1.743936586741786199e+00
4.594127413739334531e-01 7.955806575685932247e-02 -1.689316544451210600e+00 -1.974924317481959068e+00 5.197502144206077901e+01 -3.097828434819653420e+00
3.865674307163946555e-01 6.254908734567160566e-02 -3.328732360410125324e+00 -3.284296503144780832e+00 5.372927744742418099e+01 -1.880793839786547572e+00
2.651360154299319261e-01 4.275424329150362412e-02 -2.143589120256149450e+00 -1.200583724920215811e+00 5.245681828796907098e+01 -4.522551749714593505e+00
3.282034090328844189e-01 5.464012160867396523e-02 -2.826011499572117280e+00 -2.412695640905610617e+00 5.319831294208371020e+01 -3.047649289091604707e+00
3.016539792991504987e-01 5.174594314393757277e-02 -1.744664165018187996e+00 -1.069117735808399194e+00 5.198127366206622924e+01 -4.531179021082063052e+00
2.670220810347613827e-01 4.322009995973340180e-02 -3.979799123334009980e+00 -2.831697063119288593e+00 5.429105446342452979e+01 -2.622309848636755536e+00
4.530594734486809716e-01 7.118317978897033271e-02 -1.881345328472366019e+00 -2.212085466533631362e+00 5.222183308886761210e+01 -2.808923082526516346e+00
3.321307704446093134e-01 5.355211123837733123e-02 -2.634686717132662004e+00 -2.131629074929071166e+00 5.293363249406241522e+01 -3.156756014966143553e+00
3.167205888195609997e-01 5.144635897880746322e-02 -3.691436512764820321e+00 -3.354341017490177990e+00 5.419495547639584032e+01 -2.209072027441152386e+00
3.943431854564325989e-01 6.388985997063797995e-02 -3.195658128075902216e+00 -3.159236443561379559e+00 5.356357942425455576e+01 -1.974233919220549138e+00
3.858432572942243066e-01 6.381746281619429806e-02 -2.062593632030992996e+00 -2.154396747993205352e+00 5.246943545558644928e+01 -3.235530797100337530e+00
3.433113302555059754e-01 5.705507639781831619e-02 -2.114233117553989239e+00 -1.793391653874995217e+00 5.242626092877991795e+01 -3.639090973417556718e+00
4.337073573209191402e-01 7.058200945275305838e-02 -3.147876683864612612e+00 -3.369186883531421373e+00 5.354097213029231739e+01 -1.647442037813547255e+00
4.616839013855820184e-01 7.126398506910901209e-02 -2.532489422815362268e+00 -3.020497223065752301e+00 5.298788765501224418e+01 -1.963559014545057657e+00
4.694662802547257541e-01 7.166203910025144286e-02 -2.819204129237621537e+00 -3.229494934765586134e+00 5.325553360965924554e+01 -1.668340927931861728e+00
4.243888491524045459e-01 7.414481366377001503e-02 -1.866462696441297808e+00 -2.013395698748623452e+00 5.214494436774484853e+01 -3.221462631954493006e+00
2.796694514012963984e-01 4.756334860069082182e-02 -1.868633894855981747e+00 -1.346248213558459250e+00 5.223223707097845647e+01 -4.514935741583995465e+00
2.958432553292559275e-01 4.826194278188829928e-02 -3.779436261918263540e+00 -3.293844423706835833e+00 5.427290928702248607e+01 -2.306740186218339872e+00
4.108879623093090738e-01 6.719273437424287676e-02 -2.588766675494575065e+00 -2.985054093397468744e+00 5.308036762678806042e+01 -2.339890791759905220e+00
3.321610234648608162e-01 5.450143795901692123e-02 -2.908880313288657149e+00 -2.553952833123638744e+00 5.327800223723431827e+01 -2.875769851994104176e+00
2.973112806715401124e-01 5.018586629281394929e-02 -3.167480543577417595e+00 -2.715756626353890812e+00 5.360095506132461907e+01 -2.993177057537120600e+00
4.532339707533107331e-01 7.235844823612290477e-02 -3.158963707040844504e+00 -3.593738167137168649e+00 5.363836566640384262e+01 -1.434438640650330443e+00
3.486099223836613414e-01 5.932652133446848775e-02 -2.176673769259760860e+00 -2.241051250728017585e+00 5.262831897801492431e+01 -3.398142275843842430e+00
4.358512192334793589e-01 6.814314601077781086e-02 -1.675677966240773031e+00 -1.793312010588608896e+00 5.198882423258822172e+01 -3.197194508537106294e+00
2.928362845973487283e-01 4.954342195208787103e-02 -2.845023810753771532e+00 -2.383763726788135084e+00 5.326681070502137061e+01 -3.382076044742496013e+00
2.785476385955901746e-01 4.558341233392285141e-02 -2.888637526660259525e+00 -2.071293721077163141e+00 5.322383027241686904e+01 -3.553998685204494912e+00
4.263955145630579091e-01 7.178006027789771148e-02 -1.415586573186715214e+00 -1.274357483135337921e+00 5.155734510226646705e+01 -3.755433825683616167e+00
4.410527955021167346e-01 7.373269885292989267e-02 -3.505001386956748455e+00 -3.965322756891003664e+00 5.399630161237060122e+01 -1.233894980306071920e+00
3.064723716941615272e-01 4.824346415151788137e-02 -3.825406119392638082e+00 -3.733953202431218088e+00 5.446413396392215844e+01 -1.967077215069523266e+00
4.248339803306107609e-01 7.161811994757424915e-02 -2.094067290533070835e+00 -2.790731282092337562e+00 5.264372524858388402e+01 -2.711955047632621962e+00
3.118106998637344418e-01 5.397427587293904261e-02 -3.266680610025884501e+00 -2.597475804039337977e+00 5.355682681105347598e+01 -2.859307922839892768e+00
3.908567731888298313e-01 7.049238206458841027e-02 -1.932574522427909613e+00 -1.797514166325774765e+00 5.215054283928714796e+01 -3.527316265496054815e+00
4.393434761531486710e-01 7.480324333318980057e-02 -2.092317281686367991e+00 -2.345253963335868885e+00 5.243063372154406210e+01 -2.788084746626338095e+00
4.091551842234043002e-01 6.670322427806496535e-02 -3.520701079499910513e+00 -3.797805778910457786e+00 5.400731429833543018e+01 -1.386630613947461121e+00
2.651360154299319261e-01 4.275424329150362412e-02 -2.143589120256149450e+00 -1.200583724920215811e+00 5.245681828796907098e+01 -4.522551749714593505e+00
2.961677400569532326e-01 4.896584099134354551e-02 -2.633534124337487459e+00 -2.172732664110287093e+00 5.305888107699466616e+01 -3.498237334736942650e+00
3.219912594135229678e-01 5.493076458300941156e-02 -1.919058081487942102e+00 -1.478853046389622561e+00 5.221314005611239395e+01 -4.088849422870088901e+00
2.753166169184934065e-01 4.476834649931554777e-02 -3.823376679417909596e+00 -2.774891785339232531e+00 5.414290822245565948e+01 -2.679974390533058859e+00
4.562425034324376627e-01 7.247531111304005014e-02 -1.879504245862960055e+00 -2.087062512763062649e+00 5.216090591606599958e+01 -2.848662441417367130e+00
3.775767256567436059e-01 6.119339578891242609e-02 -2.561994887665718146e+00 -2.437718087529018085e+00 5.291727201994629581e+01 -2.798285472954140651e+00
3.063055303102591997e-01 5.002253848524668839e-02 -3.774702420099211420e+00 -3.378326414832103275e+00 5.428167867388540913e+01 -2.226711196613305965e+00
3.918313116693266651e-01 6.469524124653726338e-02 -2.515232999951947157e+00 -2.445557721636768989e+00 5.284466705686055121e+01 -2.740941479249471957e+00
3.672965202888202052e-01 6.160341728945458589e-02 -1.851463520862763446e+00 -1.839371546772629040e+00 5.224213649586154418e+01 -3.640651485109004604e+00
3.614121177004664953e-01 5.999293656443389910e-02 -1.788972592647142701e+00 -1.542510110779625743e+00 5.206314191572073469e+01 -3.772187104209820507e+00
4.520769515927570148e-01 7.341021623888500935e-02 -2.782146565234489444e+00 -2.966374758814043222e+00 5.310454705010098309e+01 -1.932614953624680387e+00
4.616839013855820184e-01 7.126398506910901209e-02 -2.532489422815362268e+00 -3.020497223065752301e+00 5.298788765501224418e+01 -1.963559014545057657e+00
4.695474893398767224e-01 7.192761739418244982e-02 -2.785544377180569686e+00 -3.150811715719457951e+00 5.319941641308436431e+01 -1.732135619473165633e+00
4.042492850580904351e-01 7.296217179721826984e-02 -1.885271093468964931e+00 -1.968785791133994323e+00 5.217129214114461888e+01 -3.402829024087637766e+00
3.457798205466570129e-01 5.884928677831666871e-02 -1.532116934608777736e+00 -1.171734941152668075e+00 5.177449570421636338e+01 -4.339012394260319816e+00
2.958432553292559275e-01 4.826194278188829928e-02 -3.779436261918263540e+00 -3.293844423706835833e+00 5.427290928702248607e+01 -2.306740186218339872e+00
4.053058089579257839e-01 6.662758346837577283e-02 -2.393743745059837558e+00 -2.835776708902230325e+00 5.289661309506658426e+01 -2.557010663745668655e+00
3.405241907402937196e-01 5.558377945493266081e-02 -2.884577116598539881e+00 -2.584077154302550028e+00 5.325926981853643838e+01 -2.816869278238179231e+00
2.842980913486592986e-01 5.000092107726261670e-02 -3.036076648387224353e+00 -2.384450369645390921e+00 5.338624015550540491e+01 -3.373459701815675782e+00
4.410373329802249609e-01 7.063282755947093705e-02 -3.219554395700495064e+00 -3.609372783177140498e+00 5.370496904229213442e+01 -1.473466789067004790e+00
3.514229778849889962e-01 5.985697673742881864e-02 -2.555015996676217593e+00 -2.808817205763053160e+00 5.309579302923722821e+01 -2.869375538415492866e+00
4.234052406937956481e-01 6.843785812675552693e-02 -1.841978721346785086e+00 -2.069438284680584772e+00 5.221381374429053324e+01 -3.113269977390855647e+00
3.089968563881684838e-01 5.153085940834538359e-02 -2.748014661032569084e+00 -2.290574063321676235e+00 5.313372429662673113e+01 -3.363466298840745328e+00
3.003126017402332204e-01 4.963921513316028877e-02 -3.506106668906524781e+00 -2.886142709192165867e+00 5.387209784904902676e+01 -2.628665288976987036e+00
4.253770697439127058e-01 7.161674170567065845e-02 -1.431371172672240455e+00 -1.295677214000553246e+00 5.157864971694951350e+01 -3.742976908094826971e+00
4.410527955021167346e-01 7.373269885292989267e-02 -3.505001386956748455e+00 -3.965322756891003664e+00 5.399630161237060122e+01 -1.233894980306071920e+00
2.979581047089916446e-01 4.656499631059790589e-02 -3.849047342668164173e+00 -3.764416845709511517e+00 5.450604347016723494e+01 -1.977275678775919587e+00
4.250841290667410899e-01 7.164406185017055395e-02 -1.985378610895863316e+00 -2.547816985736649276e+00 5.246969344389363954e+01 -2.879114301707506485e+00
3.118106998637344418e-01 5.397427587293904261e-02 -3.266680610025884501e+00 -2.597475804039337977e+00 5.355682681105347598e+01 -2.859307922839892768e+00
3.792872026685263354e-01 6.801973093999827413e-02 -2.040272887730735452e+00 -1.866710471401688221e+00 5.228229835262666114e+01 -3.510173247739879265e+00
4.349307916677496166e-01 7.430481913606386268e-02 -2.088493276691805178e+00 -2.310092583517866505e+00 5.241973465733180859e+01 -2.841140797910716387e+00
4.088232091715990890e-01 6.661414986962521656e-02 -3.536408751413924634e+00 -3.813779222036931316e+00 5.402465276244524972e+01 -1.371219082570281245e+00
2.733426218748228886e-01 4.436628891238057759e-02 -2.093663784232018266e+00 -1.212888986804597558e+00 5.240221576192303132e+01 -4.487296701024850343e+00
2.962915594917663875e-01 4.923444000701755752e-02 -2.196271772937073763e+00 -1.744930020143855121e+00 5.259562264298569545e+01 -3.952898189064397272e+00
3.200114669346696417e-01 5.453751260234732112e-02 -1.986999049238567849e+00 -1.537499767508294646e+00 5.228734641429142016e+01 -4.033262059011602396e+00
2.850286893228932139e-01 4.592528275231710921e-02 -3.814020940607505405e+00 -3.059296203985162776e+00 5.422899345534460025e+01 -2.471243497422059399e+00
4.562425034324376627e-01 7.247531111304005014e-02 -1.879504245862960055e+00 -2.087062512763062649e+00 5.216090591606599958e+01 -2.848662441417367130e+00
3.457879327887871668e-01 5.554168020910499326e-02 -2.667597310155030765e+00 -2.397460029854999508e+00 5.304174959327104943e+01 -2.938132801538097638e+00
3.064269826585948042e-01 5.080221553005470625e-02 -3.728727550979735739e+00 -3.251499193160174883e+00 5.418424580896378018e+01 -2.314120325023213631e+00
3.917879813148215096e-01 6.468518752639430824e-02 -2.517369005626427292e+00 -2.447742398299607824e+00 5.284705976743856581e+01 -2.738826410583873106e+00
3.605107360355666590e-01 5.971934521303868398e-02 -2.352229748898805095e+00 -2.240737043939476703e+00 5.273861343802046520e+01 -3.184233057449510795e+00
3.559457236350022646e-01 5.839580160007482035e-02 -2.110193228205494265e+00 -1.905378442558839813e+00 5.244461881330467889e+01 -3.453906902087353181e+00
4.467650885755455881e-01 7.285370583066534678e-02 -2.774383767747309992e+00 -2.934295965417769381e+00 5.309803470751804610e+01 -2.006269540221818026e+00
4.551007625827083736e-01 7.070841377831596497e-02 -2.320640086478864550e+00 -2.911402189329038048e+00 5.281080269287003404e+01 -2.157299116499213021e+00
4.695474893398767224e-01 7.192761739418244982e-02 -2.785544377180569686e+00 -3.150811715719457951e+00 5.319941641308436431e+01 -1.732135619473165633e+00
4.214355870750158828e-01 7.400324957942677750e-02 -2.043558678592893862e+00 -2.026151439504629614e+00 5.227269358982656655e+01 -3.119271284985583481e+00
3.669041779491438171e-01 6.220547564239702065e-02 -1.455500918832233426e+00 -1.337395888039655922e+00 5.174787160653009011e+01 -4.160148359164090870e+00
2.994568231963390392e-01 4.908381754267025082e-02 -3.716230768619546154e+00 -3.245253831088399821e+00 5.420062431132315339e+01 -2.344796672373051116e+00
3.538303864620962469e-01 5.776576783185303349e-02 -2.768439529458423198e+00 -2.695814786451421252e+00 5.320233834156360331e+01 -2.735198407647255081e+00
3.287134389274505852e-01 5.187521866369248363e-02 -2.968941950534323304e+00 -2.566698753098192842e+00 5.334631426378926733e+01 -2.813567929291179048e+00
2.666986281154061778e-01 4.684575595032830497e-02 -3.585581079826857920e+00 -2.876565686201678851e+00 5.399544722221835968e+01 -2.961657117310096510e+00
4.422653938270506013e-01 6.986030853105131000e-02 -3.636530419812741499e+00 -3.960218618780198430e+00 5.412260858628134486e+01 -1.028201912367676885e+00
3.300567126818946262e-01 5.611764965971480223e-02 -2.381116698669719423e+00 -2.350132084347890338e+00 5.284278726613779753e+01 -3.336711389302735586e+00
4.226384903241250379e-01 6.677912140499223104e-02 -1.882950071333585607e+00 -1.897298692641232076e+00 5.218326625783262784e+01 -3.121340624089814941e+00
2.802993893411058757e-01 4.803907363120678981e-02 -2.593254843832157430e+00 -2.011618417927836688e+00 5.297735247362597022e+01 -3.815118709782545192e+00
3.243972303380057709e-01 5.341292043508955728e-02 -2.931691523609872174e+00 -2.490516966592697390e+00 5.328564219649228306e+01 -2.955913091279544602e+00
4.107073019959716631e-01 6.907494056661971082e-02 -1.584725439845629413e+00 -1.493847632358044075e+00 5.180233121075804803e+01 -3.662328255978390956e+00
4.387949727327288274e-01 7.266326549996937612e-02 -3.225248673977816338e+00 -3.552786953883209975e+00 5.365512974691571202e+01 -1.567817922458506708e+00
3.567617731805290959e-01 5.841433505071635945e-02 -3.247139279940095768e+00 -3.227077013573667053e+00 5.373702381767134995e+01 -2.206398486420341865e+00
4.311994218827581715e-01 7.257112069008089805e-02 -1.861889618738012508e+00 -2.470410991637256082e+00 5.234027246856894777e+01 -2.933018344586176607e+00
3.278508628483133291e-01 5.637434835407344191e-02 -3.184024051462187366e+00 -2.591264531303384189e+00 5.346796904601140454e+01 -2.796883514707900087e+00
4.091378689103339905e-01 7.402982285494039139e-02 -1.797782062280974147e+00 -1.770404815853277691e+00 5.200659004498652394e+01 -3.499908559345359826e+00
4.011131564894473978e-01 7.032355203390289189e-02 -2.266390373928065749e+00 -2.123885100654836933e+00 5.253189246533433732e+01 -3.104428269844835775e+00
3.941989075770764850e-01 6.533450108043430127e-02 -3.717240323808709057e+00 -3.973442485774064892e+00 5.422339542726354722e+01 -1.284299117912129029e+00
2.709126970404446277e-01 4.392920300189991772e-02 -2.102666694740753961e+00 -1.207918943634392006e+00 5.241282747351694127e+01 -4.501890054355770943e+00
3.030261967752531649e-01 4.864052339860334279e-02 -2.255910203689515559e+00 -1.641418260051704658e+00 5.260345090822632130e+01 -3.886045968899136227e+00
3.334855720698984283e-01 5.754992560864689854e-02 -1.868121575208077978e+00 -1.419668910074876500e+00 5.211222995036266781e+01 -4.078912795016749193e+00
2.822732003047886962e-01 4.551284154089058759e-02 -3.911459016616065654e+00 -3.139561272400550607e+00 5.433100567695879590e+01 -2.398321909710275257e+00
4.648005652217668815e-01 7.353311218031133301e-02 -1.580472145985555077e+00 -1.775430960227770694e+00 5.182454366269198687e+01 -3.115306046142830354e+00
3.574916034108709950e-01 5.735091545623553777e-02 -2.609525716522179906e+00 -2.393831895648481645e+00 5.297783292791864085e+01 -2.901924064218850852e+00
3.123770967994185521e-01 5.220652804392712093e-02 -3.743946384975956665e+00 -3.264364692649435629e+00 5.417722460872376899e+01 -2.281200585000229708e+00
4.048878908733749560e-01 6.846469502568931775e-02 -2.294917014660750265e+00 -2.286704334358232504e+00 5.259361409921928043e+01 -2.889701150671721841e+00
3.411922908858299186e-01 5.626374886926637647e-02 -2.313869971411698145e+00 -2.442608004360400376e+00 5.285099943165732128e+01 -3.295305960875143381e+00
3.531170088903459181e-01 5.716745957485588892e-02 -2.129414795799472682e+00 -1.887342250884518791e+00 5.245450715850667223e+01 -3.425477076423035783e+00
4.196460952139952072e-01 6.903951403780841933e-02 -3.179455717480646371e+00 -3.336465985215645080e+00 5.357290334950104693e+01 -1.752885144277376295e+00
4.302345723275485811e-01 6.923772624841073586e-02 -1.852671119183390891e+00 -2.001897627173697458e+00 5.216430271985931455e+01 -3.074328548276057393e+00
4.898261905228468716e-01 7.836134498747956978e-02 -2.732433977001243797e+00 -3.373296860606465053e+00 5.317518478777284230e+01 -1.582605772653635112e+00
4.122384266249609075e-01 7.382105530661303705e-02 -1.720810456547928080e+00 -1.579359175983211738e+00 5.189084189757385701e+01 -3.597134801786747715e+00
3.928241292624001235e-01 6.663542746196440825e-02 -1.415241079075655994e+00 -1.450744480369493994e+00 5.169645516100839444e+01 -3.945315969854212401e+00
3.023891335891457088e-01 4.964339633378287570e-02 -3.664721014992300852e+00 -3.206900274924919358e+00 5.414302213982008993e+01 -2.372614730261302540e+00
3.482572759695761189e-01 5.711951858037681018e-02 -3.572199416261110372e+00 -3.662487499840812788e+00 5.413868011138230685e+01 -1.908194358433697779e+00
2.867243828257585170e-01 4.732578574380870429e-02 -3.529772828672211205e+00 -2.744919275814321491e+00 5.385550583779656364e+01 -2.763236467666421614e+00
2.699605508701986567e-01 4.779832428119284993e-02 -3.527975774514620522e+00 -2.884588252570022160e+00 5.394656658157383333e+01 -2.983135238169729142e+00
3.988305173418920102e-01 6.432133355777687467e-02 -2.905368555605129188e+00 -2.982199252032751602e+00 5.332737835924471881e+01 -2.219700908515604532e+00
3.300567126818946262e-01 5.611764965971480223e-02 -2.381116698669719423e+00 -2.350132084347890338e+00 5.284278726613779753e+01 -3.336711389302735586e+00
4.040191749020528023e-01 6.462341218916128893e-02 -2.327910313006125165e+00 -2.312025074424386428e+00 5.267066320965324167e+01 -2.812403122866121929e+00
2.918131163564410269e-01 4.981712869710826913e-02 -2.543983796423003874e+00 -2.021772358822236715e+00 5.292323735872570722e+01 -3.753933164206789463e+00
3.368167614891975359e-01 5.484619185767364291e-02 -2.861139625008696452e+00 -2.479559372034512155e+00 5.321010731033935315e+01 -2.884545215940666374e+00
4.248730010958371994e-01 7.048960655931753305e-02 -1.242737274434726702e+00 -1.203143581576840093e+00 5.142648644057852181e+01 -3.875306292353180915e+00
4.420667862162850903e-01 7.247101282789567001e-02 -3.433845390994717306e+00 -3.794680715387547032e+00 5.388901289918750592e+01 -1.302624481057471861e+00
3.467932869791356398e-01 5.619572848097804940e-02 -3.915773670184189648e+00 -3.933423626493447234e+00 5.448801624338808125e+01 -1.533755358701828220e+00
4.252627718731689099e-01 7.142032243363639898e-02 -1.898882662229732343e+00 -2.447842934471849752e+00 5.237039561887912242e+01 -2.955723047310930163e+00
3.379040456116975677e-01 5.761109790422758170e-02 -3.295516218337780412e+00 -2.855003842102213252e+00 5.362303801269058567e+01 -2.512478420174533600e+00
3.906301629094725558e-01 6.648261248045422844e-02 -2.114655342799245386e+00 -2.052739623220800169e+00 5.240961938785179086e+01 -3.209734179748439775e+00
3.660958376632395539e-01 6.004272610907439994e-02 -3.784106224261730045e+00 -3.722704975995605015e+00 5.426744770310671839e+01 -1.594893818811127684e+00
3.840635712922579881e-01 6.401476692958336934e-02 -3.763432050234128745e+00 -3.922202394873994358e+00 5.425400089120309843e+01 -1.361866702155699826e+00
2.771524217052456218e-01 4.501256152023447310e-02 -2.184383010398287528e+00 -1.347886790661772860e+00 5.250446339507796978e+01 -4.339042308123826963e+00
3.196369181733622611e-01 5.129323525196454597e-02 -2.355684084221140839e+00 -1.860935103584616890e+00 5.270893754985723234e+01 -3.596462555660187466e+00
3.403984192227991201e-01 5.818543665854543356e-02 -2.183355807833804452e+00 -1.841888459015508239e+00 5.248283876687561644e+01 -3.654408613976149134e+00
2.867230374226892309e-01 4.653262954025910725e-02 -3.774294803824786548e+00 -3.042865840040027692e+00 5.418304030587227516e+01 -2.495503471653895744e+00
4.392919945479150101e-01 6.999619193855108334e-02 -2.203646294030975117e+00 -2.368473800160828979e+00 5.253110058258612014e+01 -2.648850565234350807e+00
3.626826276890266487e-01 5.820807777844305697e-02 -2.550313000525398444e+00 -2.362952383632104691e+00 5.291491103077814984e+01 -2.917082422805685749e+00
3.123770967994185521e-01 5.220652804392712093e-02 -3.743946384975956665e+00 -3.264364692649435629e+00 5.417722460872376899e+01 -2.281200585000229708e+00
4.009646931233969980e-01 6.752753649903082966e-02 -2.299403006118047710e+00 -2.274580685832061189e+00 5.260472721309847088e+01 -2.926413503521755999e+00
3.745545201720490991e-01 6.217627081485392615e-02 -2.364216780157926134e+00 -2.991863651339768726e+00 5.301159594880930825e+01 -2.773378633778942781e+00
3.627378858192640276e-01 5.960721319266201745e-02 -1.876666764481241589e+00 -1.699755393834398332e+00 5.218926610783950082e+01 -3.654488399888334627e+00
4.317862217856111573e-01 7.058640608452652898e-02 -2.816100007940616212e+00 -2.988564320125362883e+00 5.317578687609083943e+01 -2.048946068369327911e+00
4.338389144020215471e-01 6.986203114243073886e-02 -1.923974133328834935e+00 -2.091033466377408168e+00 5.223721486252808432e+01 -2.970534105816789783e+00
4.825290892304122115e-01 7.734699159306610006e-02 -2.758837143444130557e+00 -3.357077153784786994e+00 5.320078610998670854e+01 -1.629087821367822153e+00
3.979867965216286607e-01 6.999413135492624227e-02 -2.195091914379259102e+00 -2.087118232855337929e+00 5.245195981431083965e+01 -3.152520394266851156e+00
3.748543313395591992e-01 6.267981686605868241e-02 -1.558358176349911028e+00 -1.463510200120359261e+00 5.185522392396178049e+01 -3.942903192510573085e+00
3.041141447002185805e-01 5.009264581061000782e-02 -3.576444294113752420e+00 -3.124193882329948657e+00 5.404698950658743684e+01 -2.447794591659787855e+00
3.317698319441292343e-01 5.374867726852380900e-02 -3.918898490208681196e+00 -3.968517618481603115e+00 5.453646829555999886e+01 -1.671878279838995285e+00
2.918282719094409394e-01 4.817656013753894573e-02 -3.468280483742185893e+00 -2.730753081183415532e+00 5.379886873905788036e+01 -2.770980192195278136e+00
2.835715943581340603e-01 4.964704137003479734e-02 -3.562857052996537988e+00 -3.008047972207905651e+00 5.398939546873023687e+01 -2.784488561119489169e+00
4.249263324002460207e-01 6.773220391865135415e-02 -2.204846176550775638e+00 -2.391874232454534788e+00 5.257796287755148512e+01 -2.717791936750392878e+00
3.300567126818946262e-01 5.611764965971480223e-02 -2.381116698669719423e+00 -2.350132084347890338e+00 5.284278726613779753e+01 -3.336711389302735586e+00
4.040191749020528023e-01 6.462341218916128893e-02 -2.327910313006125165e+00 -2.312025074424386428e+00 5.267066320965324167e+01 -2.812403122866121929e+00
2.725507185172590385e-01 4.758698823413778922e-02 -2.529604601439630063e+00 -1.917156748133336475e+00 5.291238840740734872e+01 -3.997897804494712659e+00
3.222806304379406961e-01 5.225263373296432090e-02 -3.128445577773421693e+00 -2.693374571873378809e+00 5.350534006440680912e+01 -2.717660837894212200e+00
4.143866307787926750e-01 6.857238056150533057e-02 -1.682340466250400901e+00 -1.621266898415603563e+00 5.191273096459687508e+01 -3.499606669823929650e+00
4.420667862162850903e-01 7.247101282789567001e-02 -3.433845390994717306e+00 -3.794680715387547032e+00 5.388901289918750592e+01 -1.302624481057471861e+00
3.463869578746563427e-01 5.613826665808002020e-02 -3.912288229460814115e+00 -3.925524451384297731e+00 5.448355856867254232e+01 -1.542737406510128473e+00
4.182144882771164363e-01 6.699918832596070406e-02 -2.101033074795850997e+00 -2.647881553660890841e+00 5.263029011043078498e+01 -2.730812776993385427e+00
3.379040456116975677e-01 5.761109790422758170e-02 -3.295516218337780412e+00 -2.855003842102213252e+00 5.362303801269058567e+01 -2.512478420174533600e+00
3.738287802316001551e-01 6.489405459745969940e-02 -2.505820151298853382e+00 -2.388012423813308693e+00 5.282591154589422899e+01 -2.952282161905352531e+00
3.719533151083160294e-01 6.080833148151538331e-02 -3.626866681219803823e+00 -3.590200377855574665e+00 5.409923359401707188e+01 -1.706695537092628223e+00
3.592009992112816241e-01 5.991938920985268729e-02 -3.756673958690995629e+00 -3.694048654508708562e+00 5.422737305281717823e+01 -1.680713529125676287e+00
2.732298232396401239e-01 4.585223888694784505e-02 -2.676373285236135047e+00 -1.901807542107321503e+00 5.303226075544670692e+01 -3.858232617939000075e+00
3.298131870266408083e-01 5.276511284651946854e-02 -1.917079952724599634e+00 -1.495507367146158506e+00 5.225317646607007305e+01 -3.936855586800346529e+00
3.190583869712619869e-01 5.327688806865476384e-02 -2.653765905591820573e+00 -2.186150873852197307e+00 5.298496784471728205e+01 -3.331983257174272239e+00
2.989868690777983673e-01 4.835761711458171075e-02 -3.557255056874292443e+00 -2.977081028256937767e+00 5.398821854139645637e+01 -2.567249366830805180e+00
4.587132316336919868e-01 7.109539921865554168e-02 -2.456370810535748905e+00 -2.769737916218819151e+00 5.283805998745764754e+01 -2.166692172702043173e+00
3.681087575905264697e-01 5.778123987997054595e-02 -2.344750593000007655e+00 -2.217651507458552551e+00 5.272091931613708482e+01 -3.035056069857060113e+00
3.261749711860117973e-01 5.403433351509080024e-02 -3.577465113626398185e+00 -3.215926949290831782e+00 5.402550938793978474e+01 -2.292614344212302147e+00
4.156671719913487828e-01 6.997082565986456615e-02 -2.091499690525806088e+00 -2.365050617231212016e+00 5.247449988943913723e+01 -2.909390043490686306e+00
3.969638518395404159e-01 6.636110022553350085e-02 -1.602620085876664824e+00 -2.588142542671146629e+00 5.229472155959945212e+01 -3.244753166985140158e+00
3.409613639311024902e-01 5.600554578845048925e-02 -1.769078076149922962e+00 -1.514733380155108611e+00 5.209184586738209788e+01 -3.939892568269843576e+00
4.195994534444507651e-01 6.962960805906869000e-02 -3.154752195331159914e+00 -3.172299061516451246e+00 5.348134410931130844e+01 -1.857064563363894250e+00
4.461036540804765860e-01 7.142479024424633338e-02 -1.736283385373618371e+00 -1.978541671533794233e+00 5.204597625796500182e+01 -3.043448743291139014e+00
4.482532798040421707e-01 7.177590925694499191e-02 -2.665773790614828442e+00 -3.039756642897829320e+00 5.308801112954515133e+01 -2.028038420841522527e+00
3.983025450822536007e-01 6.910620611394031887e-02 -2.251431750822473266e+00 -2.223789738542908623e+00 5.255204571651957224e+01 -3.040847081315019906e+00
3.652261931857427868e-01 5.999095336063902523e-02 -1.790903227698019684e+00 -1.692978040248267257e+00 5.213161058567465744e+01 -3.726171266944246163e+00
3.090857582740390574e-01 5.079870655902667120e-02 -3.110477082926273784e+00 -2.522708198253362344e+00 5.349652872737403442e+01 -2.988733302302295947e+00
3.312684006012874272e-01 5.363264065960673260e-02 -3.931572555011944914e+00 -3.981768196909202473e+00 5.455153807578618341e+01 -1.661433003923062035e+00
3.162735670033957613e-01 5.194170364768366244e-02 -3.415732397422293953e+00 -2.754398817568867841e+00 5.372483998821636675e+01 -2.620872523071869686e+00
2.729815684531668452e-01 4.862469268148747470e-02 -3.872677387604822385e+00 -3.297123167243254827e+00 5.433222573007329004e+01 -2.582379235992661837e+00
3.992921991572243035e-01 6.229139953348444142e-02 -1.351292038465253809e+00 -1.364860521306974217e+00 5.167951937613167246e+01 -3.814297841452645166e+00
3.324353534523617482e-01 5.568675203515061761e-02 -2.974747602051203810e+00 -2.970352738544322690e+00 5.348860832129243192e+01 -2.663790669550083479e+00
3.914516023078618567e-01 6.219251577726634533e-02 -2.612365384619203645e+00 -2.525242485034119078e+00 5.297829189557223373e+01 -2.603502166391684192e+00
2.666782642129812975e-01 4.703603632343425489e-02 -2.458889288799256168e+00 -1.825495542150311179e+00 5.284236854660548488e+01 -4.149077100709833488e+00
3.070201231941133146e-01 5.052776089536666071e-02 -3.720698103725601058e+00 -3.272466167141081073e+00 5.416333370240187861e+01 -2.253159920833013530e+00
4.109983425206314434e-01 6.790460665290019848e-02 -1.686953759607977776e+00 -1.607329483103904444e+00 5.192024892596835883e+01 -3.523337485567183069e+00
4.589582368823153513e-01 7.473685690625948841e-02 -3.475934367115256052e+00 -3.965919117438633013e+00 5.395332497877085132e+01 -1.084364589191544548e+00
3.463869578746563427e-01 5.613826665808002020e-02 -3.912288229460814115e+00 -3.925524451384297731e+00 5.448355856867254232e+01 -1.542737406510128473e+00
4.325111805793197539e-01 6.902954945578231027e-02 -2.101838515988759593e+00 -2.707593123944613822e+00 5.262936480817146645e+01 -2.614348011795908810e+00
3.456988679249609620e-01 5.954407829030916588e-02 -3.193722319747408722e+00 -2.817743407665228350e+00 5.352210413847951997e+01 -2.547825490814914939e+00
3.868052924483365018e-01 6.776566681648871215e-02 -1.773863372186530674e+00 -1.635659159051290334e+00 5.200771286075254096e+01 -3.654523332572086058e+00
3.689995592378278455e-01 5.974762041789352662e-02 -3.795820845147333422e+00 -3.767432468622921249e+00 5.429328822941156574e+01 -1.535408108286439921e+00
3.547958529730974031e-01 5.960890028915338118e-02 -3.912976356984094295e+00 -3.853697206977901857e+00 5.439798645637265651e+01 -1.554668788755455111e+00
2.732298232396401239e-01 4.585223888694784505e-02 -2.676373285236135047e+00 -1.901807542107321503e+00 5.303226075544670692e+01 -3.858232617939000075e+00
3.274259971423785776e-01 5.314946230494166368e-02 -1.831985873788760433e+00 -1.392717097963616535e+00 5.214921948417506314e+01 -4.069100025454003955e+00
2.982847978613268891e-01 4.934526805376315134e-02 -2.712275770246672213e+00 -2.124162853737823653e+00 5.304535333706991196e+01 -3.462442439286884888e+00
2.905393296283903526e-01 4.745425196418595615e-02 -3.462903018490064877e+00 -2.754028528096404749e+00 5.385023478962563814e+01 -2.806086729579009287e+00
4.735275074379372562e-01 7.273275466125583844e-02 -2.602973563623551811e+00 -3.059170944529980396e+00 5.302644939862759088e+01 -1.834256523698070351e+00
3.750792503304829495e-01 5.813705031106211618e-02 -2.219189372126154858e+00 -2.066976599123932168e+00 5.256822409452747991e+01 -3.109326228406480652e+00
3.287285361852413934e-01 5.532248153101768096e-02 -3.065282085376047405e+00 -2.656125355420848155e+00 5.344403806775842014e+01 -2.849217829799875368e+00
4.452440835527384788e-01 7.537318565563602690e-02 -1.952708184304420502e+00 -2.361254450566081076e+00 5.231094750839666574e+01 -2.812293186449428717e+00
3.887688731631607775e-01 6.526342581007012200e-02 -2.001721435295419127e+00 -2.625436444616384701e+00 5.258213894495558804e+01 -3.036354222158751170e+00
3.376365988365302440e-01 5.564667294921642193e-02 -1.868708141354503693e+00 -1.608596432754605399e+00 5.220153686981725372e+01 -3.867782073336915261e+00
4.252187626179269597e-01 7.063630780281339450e-02 -3.109359309293199036e+00 -3.129992885744393050e+00 5.341989898847541696e+01 -1.863043849657370021e+00
3.967005923298186354e-01 6.464766061627924554e-02 -1.544999436392525904e+00 -1.280973457201543209e+00 5.173814734117804193e+01 -3.809999237773740610e+00
4.959023835616678255e-01 7.747344189303005668e-02 -2.594336857019091003e+00 -3.151336093870888089e+00 5.300323931343476858e+01 -1.678805076777918570e+00
4.396429444287995314e-01 7.446270768679684460e-02 -2.716423566244219323e+00 -3.007699505406250751e+00 5.308643780315820493e+01 -2.109968865225245960e+00
3.422992967668730957e-01 5.925077264511303954e-02 -1.786409314770776913e+00 -1.597159337605071006e+00 5.210020832602297247e+01 -4.012426057663615708e+00
3.072805759251575064e-01 5.055579098164907775e-02 -3.043925040007510852e+00 -2.456098656725775875e+00 5.342112303938834827e+01 -3.067905092579579662e+00
3.304853014477266426e-01 5.366479971526442322e-02 -3.874618004646364522e+00 -3.843214090706613462e+00 5.445577524819083948e+01 -1.762241692591131059e+00
3.200090105544506902e-01 5.239460600936973050e-02 -3.536346900099048618e+00 -3.040585419652114929e+00 5.391696062020576363e+01 -2.395188106365389480e+00
2.729815684531668452e-01 4.862469268148747470e-02 -3.872677387604822385e+00 -3.297123167243254827e+00 5.433222573007329004e+01 -2.582379235992661837e+00
3.968807429988215896e-01 6.211111165503808984e-02 -1.322514680919062435e+00 -1.291946380943907569e+00 5.163363492847469871e+01 -3.879301635419412975e+00
3.500007992469306162e-01 5.916818763111372781e-02 -2.432342750228837502e+00 -2.296806469427179032e+00 5.281797490192613509e+01 -3.200688124319718053e+00
3.712989707566687336e-01 5.788177564931577812e-02 -2.797560306746147862e+00 -2.515554062779120859e+00 5.315604369950914077e+01 -2.624812094787805972e+00
2.624019499212746909e-01 4.666532892985224973e-02 -2.397272187738950677e+00 -1.759079197919224846e+00 5.278141299987648694e+01 -4.262948235509629313e+00
2.985947424049554821e-01 4.924683128967399792e-02 -3.731911265333759165e+00 -3.175050269788068036e+00 5.415553196245696910e+01 -2.363368655942390983e+00
4.399307216901385820e-01 7.256100942799513509e-02 -1.119948835129725317e+00 -1.225535004059770561e+00 5.132563848075238866e+01 -3.829230733596529657e+00
4.555929337182830774e-01 7.431597318523357198e-02 -3.259600077167839061e+00 -3.703399549502645272e+00 5.371070993457099974e+01 -1.352214735894658126e+00
3.461642683068837378e-01 5.515273482999606680e-02 -3.950214692686252249e+00 -3.974410131766684451e+00 5.454754554214919438e+01 -1.455316944051719519e+00
4.106588824869129573e-01 6.525596629733609877e-02 -1.638186951062273522e+00 -2.140592900866107318e+00 5.214737320418750954e+01 -3.278007980148620604e+00
3.512628314725310674e-01 6.029176385557041828e-02 -3.281103011603014430e+00 -2.874878477594544179e+00 5.358612031216304672e+01 -2.386204263986949847e+00
4.085159766090041278e-01 6.885343030890628269e-02 -1.677797687099596535e+00 -1.572404929699060983e+00 5.189033417563894801e+01 -3.538476742858726709e+00
3.661399890166892601e-01 5.932224004310109045e-02 -3.792354876948649256e+00 -3.744596008878655624e+00 5.428729246502162908e+01 -1.568523312946882742e+00
3.528202840446679756e-01 5.919744074519608934e-02 -3.824015538933950076e+00 -3.689408541927013729e+00 5.427666242745139868e+01 -1.702697067015698673e+00
2.749120319869061135e-01 4.554828155487691127e-02 -2.732215487024715728e+00 -1.921401765913698600e+00 5.308101836160587084e+01 -3.783554036700504053e+00
3.102058630431225872e-01 5.100032415534380692e-02 -2.086872184242638539e+00 -1.585734676522008391e+00 5.242851033415962547e+01 -3.985675270483858945e+00
2.801962803258316037e-01 4.711696114029603755e-02 -1.881284037225113170e+00 -1.100997481903025488e+00 5.211203686485949760e+01 -4.592111768999671106e+00
2.844640426170734759e-01 4.758876629298047084e-02 -3.512982623974895802e+00 -2.666854483437331336e+00 5.385544391008021137e+01 -2.880269450587483959e+00
4.926652848935672568e-01 7.440636151971968815e-02 -2.891028902176304261e+00 -3.247334574785774919e+00 5.325665230349070356e+01 -1.425840697204193708e+00
3.877428246409427293e-01 6.136293091552815632e-02 -2.099506711872045628e+00 -2.077796237658756429e+00 5.245400794111463227e+01 -3.125677247237621970e+00
2.876500792785801619e-01 5.115283776771093610e-02 -3.513265248701471055e+00 -2.869706911038516939e+00 5.391148341737059724e+01 -2.886096636431525031e+00
4.663526293056035610e-01 8.145995575147209344e-02 -2.118651872216390508e+00 -2.460143661027931472e+00 5.237975851122152449e+01 -2.558577500987312625e+00
3.740683307082363074e-01 6.295885954878802093e-02 -2.245003998025891789e+00 -2.651662432164846539e+00 5.278981259556909578e+01 -2.997432776591551384e+00
3.462361037142709375e-01 5.674805801580361242e-02 -2.369067394641640512e+00 -2.105061374979744215e+00 5.271627118460116890e+01 -3.301337580895875590e+00
4.057837287177069596e-01 6.806371218281095925e-02 -3.225570605772115407e+00 -3.213218019574865636e+00 5.356991111147357998e+01 -1.907182953158863548e+00
3.323985508560576285e-01 5.484810325265117303e-02 -1.656458903802026983e+00 -1.040188966514382196e+00 5.186371552598222934e+01 -4.313644959556834024e+00
4.464677684903128330e-01 7.103642075862075245e-02 -2.237810776881040020e+00 -2.542621261421071921e+00 5.261250385461571000e+01 -2.513265292089282177e+00
4.249441219710589634e-01 7.029709939571220090e-02 -2.301887678502076096e+00 -2.489862855175602352e+00 5.265817696317329677e+01 -2.648632236404742546e+00
3.528669730875462762e-01 5.854411512647131333e-02 -1.795169166455843346e+00 -1.618001587376802552e+00 5.212274304655002055e+01 -3.843675483171630880e+00
3.122526209997303903e-01 5.222163931011145066e-02 -3.302441879192800744e+00 -2.801440504731159908e+00 5.370791304287281065e+01 -2.740682591422251235e+00
3.304853014477266426e-01 5.366479971526442322e-02 -3.874618004646364522e+00 -3.843214090706613462e+00 5.445577524819083948e+01 -1.762241692591131059e+00
3.395027633893917263e-01 5.462788779268318989e-02 -3.785267001947801635e+00 -3.428896605532422370e+00 5.419866505012746671e+01 -1.906011379938222339e+00
2.779267795253055895e-01 4.748817805984090895e-02 -3.081781099690380721e+00 -2.503252011383897635e+00 5.350424247554448698e+01 -3.295517904310868662e+00
3.913098463102664404e-01 6.075883918780808357e-02 -1.348727780990812253e+00 -1.300540367069174863e+00 5.167349131035599896e+01 -3.885781076981002613e+00
2.936964997224870144e-01 5.200257842641337058e-02 -3.001885308684544729e+00 -3.174445384709817297e+00 5.366281931526456361e+01 -2.942403182180397536e+00
3.685800702348759339e-01 5.829785054296380414e-02 -2.468185912990903841e+00 -2.345909775676707998e+00 5.287050851230833359e+01 -2.944675129829130267e+00
2.619138076825415218e-01 4.674383187533764222e-02 -2.669623683942624837e+00 -2.031837537780831315e+00 5.306849042191870325e+01 -3.983254454103904330e+00
2.917211582744579923e-01 4.981431525676291439e-02 -3.298072197194740873e+00 -2.423834085914846170e+00 5.357249688391963360e+01 -3.041861701341647350e+00
4.452456922487514346e-01 7.302748537403302986e-02 -1.259954128277889884e+00 -1.408405688113857579e+00 5.148494050496736918e+01 -3.625030095768222438e+00
4.583613458721488287e-01 7.432272301781300827e-02 -3.232076683369945247e+00 -3.669342475188987596e+00 5.367680276050224819e+01 -1.357712822734784330e+00
3.464504050322096407e-01 5.518018420850959171e-02 -3.957103770381955599e+00 -3.989274718014388821e+00 5.455798578892583350e+01 -1.441060403936177181e+00
4.019970984282266735e-01 6.428135392311139229e-02 -1.652302841665383770e+00 -2.053673628173064536e+00 5.213345676070237289e+01 -3.373104025674028783e+00
3.512628314725310674e-01 6.029176385557041828e-02 -3.281103011603014430e+00 -2.874878477594544179e+00 5.358612031216304672e+01 -2.386204263986949847e+00
4.102200593861520250e-01 7.078678230631717250e-02 -3.128618461482980173e+00 -2.849953105521151109e+00 5.333272648234754598e+01 -2.113299307161104146e+00
3.802025194194957880e-01 6.290762440848693404e-02 -3.610097559670182310e+00 -3.497313619203976209e+00 5.401830001441276607e+01 -1.706339343448331380e+00
3.518330196885258720e-01 5.902024819285144053e-02 -3.806882137396047305e+00 -3.664026272896781400e+00 5.425836309189946149e+01 -1.731940626365804148e+00
2.623000916094895274e-01 4.339643971330841427e-02 -2.898645911127351482e+00 -1.984064574472004683e+00 5.325224312893611511e+01 -3.758149903963937000e+00
2.927423894468215715e-01 4.718124785781914465e-02 -2.044015364530622492e+00 -1.518339764454594398e+00 5.242274677528361337e+01 -4.143681942188536027e+00
3.142390261015902131e-01 5.377061800950880960e-02 -2.497606353423680758e+00 -1.849267551474525151e+00 5.274006445973975588e+01 -3.612030430730427177e+00
2.644463588902265516e-01 4.471189348524831630e-02 -3.438407192298262416e+00 -2.396985862146429724e+00 5.374330149471550300e+01 -3.207884759071727210e+00
4.339126552451113006e-01 6.782774931030083332e-02 -2.406692478352398190e+00 -2.539016197671814190e+00 5.275327676096670615e+01 -2.469107363334335226e+00
3.934989498055979640e-01 6.196042567172609788e-02 -2.035697861326927871e+00 -2.011502057160647894e+00 5.237456319786266334e+01 -3.142481720889857666e+00
2.922851981292279855e-01 5.152254244049848247e-02 -3.286187992621146137e+00 -2.670027277432462043e+00 5.366458269978039652e+01 -3.042989287990828906e+00
4.466111082410808009e-01 7.804978595156111809e-02 -2.328549411310391282e+00 -2.454611950190701997e+00 5.256146126713571221e+01 -2.567840981343793239e+00
4.023139739768594181e-01 6.853507174883520514e-02 -2.546314643344994799e+00 -3.025733002843469244e+00 5.306082507617174571e+01 -2.477418748436976959e+00
3.037139687374589836e-01 5.237827709820656874e-02 -2.630357151394247417e+00 -2.095551255621878273e+00 5.295153377942079942e+01 -3.503250439032449481e+00
4.107634186593982495e-01 6.887107407933609760e-02 -3.254653963537144534e+00 -3.275769877371901284e+00 5.360315457799863736e+01 -1.826400212933146694e+00
3.374892571630702109e-01 5.564491818153840391e-02 -1.959433593632005310e+00 -1.482742439053985173e+00 5.222168236694173515e+01 -3.893654616632625132e+00
4.372140430058483740e-01 6.847953328992828492e-02 -1.464228240539878989e+00 -1.665982679521047949e+00 5.178443256939155503e+01 -3.412335856899520792e+00
4.573554482179527647e-01 7.808092066372859796e-02 -2.478210441587477053e+00 -2.848872527802811305e+00 5.283605755493684342e+01 -2.233010669679420968e+00
3.448576947075658317e-01 5.817145586851104472e-02 -1.853484547286667006e+00 -1.599236431058548957e+00 5.214370198836467551e+01 -3.874591200234976274e+00
3.107262033648974797e-01 5.202263728301532997e-02 -3.427154784389484732e+00 -2.934887083096282545e+00 5.384764427553233190e+01 -2.621502314573672443e+00
3.686833401097375229e-01 5.938768279598560795e-02 -3.071975445061040144e+00 -2.989672670235981933e+00 5.351179731512883819e+01 -2.324420689557382236e+00
3.449802646735655731e-01 5.553135582670543080e-02 -3.748820453505760320e+00 -3.475102792961392240e+00 5.418618736134944669e+01 -1.855496243940127243e+00
2.871027235452148219e-01 4.716314573619043854e-02 -3.429245466551482657e+00 -3.125225332523529076e+00 5.399726422730907416e+01 -2.731684427023870043e+00
3.767068701700310718e-01 5.787510320033845829e-02 -1.606506417856024660e+00 -1.527329651199822225e+00 5.197125107353787143e+01 -3.723500549006463878e+00
2.973485877266132671e-01 5.197986835141503448e-02 -3.101561425488033485e+00 -3.118880593291636139e+00 5.370160884236203458e+01 -2.861779654831503095e+00
3.916783146459255072e-01 6.196921765868505794e-02 -2.002893331774728392e+00 -1.968796319271540529e+00 5.235667988089311820e+01 -3.215171633031215226e+00
2.679274926478372731e-01 4.735490117126716497e-02 -2.756093818602885825e+00 -2.140119354887773717e+00 5.315608683442226123e+01 -3.822253634714451120e+00
3.012829744048732272e-01 5.101639873906164274e-02 -3.355595283541537466e+00 -2.515828251244979885e+00 5.363081982605709896e+01 -2.922651062944373823e+00
4.452456922487514346e-01 7.302748537403302986e-02 -1.259954128277889884e+00 -1.408405688113857579e+00 5.148494050496736918e+01 -3.625030095768222438e+00
4.583613458721488287e-01 7.432272301781300827e-02 -3.232076683369945247e+00 -3.669342475188987596e+00 5.367680276050224819e+01 -1.357712822734784330e+00
3.456934265803262019e-01 5.616214435371209845e-02 -3.216185916410747581e+00 -3.142039797758329200e+00 5.370703687407586102e+01 -2.302126350042546843e+00
4.306531616923858774e-01 6.902635249983533894e-02 -1.064441250654555970e+00 -2.112112070912187889e+00 5.173471094735155873e+01 -3.572897209890984360e+00
3.739083495418156766e-01 6.299968541704174807e-02 -2.727122867014207586e+00 -2.479892006478497279e+00 5.302351675128613095e+01 -2.741443176275342175e+00
4.244043353350671621e-01 7.167284323430560267e-02 -3.058514959248359588e+00 -3.070822780536966778e+00 5.336606381311540304e+01 -1.975787556735732586e+00
4.030895013366077029e-01 6.603506084756824435e-02 -3.792064277129734595e+00 -3.780859902555824714e+00 5.420207304439090734e+01 -1.265792530492442669e+00
3.185062864354740175e-01 4.986381124440582291e-02 -3.897197300786419127e+00 -3.798193193889656705e+00 5.449580379705444244e+01 -1.776245741599101979e+00
2.650670961111751822e-01 4.275814664927655995e-02 -2.961511226606217129e+00 -2.078657286385741099e+00 5.334604498417328244e+01 -3.645900426300242358e+00
3.095814121081056358e-01 4.981840805470227201e-02 -2.657812571921211564e+00 -2.220294800664221579e+00 5.306237827779278859e+01 -3.334963785084744003e+00
2.981716371246935782e-01 5.188093711633717797e-02 -2.409739340448819434e+00 -1.711558992908602361e+00 5.266358319095472496e+01 -3.895273255667738965e+00
2.750132450322140265e-01 4.663512543394900123e-02 -3.369337003572091760e+00 -2.400291263550687226e+00 5.367193965227918540e+01 -3.173902873054870177e+00
4.320228612389159228e-01 6.643092188004549870e-02 -2.300319325962516537e+00 -2.456464277039889232e+00 5.266863754663535957e+01 -2.579292043425231551e+00
3.784648404309732261e-01 5.868168211045395044e-02 -1.857936297025402972e+00 -1.808929780304461055e+00 5.221406333728399574e+01 -3.422048122600763964e+00
2.922851981292279855e-01 5.152254244049848247e-02 -3.286187992621146137e+00 -2.670027277432462043e+00 5.366458269978039652e+01 -3.042989287990828906e+00
4.566213684910040427e-01 8.012678910575457558e-02 -2.282385620005769500e+00 -2.469030695040149048e+00 5.251052664904624834e+01 -2.528762306462520648e+00
3.959459664618878993e-01 6.590409737215904840e-02 -2.362509287310876616e+00 -2.700831804631739441e+00 5.283472943599878846e+01 -2.729646232591237620e+00
2.966064499603992544e-01 5.171054786425256095e-02 -2.924670559476126641e+00 -2.332122132466317943e+00 5.326861223528957368e+01 -3.329019573624245165e+00
3.757662417528193632e-01 6.444641995367750287e-02 -3.216685938290345881e+00 -3.011184394582162582e+00 5.353384079928360251e+01 -2.215436786347583009e+00
4.375072335163175397e-01 7.325196567922691304e-02 -2.381244751439284713e+00 -2.444881679232250082e+00 5.269422696441856147e+01 -2.581574154227105566e+00
4.504422058956215613e-01 6.756112910566507146e-02 -2.462839117183117210e+00 -2.714730352664831869e+00 5.286805941152159960e+01 -2.216217779320665660e+00
4.656193451719062293e-01 8.075147120706271942e-02 -2.734307295171079843e+00 -3.226516157778196892e+00 5.313795371367625364e+01 -1.888809460512778093e+00
3.432989670176518349e-01 5.791039646253326456e-02 -1.892505317261711451e+00 -1.617523588564635961e+00 5.218106096940046257e+01 -3.855134702704217542e+00
2.654038612729576196e-01 4.387750864002457063e-02 -3.870449873257994167e+00 -3.197263005347291909e+00 5.436649126593822956e+01 -2.553078947277145350e+00
4.359738075297852067e-01 6.869293120931962982e-02 -2.467508213377108905e+00 -2.669645593655745053e+00 5.284679681715526556e+01 -2.344009111915427823e+00
3.543949812718307224e-01 5.645708668877507524e-02 -3.866793461085954675e+00 -3.627840965809157492e+00 5.430644520018618948e+01 -1.624160066561942672e+00
2.837375494643298302e-01 4.528671468714458304e-02 -3.597127709772234727e+00 -3.294284539583485660e+00 5.420344301218273841e+01 -2.540915205201658367e+00
3.767068701700310718e-01 5.787510320033845829e-02 -1.606506417856024660e+00 -1.527329651199822225e+00 5.197125107353787143e+01 -3.723500549006463878e+00
3.545638020911516808e-01 5.964380814396317426e-02 -2.896110056675106570e+00 -2.890250125079768750e+00 5.335879829485236314e+01 -2.627613706523032278e+00
4.107857779012334953e-01 6.693438399710548159e-02 -1.853761146108498625e+00 -1.883618612584532226e+00 5.215897887152917889e+01 -3.262965347052146914e+00
2.688960833126726180e-01 4.749985075542415003e-02 -2.745001565207499716e+00 -2.126394398433834709e+00 5.314031404799661118e+01 -3.824592141041164961e+00
3.012829744048732272e-01 5.101639873906164274e-02 -3.355595283541537466e+00 -2.515828251244979885e+00 5.363081982605709896e+01 -2.922651062944373823e+00
4.598248861074051841e-01 7.610323206074894042e-02 -1.040389244995344686e+00 -1.236925730016297020e+00 5.123351511853191198e+01 -3.761744016935342216e+00
4.583613458721488287e-01 7.432272301781300827e-02 -3.232076683369945247e+00 -3.669342475188987596e+00 5.367680276050224819e+01 -1.357712822734784330e+00
3.406238457828595911e-01 5.566489138109680102e-02 -3.398751175501925736e+00 -3.330226872606002253e+00 5.390789439202365685e+01 -2.140829187588161986e+00
3.822127507448450090e-01 6.161388506702552420e-02 -1.958536534671626805e+00 -2.234411982138087005e+00 5.243893562656524665e+01 -3.249440626209033844e+00
4.285799128754104736e-01 7.020870021199447641e-02 -2.616330648883421262e+00 -2.648011579823247974e+00 5.291785485248606591e+01 -2.321351824673616004e+00
3.998813539422522156e-01 6.813694848201547194e-02 -3.789918017931685590e+00 -3.640295921046808214e+00 5.410260448123563748e+01 -1.435600349382256447e+00
3.949956806142331245e-01 6.470207966796796828e-02 -3.875242436497136733e+00 -3.804104169430982729e+00 5.428547210273892176e+01 -1.265889559589459257e+00
3.159925875157456043e-01 4.953226584044922304e-02 -3.871262649310468706e+00 -3.753316264038511374e+00 5.446840747962828999e+01 -1.837734922130882520e+00
2.650670961111751822e-01 4.275814664927655995e-02 -2.961511226606217129e+00 -2.078657286385741099e+00 5.334604498417328244e+01 -3.645900426300242358e+00
2.726565778277085239e-01 4.187349250112130938e-02 -3.336540131836523759e+00 -2.658072348094531190e+00 5.382309592463879966e+01 -2.997690027170060389e+00
2.972563801806993311e-01 5.179880672361879962e-02 -2.373306662373128262e+00 -1.648146766891866122e+00 5.261603122293213630e+01 -3.960011642000165200e+00
2.803180709539636051e-01 4.641229261700641207e-02 -3.437839969122132633e+00 -2.712437230695413426e+00 5.384564039105084987e+01 -2.940374708736517295e+00
4.988904955507222905e-01 7.676045865686642600e-02 -2.710455277592183077e+00 -3.173183210415414734e+00 5.306494408774247518e+01 -1.602532430589482138e+00
3.786082486274702230e-01 5.879387848191158089e-02 -1.861785615029255991e+00 -1.825210221963026846e+00 5.222266773993701605e+01 -3.415443554271639037e+00
3.109680638887825643e-01 5.253097024073878629e-02 -2.983407743053393624e+00 -2.528512797363664966e+00 5.337919012066060276e+01 -3.088864019594358190e+00
4.637188164095743526e-01 8.266969901001279541e-02 -2.193956930569402441e+00 -2.415093056612063194e+00 5.240041140034179534e+01 -2.587179244147826296e+00
4.132675897621589933e-01 6.878927950452634610e-02 -2.178473334697886177e+00 -2.506922747733928425e+00 5.259788255449542760e+01 -2.801523411181874312e+00
2.966064499603992544e-01 5.171054786425256095e-02 -2.924670559476126641e+00 -2.332122132466317943e+00 5.326861223528957368e+01 -3.329019573624245165e+00
3.831758875173747469e-01 6.561223552518817559e-02 -3.169100752201442273e+00 -3.044057603098681231e+00 5.349982450878394502e+01 -2.174286241058387859e+00
4.274958334642082747e-01 7.079050866280940657e-02 -2.290874336308872383e+00 -2.337135125429756766e+00 5.261201852380846589e+01 -2.725757542794241317e+00
4.177987677561344482e-01 6.402497996033240657e-02 -2.741038385031952185e+00 -2.897686304230114196e+00 5.317714970231122606e+01 -2.193808568072963983e+00
4.505548575543368850e-01 7.640467230762948425e-02 -2.543559188580893693e+00 -2.925560224697981493e+00 5.293816613394585602e+01 -2.197492008113778095e+00
3.435513965542639769e-01 5.802030204380914657e-02 -1.880239898224113304e+00 -1.594588176523411782e+00 5.216194022328937763e+01 -3.872006389629369494e+00
2.654038612729576196e-01 4.387750864002457063e-02 -3.870449873257994167e+00 -3.197263005347291909e+00 5.436649126593822956e+01 -2.553078947277145350e+00
4.359738075297852067e-01 6.869293120931962982e-02 -2.467508213377108905e+00 -2.669645593655745053e+00 5.284679681715526556e+01 -2.344009111915427823e+00
3.543949812718307224e-01 5.645708668877507524e-02 -3.866793461085954675e+00 -3.627840965809157492e+00 5.430644520018618948e+01 -1.624160066561942672e+00
2.859451641889691476e-01 4.692060837819383989e-02 -3.374040682893747700e+00 -2.961748204642178806e+00 5.389414925153872815e+01 -2.829249440610695387e+00
3.788209691455905470e-01 6.105535334559650945e-02 -2.271436057350803672e+00 -2.173921603927760682e+00 5.262411075451162645e+01 -3.068870529809134773e+00
3.424216688279286824e-01 5.862992290121432637e-02 -3.032030353684715962e+00 -2.973777441573873581e+00 5.350101727467973234e+01 -2.618167741566659323e+00
4.274088758756098283e-01 6.952399801496650378e-02 -1.644562355546520305e+00 -1.783168871192116756e+00 5.194135717954647902e+01 -3.305805493525048711e+00
2.692303235504042158e-01 4.791376394559411500e-02 -2.726101987619776512e+00 -2.130561469996083979e+00 5.312235536769870947e+01 -3.840190511595216183e+00
3.275887469282612319e-01 5.519146718576562610e-02 -3.519548279573083249e+00 -3.043311985039310219e+00 5.387551660883592319e+01 -2.338540304938697023e+00
4.504881165334350679e-01 7.436015807462907634e-02 -1.150842715172741837e+00 -1.356923707726325645e+00 5.137852766677156069e+01 -3.700113723053716441e+00
4.440804271078054311e-01 7.168938463823668061e-02 -3.426038821684457059e+00 -3.798527254025876765e+00 5.389399821335930341e+01 -1.263589447993194170e+00
3.448755558652004671e-01 5.638839187265699132e-02 -3.311757879140279304e+00 -3.253860708207735541e+00 5.381000875610015299e+01 -2.201172971198471107e+00
3.822127507448450090e-01 6.161388506702552420e-02 -1.958536534671626805e+00 -2.234411982138087005e+00 5.243893562656524665e+01 -3.249440626209033844e+00
4.255762238479059989e-01 6.981767205469606441e-02 -2.585661319670091718e+00 -2.647577285685191129e+00 5.290321857259488070e+01 -2.366025335640664196e+00
3.967661149640419604e-01 6.762151480713146645e-02 -3.748828318465540210e+00 -3.604159900760230961e+00 5.406998878014143628e+01 -1.499714519642040722e+00
3.904845184237300537e-01 6.310613310265822395e-02 -3.352506855967793520e+00 -3.279619529428172697e+00 5.375274774262744870e+01 -1.834993456765989794e+00
3.159925875157456043e-01 4.953226584044922304e-02 -3.871262649310468706e+00 -3.753316264038511374e+00 5.446840747962828999e+01 -1.837734922130882520e+00
2.651513672045748837e-01 4.303825240122281792e-02 -3.188961278687472589e+00 -2.358573791172305256e+00 5.360139836890231635e+01 -3.372436091567708072e+00
2.643417103504380195e-01 4.038782610438712561e-02 -3.427450387527741338e+00 -2.705081061746040128e+00 5.392420206968257190e+01 -2.981134930394398364e+00
2.972563801806993311e-01 5.179880672361879962e-02 -2.373306662373128262e+00 -1.648146766891866122e+00 5.261603122293213630e+01 -3.960011642000165200e+00
2.812535027712991242e-01 4.671656823170575179e-02 -3.408368958331156495e+00 -2.690595963166212190e+00 5.381250201084835538e+01 -2.962694349758893786e+00
4.504689565737614587e-01 7.029862293029903730e-02 -2.796103315706591541e+00 -3.031827905132702838e+00 5.316531110926177917e+01 -1.906718635920318761e+00
4.052044098209774403e-01 6.265624660061429319e-02 -1.428665643417924347e+00 -1.606779221248364475e+00 5.180005530921680190e+01 -3.595947901700998983e+00
2.705090407489173510e-01 4.686689902990669176e-02 -2.778347564426983052e+00 -2.045126846387585573e+00 5.313407718736733898e+01 -3.730665026900184422e+00
4.637188164095743526e-01 8.266969901001279541e-02 -2.193956930569402441e+00 -2.415093056612063194e+00 5.240041140034179534e+01 -2.587179244147826296e+00
3.978482606452852788e-01 6.714962571603341757e-02 -1.712323391849456922e+00 -2.041095536312414360e+00 5.212299437065561136e+01 -3.393673911374603946e+00
3.307887982414795536e-01 5.758956866901413646e-02 -2.953564444794297916e+00 -2.560856890866366697e+00 5.328576747276185444e+01 -2.942615047983736076e+00
3.960411763904668758e-01 6.652124216982355231e-02 -2.980473817170648854e+00 -2.928842975858629405e+00 5.331995629671996539e+01 -2.240624064693508721e+00
4.379529075985587050e-01 7.197687204641406433e-02 -1.846728169908397277e+00 -2.017454049492512169e+00 5.216902229634775523e+01 -3.054844859918587119e+00
4.182926333728465562e-01 6.418458488492176373e-02 -2.738973646945519924e+00 -2.900687273751606288e+00 5.317568787174612766e+01 -2.192007799925593581e+00
4.302021370449166104e-01 7.207966285431342823e-02 -2.920579536205485383e+00 -3.268397154921054426e+00 5.338672796340255644e+01 -1.940187414185340131e+00
3.467505339953415033e-01 5.848557102067150626e-02 -1.806750419509573380e+00 -1.536421446306137639e+00 5.208159140664071884e+01 -3.912486535124223064e+00
2.912701643101072158e-01 4.730064219869827002e-02 -3.682260125794050154e+00 -3.143182079107909033e+00 5.416716665524981522e+01 -2.490617799947110633e+00
4.619633940625430535e-01 6.989009853363618852e-02 -2.440385098087897831e+00 -2.786298919015589792e+00 5.285181202112650567e+01 -2.078433076196913198e+00
3.713144192413695976e-01 5.876899431845133276e-02 -3.386630926567214317e+00 -3.251555742337159050e+00 5.381179645461566707e+01 -1.966182806269843431e+00
2.870765924990018592e-01 4.717428490317542022e-02 -3.356377935079992714e+00 -2.942159155787575919e+00 5.387086500606059047e+01 -2.840988099514464960e+00
3.939427884057876694e-01 6.411115402780882822e-02 -2.238126230646993786e+00 -1.873410191287858240e+00 5.243643404855708923e+01 -3.106252863658320429e+00
3.307865986250734247e-01 5.719370273578371078e-02 -3.582576451504898785e+00 -3.458420227173885309e+00 5.407747454550800370e+01 -2.141809106920301797e+00
4.122077306135606967e-01 6.684772066008642932e-02 -1.767392624075083685e+00 -1.916223035665104879e+00 5.211368305840967707e+01 -3.283632862848358425e+00
2.921733632567340977e-01 5.054809885597411068e-02 -3.060478307469207238e+00 -2.528743790952086457e+00 5.345233935531333458e+01 -3.221896695554166357e+00
3.391308001604954603e-01 5.648823856936226878e-02 -3.741162265106545703e+00 -3.308256548224444149e+00 5.410161096825717664e+01 -1.969550089124432413e+00
4.591860587312890374e-01 7.566841210913299864e-02 -1.045925771824267603e+00 -1.292542952684703650e+00 5.126459075424235579e+01 -3.726387358183290921e+00
4.420676776752409665e-01 7.185181049388943142e-02 -3.049144116348265321e+00 -3.376990734450946885e+00 5.348487454615760583e+01 -1.695509891782804202e+00
3.448494499955490622e-01 5.625006172070377841e-02 -3.324986902349363671e+00 -3.461032545462951138e+00 5.391331968063271773e+01 -2.090750099168641185e+00
3.602628373692189356e-01 5.707847333340633489e-02 -2.312527368024468011e+00 -2.620871419842573768e+00 5.288914255842559697e+01 -2.992219267030761909e+00
4.086075183358506280e-01 6.472690245846429713e-02 -2.627103929394393855e+00 -2.640331469873240966e+00 5.300090161493426422e+01 -2.460275428564331346e+00
3.857599464347589713e-01 6.482666735411470038e-02 -3.758277392469979272e+00 -3.670252952387877965e+00 5.414281025967224537e+01 -1.502862263235090978e+00
3.819916129034015007e-01 6.256056388022290804e-02 -3.471937619163419697e+00 -3.337094680316863737e+00 5.386431348003785047e+01 -1.799030543708030949e+00
3.242314733643575364e-01 5.200909783086556798e-02 -3.824937454241441159e+00 -3.594842649386180700e+00 5.433780125548930329e+01 -1.884670704537653618e+00
2.719165032396201886e-01 4.425668121577930325e-02 -3.180369763344967016e+00 -2.390537749928491884e+00 5.358903889483595862e+01 -3.311351467780999869e+00
2.643417103504380195e-01 4.038782610438712561e-02 -3.427450387527741338e+00 -2.705081061746040128e+00 5.392420206968257190e+01 -2.981134930394398364e+00
2.988963398785751679e-01 5.227888112557319000e-02 -2.091570298357784630e+00 -1.320019844968367551e+00 5.228510550027268522e+01 -4.265871995087737290e+00
2.681685940533754531e-01 4.497895117609510690e-02 -3.474165611116904362e+00 -2.734958491405352188e+00 5.390050178482930221e+01 -3.007480956555454110e+00
4.721321284898668535e-01 7.434037790562227077e-02 -1.942840420661298140e+00 -2.276974173502949839e+00 5.224898377684382211e+01 -2.617216008264596994e+00
4.110396597070483660e-01 6.406282159107583307e-02 -1.387292642829847322e+00 -1.572811249032806558e+00 5.174217324102357196e+01 -3.610048004957238099e+00
2.705090407489173510e-01 4.686689902990669176e-02 -2.778347564426983052e+00 -2.045126846387585573e+00 5.313407718736733898e+01 -3.730665026900184422e+00
4.645199338558106961e-01 8.390710314243990386e-02 -2.396859414083939210e+00 -2.613492030560929269e+00 5.260115580363183341e+01 -2.385836141378415487e+00
3.088780668914276606e-01 5.261917533084374543e-02 -2.324498786185410282e+00 -1.923453001990899969e+00 5.270313659546009433e+01 -3.754482649400606054e+00
3.856811363667628223e-01 6.515751939321084985e-02 -2.225711496699338543e+00 -2.254267157314091996e+00 5.257026578020929719e+01 -3.087639045070832200e+00
4.242251966996233303e-01 7.135542227193808484e-02 -2.583546319117412615e+00 -2.575033815498024126e+00 5.285130225322657083e+01 -2.435570089258302318e+00
4.398732656565385590e-01 7.323929133788317780e-02 -2.283731939593791171e+00 -2.577682979823817444e+00 5.267401910805914866e+01 -2.554646508942822081e+00
4.115387792191485539e-01 6.291059922201996946e-02 -2.838843968640584414e+00 -2.978928485034781026e+00 5.329193755586744885e+01 -2.138667882494440065e+00
4.422527157723998847e-01 7.480351198770909815e-02 -2.825208392950401493e+00 -3.271843523294529099e+00 5.329974341876415878e+01 -1.934867807133982653e+00
3.568683950735586086e-01 5.969167715103672334e-02 -1.899235946724088242e+00 -1.608670703080212094e+00 5.215766847904145465e+01 -3.739632739805912376e+00
3.060208271669990765e-01 4.963401300938286714e-02 -3.547945175119780803e+00 -2.967143169856219842e+00 5.396674000647474401e+01 -2.511353024650126109e+00
4.619633940625430535e-01 6.989009853363618852e-02 -2.440385098087897831e+00 -2.786298919015589792e+00 5.285181202112650567e+01 -2.078433076196913198e+00
4.206584636860633553e-01 6.581655361699616236e-02 -2.855704644315314678e+00 -2.874573758993360428e+00 5.320982041899792137e+01 -2.107647195840999466e+00
2.870765924990018592e-01 4.717428490317542022e-02 -3.356377935079992714e+00 -2.942159155787575919e+00 5.387086500606059047e+01 -2.840988099514464960e+00
3.939427884057876694e-01 6.411115402780882822e-02 -2.238126230646993786e+00 -1.873410191287858240e+00 5.243643404855708923e+01 -3.106252863658320429e+00
3.108905437864343257e-01 5.290953560036627812e-02 -3.527831623738332034e+00 -3.210973588266755385e+00 5.401071842467437278e+01 -2.436326740780725419e+00
4.207389930750831120e-01 6.812592717822527066e-02 -1.547520483148466353e+00 -1.936220230726098057e+00 5.196293123147577830e+01 -3.366484224287149996e+00
2.921733632567340977e-01 5.054809885597411068e-02 -3.060478307469207238e+00 -2.528743790952086457e+00 5.345233935531333458e+01 -3.221896695554166357e+00
3.491162004005068376e-01 5.717501698417077477e-02 -2.662702217796193427e+00 -2.216862144349447838e+00 5.294404098492412913e+01 -3.014665859759502631e+00
4.591860587312890374e-01 7.566841210913299864e-02 -1.045925771824267603e+00 -1.292542952684703650e+00 5.126459075424235579e+01 -3.726387358183290921e+00
4.682848709172577339e-01 7.711752689536055527e-02 -1.986817846331114357e+00 -2.361665765688562679e+00 5.230364063074015490e+01 -2.628227521903579778e+00
3.811081503159011175e-01 5.741564189606798013e-02 -3.198039322992737077e+00 -3.372352039304904459e+00 5.374542801871915287e+01 -1.891209396619434324e+00
3.489306802630176563e-01 5.578955372611092700e-02 -2.196209613720910170e+00 -2.541739593700427235e+00 5.280012349747958922e+01 -3.180857018748520115e+00
4.036593208648652786e-01 6.528539209027270362e-02 -2.237122331885988302e+00 -2.115075045591445324e+00 5.254080491179364287e+01 -2.976728396762320372e+00
3.857599464347589713e-01 6.482666735411470038e-02 -3.758277392469979272e+00 -3.670252952387877965e+00 5.414281025967224537e+01 -1.502862263235090978e+00
3.733686174977743910e-01 6.159353648261852582e-02 -3.996164244133745491e+00 -3.859149171742794149e+00 5.442433344792451777e+01 -1.297541553652491242e+00
3.153450865677571158e-01 5.077517874544181659e-02 -3.988843210763475255e+00 -3.679154052835929889e+00 5.449459814584702144e+01 -1.805724384782891878e+00
2.713317324277488285e-01 4.411135599663885964e-02 -3.278221657818428891e+00 -2.514004584717885127e+00 5.370695759670056191e+01 -3.204858177164039201e+00
2.643417103504380195e-01 4.038782610438712561e-02 -3.427450387527741338e+00 -2.705081061746040128e+00 5.392420206968257190e+01 -2.981134930394398364e+00
2.807234779350583076e-01 4.708747575290935655e-02 -2.803565274883287106e+00 -2.010787393940725032e+00 5.313281250857403393e+01 -3.652635259383186117e+00
2.712938375842092187e-01 4.872831620607775277e-02 -3.512315829844852910e+00 -2.759358042321685023e+00 5.388114682981466785e+01 -3.028996569313640475e+00
4.590791397666679208e-01 7.239895730501527682e-02 -2.068969191507398442e+00 -2.331207498115768217e+00 5.238396467528971812e+01 -2.608897318805665666e+00
4.119385397661873838e-01 6.388168721333402356e-02 -1.308737594475439581e+00 -1.536645410581044313e+00 5.167590337445269455e+01 -3.662683859666087116e+00
2.705090407489173510e-01 4.686689902990669176e-02 -2.778347564426983052e+00 -2.045126846387585573e+00 5.313407718736733898e+01 -3.730665026900184422e+00
4.226068530667857481e-01 7.380990359478548091e-02 -2.097284682981855219e+00 -2.462682235035918765e+00 5.247784186230459369e+01 -2.876509836131136311e+00
3.277335013483481108e-01 5.665847709153760264e-02 -1.469117553046952462e+00 -1.238451025805258787e+00 5.180914488486983771e+01 -4.413445270151425071e+00
3.902891268964354121e-01 6.610836172873853223e-02 -2.042953116444231387e+00 -2.100119757516325514e+00 5.237415627504012861e+01 -3.239547559361824369e+00
4.424674179299483701e-01 7.669767189380358174e-02 -1.268444215500795114e+00 -1.265009694768579163e+00 5.140907035749877707e+01 -3.767985902149468380e+00
4.398732656565385590e-01 7.323929133788317780e-02 -2.283731939593791171e+00 -2.577682979823817444e+00 5.267401910805914866e+01 -2.554646508942822081e+00
4.270109391217750683e-01 6.582388149799119070e-02 -2.531113822052295959e+00 -2.775753181610398634e+00 5.296951301537932011e+01 -2.320155754341460153e+00
4.530109274498008709e-01 7.629953315715096163e-02 -2.725348761136578535e+00 -3.205854021842243107e+00 5.317407229840394933e+01 -1.948838499520378686e+00
3.411125564824240008e-01 5.766038344901070617e-02 -1.669478169488735286e+00 -1.345822854840887706e+00 5.193998545651335519e+01 -4.137643953132079666e+00
3.149976357102893809e-01 5.030821560549302018e-02 -3.363492281284393925e+00 -2.823196670488403281e+00 5.377644402410430757e+01 -2.614965972735920907e+00
4.659079586231894554e-01 6.885395231148190576e-02 -2.568751624591766536e+00 -2.903759581598266859e+00 5.298975099366960961e+01 -1.887749837373859041e+00
4.422741989868722579e-01 6.871150200610787184e-02 -2.813245088130292615e+00 -3.069878578406287417e+00 5.322796237345642112e+01 -1.926146770282559206e+00
2.821582450105416529e-01 4.603321499527553845e-02 -3.535770834276022789e+00 -3.116786384959074674e+00 5.407600129903454445e+01 -2.693019895290226007e+00
3.728992756071478065e-01 6.075794142097177414e-02 -2.614609820796398587e+00 -2.232982867133853411e+00 5.287526963434070382e+01 -2.868392388908874047e+00
3.151482616927875346e-01 5.365824844889589135e-02 -3.707273260468372023e+00 -3.451105999714366934e+00 5.422072395247323584e+01 -2.176208450049432308e+00
4.147024557016665836e-01 6.602480503623150976e-02 -1.312140596889793009e+00 -1.653091088061653835e+00 5.171681921328098497e+01 -3.657518273955391308e+00
3.332284596625351702e-01 5.546107621667353132e-02 -2.880608414762629632e+00 -2.454809172915957127e+00 5.322321713160157231e+01 -2.972829546990495508e+00
3.441620837908084263e-01 5.639805264493216036e-02 -2.743407400197225954e+00 -2.219921996039603940e+00 5.300489099055329234e+01 -2.982838344098176719e+00
4.409378007232707120e-01 7.208849752549356671e-02 -1.283999329623183527e+00 -1.598053629328561875e+00 5.159604640601954628e+01 -3.555565342689085195e+00
4.878025359331806254e-01 7.908058758837636926e-02 -1.948876656788034456e+00 -2.375714154268975697e+00 5.225932859083074788e+01 -2.504398543692972545e+00
3.676764778701105962e-01 5.951583929826127772e-02 -3.136348553256169680e+00 -3.165320864566112391e+00 5.361213101573137152e+01 -2.202766926528366476e+00
4.032317967274281489e-01 6.426599954360008582e-02 -1.922240275817421740e+00 -2.436334137248142184e+00 5.245906235538512874e+01 -3.002965552229724278e+00
3.804333390460013509e-01 6.395390408021994766e-02 -2.113386034990766493e+00 -1.820803984347795890e+00 5.237329580780675542e+01 -3.383044054940828715e+00
3.891663197801258911e-01 6.470370600463715149e-02 -3.439541890884155961e+00 -3.392626734360367102e+00 5.382181494289081769e+01 -1.783899468851401382e+00
3.467229276262588367e-01 5.711863260551871407e-02 -3.770840350851027978e+00 -3.557504770207791545e+00 5.422827158321170060e+01 -1.803330066764668560e+00
3.160550837073721198e-01 5.089158707229152201e-02 -3.969029316334463875e+00 -3.666465209076644527e+00 5.447500314698564949e+01 -1.818823781138938722e+00
2.713317324277488285e-01 4.411135599663885964e-02 -3.278221657818428891e+00 -2.514004584717885127e+00 5.370695759670056191e+01 -3.204858177164039201e+00
2.647049016526722420e-01 4.059468964798913782e-02 -3.421508473494717428e+00 -2.696781967612070563e+00 5.391477970885345883e+01 -2.991786571035764730e+00
2.736344416739685537e-01 4.609625872020718662e-02 -2.859708287603250021e+00 -1.983357296556224725e+00 5.317397595161295953e+01 -3.689310600003097740e+00
2.966780808100653033e-01 5.226263211701283329e-02 -3.120446799147926331e+00 -2.550712451442730178e+00 5.348360145025751677e+01 -3.145318916072307402e+00
4.793523575438192186e-01 7.463041507617231007e-02 -1.671532515097667426e+00 -2.023418692952616116e+00 5.196701894757305951e+01 -2.848128994498678068e+00
4.061360248980256937e-01 6.396105091374254537e-02 -1.512513086153733699e+00 -1.750230946055304049e+00 5.189279847249269295e+01 -3.504223699389477975e+00
2.973204403728396672e-01 5.104912223404503568e-02 -2.511466390391900561e+00 -1.961005079699722486e+00 5.286135294676056873e+01 -3.724434565410335018e+00
4.434042639368470651e-01 7.822651322918657002e-02 -2.194169397958960044e+00 -2.737732642612367595e+00 5.260082765121229897e+01 -2.577700598174506474e+00
3.457980122747307261e-01 5.873226317170580912e-02 -1.782921913384154067e+00 -1.699605259059918216e+00 5.216330205582423218e+01 -3.861843518041175205e+00
3.654391313483951187e-01 6.155530495102742167e-02 -2.657732642076614304e+00 -2.635392217131371950e+00 5.305503909013890507e+01 -2.781605331866490616e+00
4.424674179299483701e-01 7.669767189380358174e-02 -1.268444215500795114e+00 -1.265009694768579163e+00 5.140907035749877707e+01 -3.767985902149468380e+00
4.402757519941339348e-01 7.330756594005806426e-02 -2.279808791629714282e+00 -2.575501199133001240e+00 5.266977184496715125e+01 -2.555415232066327036e+00
4.262726508197690611e-01 6.563073452429633858e-02 -2.494708726052574654e+00 -2.737908066416756547e+00 5.293209652128490461e+01 -2.362845299647178265e+00
4.418494387675478974e-01 7.419754868135701453e-02 -2.776957063409567716e+00 -3.174907540945475670e+00 5.322278764396359207e+01 -2.002709935811210151e+00
3.697913681882888381e-01 6.267195685238168001e-02 -1.576427651331360202e+00 -1.479697175222734362e+00 5.186736704506373030e+01 -3.928649573091969494e+00
3.149976357102893809e-01 5.030821560549302018e-02 -3.363492281284393925e+00 -2.823196670488403281e+00 5.377644402410430757e+01 -2.614965972735920907e+00
4.045844487360497066e-01 6.455030431570867033e-02 -2.760697326885154457e+00 -2.793973470827559868e+00 5.315334703061859045e+01 -2.376185106650368528e+00
4.592805091543747942e-01 7.083258675903969515e-02 -2.646745185885282847e+00 -2.961417265445640545e+00 5.304241179587961597e+01 -1.954987740774636773e+00
2.800765799723234917e-01 4.538888153460107766e-02 -3.554330068988562630e+00 -3.139859166406890001e+00 5.410700140698156702e+01 -2.681811472581615785e+00
3.199023813334062050e-01 5.156960913616609465e-02 -2.276842476926266290e+00 -1.657421666722369347e+00 5.258286621978592024e+01 -3.774920706291892802e+00
3.481069182548240937e-01 5.925956329510113918e-02 -2.968083594974988415e+00 -2.682652717924843166e+00 5.333834720432410847e+01 -2.723768786170347234e+00
4.152553928831494989e-01 6.635438767380956449e-02 -1.274596168236460159e+00 -1.619969529171077394e+00 5.167526324917346869e+01 -3.696277744272573162e+00
3.401580956092203345e-01 5.603951561796878533e-02 -2.607905167855012696e+00 -2.133874501985409733e+00 5.290058742407205017e+01 -3.223743562080833680e+00
3.714152683309440706e-01 5.949134169269580663e-02 -2.688828921085494539e+00 -2.432013899677432089e+00 5.301412443655075180e+01 -2.742716842901120167e+00
4.009963780430624847e-01 6.722119524467344565e-02 -1.479474164968149541e+00 -1.635717956976808107e+00 5.180676639898937452e+01 -3.700342241020748713e+00
4.298781890008203654e-01 7.108050954715383618e-02 -2.459858460186365114e+00 -2.615223668712017169e+00 5.280637141114848276e+01 -2.496408367252492599e+00
3.111371534587084042e-01 5.140151443752993821e-02 -3.538559170474356197e+00 -3.275530180009639913e+00 5.403251525282648515e+01 -2.308768780849394187e+00
3.644035419846227142e-01 5.995617227470118049e-02 -1.663867475244877214e+00 -2.167487114455540098e+00 5.224757771575060161e+01 -3.548158561839268366e+00
3.941919305737138779e-01 6.492117316077003486e-02 -1.713755146055230494e+00 -1.471827292483112615e+00 5.195456181349011615e+01 -3.661466780252085051e+00
3.842211020005879551e-01 6.398290777052913214e-02 -3.514277768906408639e+00 -3.443610585601177387e+00 5.390015163898328865e+01 -1.747776582410599522e+00
3.525330583132015860e-01 5.851732011256893101e-02 -3.218144795596113550e+00 -3.034177949015718134e+00 5.363364257614244934e+01 -2.338623471191642267e+00
3.277097400473553690e-01 5.271782130518342518e-02 -3.647430371467506927e+00 -3.421616156999170322e+00 5.414088736969966931e+01 -2.044596621499046307e+00
2.713915260879639080e-01 4.391108169208618461e-02 -3.314552767588522464e+00 -2.548082863238895879e+00 5.374859484358289308e+01 -3.166642261140018455e+00
2.647049016526722420e-01 4.059468964798913782e-02 -3.421508473494717428e+00 -2.696781967612070563e+00 5.391477970885345883e+01 -2.991786571035764730e+00
2.736344416739685537e-01 4.609625872020718662e-02 -2.859708287603250021e+00 -1.983357296556224725e+00 5.317397595161295953e+01 -3.689310600003097740e+00
3.113613961600162350e-01 5.507240578595466729e-02 -3.275408034988774642e+00 -2.793104182640830047e+00 5.364110864272046797e+01 -2.850260016297839538e+00
4.625912593992378419e-01 7.292782910194922641e-02 -1.954694981696363465e+00 -2.225325400303250767e+00 5.225787305811996220e+01 -2.702592412736735561e+00
4.150749633098669289e-01 6.499478219143209334e-02 -1.459255792802803375e+00 -1.701446285987326501e+00 5.181761211527950906e+01 -3.488080202984377820e+00
3.121057875758527222e-01 5.318482486941066012e-02 -2.384248220614946234e+00 -1.971130324744904572e+00 5.274691166310300616e+01 -3.673375892178981417e+00
4.317904836699797966e-01 7.445193270983217759e-02 -2.285886465511731913e+00 -2.577158863746546125e+00 5.264091106338629800e+01 -2.646159246524911524e+00
3.425886527427616235e-01 5.683766513555818523e-02 -2.153210035761611074e+00 -1.964384451012793686e+00 5.253855388566827145e+01 -3.528093443851625821e+00
3.978422391090818966e-01 6.792782094810005666e-02 -2.275888607812044828e+00 -2.447392033678424728e+00 5.263300255513160408e+01 -2.879634235139407750e+00
4.221274480319809341e-01 7.292321807670769374e-02 -1.644169772174019162e+00 -1.588653304854926285e+00 5.184414997237252720e+01 -3.546015847588268599e+00
4.337188273114437886e-01 7.095823584857828548e-02 -2.492902892800098247e+00 -2.751500354390728820e+00 5.290015647947097932e+01 -2.394295543777055890e+00
4.800162166388340368e-01 7.232603567804291034e-02 -1.658803087710923885e+00 -2.173069920320100934e+00 5.207564564761636206e+01 -2.780349383457311419e+00
4.553300479699779468e-01 7.828585322845880989e-02 -2.705215365911264769e+00 -3.217700628350859571e+00 5.315802049001897700e+01 -1.974919366069807225e+00
3.954783898604605774e-01 6.559866909443592964e-02 -1.379910748990351266e+00 -1.443934715397742430e+00 5.168083053280025752e+01 -3.888600126637435039e+00
2.969664850581504867e-01 4.658230581084601279e-02 -3.893513379061722901e+00 -3.312651934304350121e+00 5.439143505370181941e+01 -2.195893664958568969e+00
4.241728077999060709e-01 6.753792038399568376e-02 -2.803139863027348966e+00 -3.007731964697271998e+00 5.323556619096849829e+01 -2.159726479385847497e+00
4.336354936722940367e-01 6.680205094462256243e-02 -2.914264663506565434e+00 -3.097110318775562643e+00 5.334010041877834141e+01 -1.919785388605170340e+00
2.753673025125327745e-01 4.434854011266792934e-02 -3.745461103068413955e+00 -3.476682014918237584e+00 5.438281874834661522e+01 -2.459255122786604186e+00
3.231462430508695305e-01 5.216812717360499313e-02 -2.259481901642752977e+00 -1.733794801462937407e+00 5.259228355638491337e+01 -3.723342900168598035e+00
3.546821109791585824e-01 5.934602007740685109e-02 -2.648561326003591176e+00 -2.589116168592715095e+00 5.308654625864552656e+01 -2.888988354444587792e+00
4.076380471216803913e-01 6.590523552949179020e-02 -1.463533265590035715e+00 -1.755956493107555527e+00 5.187865696873164012e+01 -3.615040243527138486e+00
3.701744206650011138e-01 6.108477535821733861e-02 -2.256672869246795443e+00 -2.003169259213171127e+00 5.254012297514646690e+01 -3.258226659437676531e+00
3.646689402672085856e-01 5.795900056132167327e-02 -2.982108985905778997e+00 -2.729047083813439301e+00 5.333480797149279340e+01 -2.463588292042056871e+00
3.977255077195230304e-01 6.649608515918753460e-02 -1.569216915297887205e+00 -1.727124226104066240e+00 5.191059705329928420e+01 -3.622817371189527513e+00
4.012726697319578539e-01 6.913592438244006710e-02 -2.950493283401468325e+00 -2.880607066265238103e+00 5.326673247854976978e+01 -2.297596715745220397e+00
3.159254393147353790e-01 5.200349950119335929e-02 -3.514156386301957369e+00 -3.268556001449409276e+00 5.400544974197470083e+01 -2.293563973404126877e+00
3.895227107168063863e-01 6.511792585512890530e-02 -2.373053056398277239e+00 -2.634618401686963374e+00 5.285896952769010682e+01 -2.811586107045153327e+00
3.965048461253238288e-01 6.519011466369947772e-02 -1.598121067519453709e+00 -1.327348204430138123e+00 5.182150314370925770e+01 -3.780795250184094236e+00
3.792630614962161362e-01 6.331235480184359277e-02 -3.561313511802377541e+00 -3.412829859474800998e+00 5.392700027015170861e+01 -1.780606772687912454e+00
3.638352260545676398e-01 6.083663952664102731e-02 -2.646313653763403551e+00 -2.490802581209907274e+00 5.300076769049597658e+01 -2.858061022519645888e+00
3.539074579881414384e-01 5.803447849273918324e-02 -3.515206629793020454e+00 -3.376296790413663818e+00 5.395821842967740167e+01 -1.971024188022924672e+00
2.713915260879639080e-01 4.391108169208618461e-02 -3.314552767588522464e+00 -2.548082863238895879e+00 5.374859484358289308e+01 -3.166642261140018455e+00
2.647049016526722420e-01 4.059468964798913782e-02 -3.421508473494717428e+00 -2.696781967612070563e+00 5.391477970885345883e+01 -2.991786571035764730e+00
2.849026837414456725e-01 4.804007450782316058e-02 -2.714893113340912656e+00 -1.915182034600599881e+00 5.301985737958744238e+01 -3.720640801078910265e+00
3.501176820767117892e-01 6.219818108731531292e-02 -3.230962144991470719e+00 -3.017005300052589600e+00 5.360341392091942936e+01 -2.498130577980440137e+00
4.289430158027187634e-01 6.809744943617730695e-02 -1.869116053825135015e+00 -1.955691782815924373e+00 5.216854856160578180e+01 -3.128286660120759066e+00
3.919399603251368380e-01 6.028475259688027832e-02 -1.804802850464150232e+00 -1.988539758235416732e+00 5.223252857338516719e+01 -3.324563558992892354e+00
3.264075148381486713e-01 5.663798230637642761e-02 -1.849345988208663139e+00 -1.378720589490321391e+00 5.210400859259755890e+01 -4.151824151815517006e+00
4.317904836699797966e-01 7.445193270983217759e-02 -2.285886465511731913e+00 -2.577158863746546125e+00 5.264091106338629800e+01 -2.646159246524911524e+00
3.556590422948502361e-01 5.849696995836514701e-02 -2.286168881836052158e+00 -2.195332380892169866e+00 5.269802882377568665e+01 -3.256884982595263711e+00
4.173579029385440786e-01 7.194725130803550361e-02 -2.230466383769432070e+00 -2.494866505727084682e+00 5.258728033328779361e+01 -2.790696870677431995e+00
4.177164478308575957e-01 7.222538762189124883e-02 -1.351237761011216953e+00 -1.137418477371103576e+00 5.148044301067112372e+01 -3.956784036485749390e+00
4.476651762665474488e-01 7.017728149144143723e-02 -3.222103450266148528e+00 -3.821039563703147124e+00 5.382061759300592030e+01 -1.347772639679417406e+00
5.031784647821124778e-01 7.543703876048352130e-02 -1.052386563815274068e+00 -1.749737329549951426e+00 5.147234295132091120e+01 -3.197204350314527765e+00
4.671208951796310682e-01 8.044318290600163679e-02 -2.517283097164823680e+00 -3.097428600175737845e+00 5.294522380591909183e+01 -2.053019836729495839e+00
3.916451278540439840e-01 6.576633393980049758e-02 -1.241390900167384626e+00 -1.413210622644326842e+00 5.155949449718017519e+01 -4.012488773852414425e+00
3.034919213834955110e-01 4.782501190577057720e-02 -3.991975456825719970e+00 -3.447486753864553055e+00 5.449337658473567103e+01 -2.030111566319535932e+00
3.999720815650140704e-01 6.423400820289561219e-02 -2.260733587338843442e+00 -2.117805298828931093e+00 5.255703304058610570e+01 -3.041040336415989476e+00
4.348241997855984975e-01 6.625613681233531727e-02 -2.841986412509449611e+00 -2.999036961958941649e+00 5.325275356261374071e+01 -1.967020877043176075e+00
3.192908206910878288e-01 5.252426942594277948e-02 -3.198631768482929516e+00 -2.987729924169345352e+00 5.369634686239457722e+01 -2.657960065115243964e+00
2.766370803296926417e-01 4.384168426885387548e-02 -2.626536180278332022e+00 -1.925741697244095274e+00 5.302613000218396877e+01 -3.749185402133420997e+00
3.347514593524987259e-01 5.315448389647726979e-02 -2.200096046051892795e+00 -1.986890322059034375e+00 5.263663832492000694e+01 -3.560728418786869298e+00
4.387426329224330401e-01 6.891637683553088201e-02 -1.510834769595058802e+00 -1.860923054785384112e+00 5.189309773789931057e+01 -3.308756128264921159e+00
3.701744206650011138e-01 6.108477535821733861e-02 -2.256672869246795443e+00 -2.003169259213171127e+00 5.254012297514646690e+01 -3.258226659437676531e+00
3.256014292915256347e-01 5.150209711747948810e-02 -3.229801048623774484e+00 -2.915390583103666611e+00 5.367580110070031907e+01 -2.544761764315977448e+00
4.067458408566285710e-01 6.813546810959336675e-02 -1.602224882797943062e+00 -1.796985169803702931e+00 5.193353369755434557e+01 -3.516187429530763797e+00
4.436704490997229744e-01 7.478626027531631859e-02 -3.443171667412203263e+00 -3.780125147879477954e+00 5.389354695357965852e+01 -1.317453212949810881e+00
3.168032160673198150e-01 5.213252089602922468e-02 -3.535818256842816254e+00 -3.301586174175625832e+00 5.403047119678926435e+01 -2.257306041062601132e+00
3.514971130359187956e-01 5.822659673536473984e-02 -3.153643970956696574e+00 -3.103259638081927285e+00 5.366193284453123624e+01 -2.384611773878541285e+00
3.743637878631029814e-01 6.206190333598000930e-02 -1.797334567910130687e+00 -1.485422374660120948e+00 5.205563034317952997e+01 -3.761185434832271746e+00
3.773447248533427500e-01 6.307967180411620800e-02 -3.607473775797718218e+00 -3.444565450882806523e+00 5.397269476584852299e+01 -1.750578509819573192e+00
3.640454781181807764e-01 6.086862727256255740e-02 -2.637837654864678694e+00 -2.484479077172379480e+00 5.299213256397892735e+01 -2.864643062914765004e+00
3.551538561880442368e-01 5.832366085880183459e-02 -3.481601825853634757e+00 -3.352175756575949794e+00 5.392249152653263877e+01 -1.995092180839499019e+00
2.750088397045625799e-01 4.563940436044888055e-02 -3.277888307515743893e+00 -2.511232865955105975e+00 5.369011310022710148e+01 -3.226457699753043418e+00
2.637379060224855354e-01 4.025424502923690556e-02 -3.392128526022985202e+00 -2.626051186839556184e+00 5.387233226086353710e+01 -3.040082971645924115e+00
2.738050355032275451e-01 4.581236578204427728e-02 -2.474704462100072000e+00 -1.683592388439803411e+00 5.280478707047209497e+01 -4.033412684478809851e+00
3.378953690254319353e-01 6.118340186287123117e-02 -3.716826599067986514e+00 -3.399561880254099222e+00 5.410030847132436804e+01 -2.147998892686436623e+00
4.605672854761720392e-01 7.145037614409638360e-02 -1.944229970081381653e+00 -2.291629818309623090e+00 5.228022663503581668e+01 -2.710862973424161826e+00
3.964044108635584318e-01 6.381555917763276353e-02 -1.342290335855488070e+00 -1.231126785523151135e+00 5.159230819989814165e+01 -3.978245412152718430e+00
3.339368761666546281e-01 5.780651606114285690e-02 -1.636366307132301801e+00 -1.206082998025129527e+00 5.188456239902279066e+01 -4.318839818991186519e+00
4.262047521054703747e-01 7.270365496836374286e-02 -2.046711938354373927e+00 -2.232644602082761942e+00 5.236367365937373819e+01 -2.982725907361810869e+00
3.923680853318294304e-01 6.533689431201790410e-02 -2.726870359648446929e+00 -2.925208947533232795e+00 5.319630432549107724e+01 -2.420162286908516425e+00
4.173620138499886667e-01 7.194274192489684416e-02 -2.280362011462482297e+00 -2.571756583061821200e+00 5.264991951662966585e+01 -2.724551531284962635e+00
4.354720714951073601e-01 7.589779731036977450e-02 -1.338535887711505890e+00 -1.157019904297002411e+00 5.142828430532899375e+01 -3.847142680964660499e+00
4.650334368011870279e-01 7.238922734794461800e-02 -3.152204793161309304e+00 -3.914843912660863623e+00 5.378831938977221228e+01 -1.231172985848471235e+00
4.774735107445019500e-01 7.642965910586359268e-02 -1.779527432613312810e+00 -2.380523106826502477e+00 5.220375592476521831e+01 -2.689464053120222520e+00
4.419208189084024019e-01 7.482555665779316856e-02 -2.164237878545050009e+00 -2.539861793972153059e+00 5.255408089453703013e+01 -2.669571383423281485e+00
3.783803529144876276e-01 6.307659403537625720e-02 -1.431341330293508074e+00 -1.510939014605311881e+00 5.176612958760071592e+01 -3.941717060995483912e+00
3.064872262856160878e-01 4.866033604650162048e-02 -3.898371425871521190e+00 -3.367542647527856481e+00 5.437013261729994440e+01 -2.106228110820349109e+00
3.584858567983972844e-01 5.694990483527065384e-02 -2.859468197586240379e+00 -2.524889429294768561e+00 5.322721738078971754e+01 -2.766357923652548845e+00
4.271302043813343663e-01 6.499364537072886694e-02 -3.220093155627109738e+00 -3.292445853723910965e+00 5.363093303664742706e+01 -1.645292146785941378e+00
3.224717703471844388e-01 5.304427311807199258e-02 -3.327739285670251235e+00 -3.036541146186099827e+00 5.379333519792609053e+01 -2.512526129545964881e+00
2.827005977270760639e-01 4.475459272248250714e-02 -3.015989859214100566e+00 -2.433768872060480426e+00 5.347239551178250849e+01 -3.222990355350143332e+00
3.046579126782211766e-01 4.828202369511230829e-02 -1.842555824983823198e+00 -1.486349743394189904e+00 5.227209788582915451e+01 -4.166577748329254760e+00
4.387426329224330401e-01 6.891637683553088201e-02 -1.510834769595058802e+00 -1.860923054785384112e+00 5.189309773789931057e+01 -3.308756128264921159e+00
3.700644416378386370e-01 6.007891348503119344e-02 -2.193400626944150389e+00 -2.012524308485339475e+00 5.248364533902019957e+01 -3.242898014041537991e+00
3.299343334054262722e-01 5.113578847632696545e-02 -3.572706507415028376e+00 -3.306665031845091640e+00 5.404919509717807813e+01 -2.085174467222422834e+00
3.915723640639941494e-01 6.504400422327183406e-02 -1.377539325092849598e+00 -1.475363251828263111e+00 5.168504880879387287e+01 -3.878640288822929882e+00
4.436704490997229744e-01 7.478626027531631859e-02 -3.443171667412203263e+00 -3.780125147879477954e+00 5.389354695357965852e+01 -1.317453212949810881e+00
3.517987557714328251e-01 5.936842246441595417e-02 -2.788294238047019480e+00 -2.586886554814045169e+00 5.315207154331206141e+01 -2.803667978763761504e+00
2.862473147556863218e-01 4.584998887897193814e-02 -3.518578164185008461e+00 -3.117803939522386880e+00 5.407683381119301913e+01 -2.568325952985805127e+00
3.739194861062387076e-01 6.197722396105888321e-02 -1.808946056753981235e+00 -1.502285168213419730e+00 5.207088950682302197e+01 -3.749206572243696911e+00
3.663972519192900124e-01 6.023544770082196742e-02 -3.814840961803780850e+00 -3.602142609405378781e+00 5.421759863122262146e+01 -1.614580911771795080e+00
3.564460888646504566e-01 6.001442807872377910e-02 -2.478635227955917841e+00 -2.261218081199491081e+00 5.281281362172630622e+01 -3.124534653263632666e+00
3.760967028838721471e-01 6.241432711516980980e-02 -3.591288530253395006e+00 -3.609417373645576355e+00 5.403159178324243328e+01 -1.649215196412958884e+00
2.690771511606323552e-01 4.234774037972625915e-02 -3.836696467044143688e+00 -3.085340586099544868e+00 5.433937561791201176e+01 -2.622668068073027214e+00
2.733872196130571197e-01 4.219335075057907558e-02 -3.415606676236847328e+00 -2.700199133176768740e+00 5.388611499181669018e+01 -2.925302708526683837e+00
2.738050355032275451e-01 4.581236578204427728e-02 -2.474704462100072000e+00 -1.683592388439803411e+00 5.280478707047209497e+01 -4.033412684478809851e+00
3.428568178538927147e-01 6.160991435627177076e-02 -3.486151816319054575e+00 -3.214638523550659599e+00 5.386361696451184855e+01 -2.322058326267301798e+00
4.605672854761720392e-01 7.145037614409638360e-02 -1.944229970081381653e+00 -2.291629818309623090e+00 5.228022663503581668e+01 -2.710862973424161826e+00
4.086870484319486407e-01 6.450273670028920658e-02 -1.280818083049576561e+00 -1.164180785722651601e+00 5.151436837582797068e+01 -3.948047590376270843e+00
3.579609337260100665e-01 6.113070912643435439e-02 -1.904366282702194546e+00 -1.695304858929230551e+00 5.220193295034080450e+01 -3.745059519860467478e+00
4.021650788846383162e-01 7.143726287847655676e-02 -2.257825256588401608e+00 -2.233592252093929531e+00 5.251818327764733851e+01 -3.045770829641287314e+00
4.234340421210240901e-01 7.174205136689834617e-02 -3.220392103585169252e+00 -3.655311565897498838e+00 5.373011415290885395e+01 -1.596815724983210227e+00
4.059804745628396994e-01 6.973043246576006438e-02 -2.392943200569096263e+00 -2.612435846623427871e+00 5.277073315018945010e+01 -2.712836960630133909e+00
4.543713897656068701e-01 7.495624624965425975e-02 -2.519490029209448423e+00 -2.638421450879072871e+00 5.280261757505530795e+01 -2.279985732579573821e+00
4.621836320385513397e-01 7.353919766426439408e-02 -3.268872876587789023e+00 -3.896435045610051606e+00 5.384345616195266615e+01 -1.211811377872265227e+00
4.774735107445019500e-01 7.642965910586359268e-02 -1.779527432613312810e+00 -2.380523106826502477e+00 5.220375592476521831e+01 -2.689464053120222520e+00
4.714171199449152527e-01 7.984096153846828581e-02 -2.111158793762173858e+00 -2.669974157289737970e+00 5.251022121660340503e+01 -2.452999992745865221e+00
3.826579346476234322e-01 6.405056495228897417e-02 -1.297641632160590586e+00 -1.423722968718124315e+00 5.162751349050581240e+01 -4.033647200341610173e+00
3.064872262856160878e-01 4.866033604650162048e-02 -3.898371425871521190e+00 -3.367542647527856481e+00 5.437013261729994440e+01 -2.106228110820349109e+00
3.319310525687762525e-01 5.250046236331068483e-02 -2.883156356199340742e+00 -2.457998489588050006e+00 5.327133068681884964e+01 -2.943468302769881362e+00
4.518551800255560247e-01 6.864587675432311242e-02 -3.257313501372740117e+00 -3.462975730674306085e+00 5.366738750720197970e+01 -1.360513832677739732e+00
3.275636089789152328e-01 5.411951230107797661e-02 -3.220231232071210314e+00 -2.933870209631090908e+00 5.366443121742887001e+01 -2.585912085056075949e+00
2.731529953287409329e-01 4.424053278938125389e-02 -2.739149232295807757e+00 -1.869548008867358391e+00 5.309047560035195801e+01 -3.758684971027881794e+00
3.285845547807414446e-01 5.218605097998239850e-02 -1.713588861653090767e+00 -1.426187913677163577e+00 5.210030475056681354e+01 -4.110628508279240201e+00
4.273508953727756521e-01 6.736145002380383717e-02 -1.774472154126986556e+00 -2.034813590773532077e+00 5.215800041397370990e+01 -3.142142095911603317e+00
3.606091389928029467e-01 5.920582444239518710e-02 -2.064045024669850292e+00 -1.942567825422099270e+00 5.241392249463370234e+01 -3.448452404066933763e+00
3.636984321145455001e-01 5.809015913923862989e-02 -3.427890418729482747e+00 -3.323653649349716410e+00 5.388476834836705365e+01 -1.974414238961982093e+00
3.836403293694345962e-01 6.445081248128407825e-02 -1.512635477064331102e+00 -1.634857699665327013e+00 5.184542039577220152e+01 -3.783312016285061752e+00
4.741701320660550167e-01 7.877335512003086349e-02 -3.464423398089018225e+00 -3.944025267668416657e+00 5.392130606884767730e+01 -1.033911409434313811e+00
3.191141864624550406e-01 5.170244516137471880e-02 -3.112745404005671013e+00 -2.724003777088951139e+00 5.353869047407260950e+01 -2.766303961961664726e+00
3.339144120649202296e-01 5.463062883260859370e-02 -2.588030322762807423e+00 -2.399850734829139576e+00 5.302821452161303739e+01 -3.129497626897554952e+00
3.739194861062387076e-01 6.197722396105888321e-02 -1.808946056753981235e+00 -1.502285168213419730e+00 5.207088950682302197e+01 -3.749206572243696911e+00
3.877435202859629282e-01 6.419207950247393657e-02 -3.494489602244929216e+00 -3.436027944173643434e+00 5.389660056743522176e+01 -1.757335116890142768e+00
3.335937101345023970e-01 5.721021647558144352e-02 -3.359344900668741918e+00 -3.127290995570815468e+00 5.375989700680543848e+01 -2.365547979307383919e+00
3.758920215299217382e-01 6.237323480579642920e-02 -3.423729528124198396e+00 -3.411324709106590802e+00 5.384726507735170742e+01 -1.846636547609991963e+00
2.702702774582759204e-01 4.230500177159225023e-02 -3.720129106542299890e+00 -2.978724554157800686e+00 5.421390262864278498e+01 -2.706444312485115411e+00
2.840804128930640160e-01 4.441412236719936152e-02 -3.333132358747163959e+00 -2.693121323778704390e+00 5.379616325469365989e+01 -2.908168071410342836e+00
2.783518074899894446e-01 4.707925783494310013e-02 -2.490163985795410539e+00 -1.577055824209534718e+00 5.276700469907986957e+01 -4.065277868743257805e+00
3.465085484451131403e-01 6.069452838659215171e-02 -3.201159022766755236e+00 -2.958275631180572685e+00 5.357303429601208222e+01 -2.518739260228893162e+00
4.435099746560414724e-01 7.148779466328350485e-02 -2.882506159131482004e+00 -3.246627655472087426e+00 5.333176690440038925e+01 -1.861899300944250157e+00
4.539914497770153878e-01 6.943754810422082813e-02 -1.190733910227951498e+00 -1.196142864462066635e+00 5.139491587147310270e+01 -3.649393182206274400e+00
3.520694120410453598e-01 6.089297934497332060e-02 -1.380461139157499684e+00 -1.099173994521394970e+00 5.162895698071880446e+01 -4.397922299888965547e+00
3.556720076425883281e-01 6.307030243304559414e-02 -2.684296741832482347e+00 -2.423383448623515957e+00 5.299435605077289324e+01 -3.008533171909437698e+00
4.301043704812091972e-01 7.305058394307097080e-02 -3.265061864306744610e+00 -3.802781725971899451e+00 5.380746129261725486e+01 -1.457624984638629106e+00
4.141028178281062622e-01 7.126531392115040275e-02 -2.333528910594028449e+00 -2.598283772706554640e+00 5.270208639244663118e+01 -2.694850963059709059e+00
4.567097029767921978e-01 7.570432152404495130e-02 -1.966166146928877367e+00 -1.819950885032712851e+00 5.209075781105460834e+01 -2.938714476900168293e+00
4.489071935414846726e-01 7.041965863219752653e-02 -2.381157431713988526e+00 -2.695317195747751970e+00 5.279650116512992497e+01 -2.340191669858867396e+00
4.658527038160789058e-01 7.243391308656420280e-02 -1.856462657851817299e+00 -2.418088983786810253e+00 5.231219310162258296e+01 -2.673759911681116819e+00
4.573957378238435734e-01 8.391395095221632072e-02 -2.692347399804652763e+00 -3.156830748308237400e+00 5.305940298141587164e+01 -2.055697383389096800e+00
3.898916898701769718e-01 6.544650554448984414e-02 -1.750363554631957586e+00 -1.758396129361050830e+00 5.205042760310512051e+01 -3.569945030253392826e+00
3.064872262856160878e-01 4.866033604650162048e-02 -3.898371425871521190e+00 -3.367542647527856481e+00 5.437013261729994440e+01 -2.106228110820349109e+00
3.359399427904466995e-01 5.370529606743988660e-02 -2.878297896578134729e+00 -2.495541466079516546e+00 5.326189003846918268e+01 -2.895536154860042899e+00
4.265826914409551751e-01 6.682340640728953729e-02 -2.749824537974427940e+00 -2.902810459828075285e+00 5.313738921918355373e+01 -2.128509673195392971e+00
3.150266593542350724e-01 4.976844822971327603e-02 -3.232852403424538501e+00 -2.917719746807978964e+00 5.372491378596372869e+01 -2.630364183861058969e+00
2.654985932246195501e-01 4.423017813475388360e-02 -2.272781019065939212e+00 -1.231003389708015927e+00 5.253755170168806643e+01 -4.415720470073283721e+00
3.285845547807414446e-01 5.218605097998239850e-02 -1.713588861653090767e+00 -1.426187913677163577e+00 5.210030475056681354e+01 -4.110628508279240201e+00
4.162123057992430653e-01 6.649341987393264652e-02 -2.018536921642907878e+00 -2.385467292118171656e+00 5.247705103881612843e+01 -2.930057107918045300e+00
3.405808859071912109e-01 5.665615542526144383e-02 -1.656568606774182939e+00 -1.462979843748667186e+00 5.198867195451293810e+01 -4.049117082031430392e+00
3.663218950705957599e-01 5.915125875246700360e-02 -3.451385535455542719e+00 -3.392553823935025026e+00 5.391073083433938962e+01 -1.908758129750932175e+00
3.609164903285206338e-01 6.027493393876451333e-02 -2.206550205661487407e+00 -2.166515772059982137e+00 5.258547040817710894e+01 -3.294680729856664048e+00
4.741701320660550167e-01 7.877335512003086349e-02 -3.464423398089018225e+00 -3.944025267668416657e+00 5.392130606884767730e+01 -1.033911409434313811e+00
3.090312654763290312e-01 4.997996971334561084e-02 -3.399655202293076606e+00 -2.912043128790439361e+00 5.382436095797481101e+01 -2.576284327416995090e+00
3.339144120649202296e-01 5.463062883260859370e-02 -2.588030322762807423e+00 -2.399850734829139576e+00 5.302821452161303739e+01 -3.129497626897554952e+00
3.256830579151991367e-01 5.090926669304115387e-02 -2.446568511420132097e+00 -1.944877064640205155e+00 5.281207676671296269e+01 -3.439783622713875388e+00
3.839655328970752457e-01 6.329624310200213100e-02 -3.836873753483216021e+00 -3.732654875055529509e+00 5.425679826794816307e+01 -1.440269991052185672e+00
3.906962103915538886e-01 6.531980092013310590e-02 -3.001153854591672943e+00 -2.931531112381743132e+00 5.335049601302176825e+01 -2.279960960066485853e+00
3.777811928983517697e-01 6.193047973469106154e-02 -3.666888137332520614e+00 -3.700808507222467014e+00 5.412953889405038410e+01 -1.548698342549802875e+00
2.641433739974655692e-01 4.134072298646979116e-02 -3.766053265827558505e+00 -2.988444882761395860e+00 5.426251677919221095e+01 -2.719006075377352616e+00
2.686195922744636921e-01 4.122004922506325442e-02 -3.612987166007284756e+00 -2.855759119182169847e+00 5.409692938592854716e+01 -2.769528690011092031e+00
2.798127527902418699e-01 4.729463377979428035e-02 -2.482595827647907871e+00 -1.583547562156797150e+00 5.276073372264817607e+01 -4.054322635364892236e+00
3.578609975906564267e-01 6.152200696789734968e-02 -3.021222887453833827e+00 -2.832318540675402119e+00 5.338811925683172177e+01 -2.584057727907412616e+00
4.505292590264797226e-01 7.372706831353831314e-02 -3.428667930028679312e+00 -3.983267344520071696e+00 5.397228905795662257e+01 -1.197614925626036886e+00
4.637140563139003913e-01 7.505201888020329726e-02 -1.455762012010757500e+00 -1.582901815841180504e+00 5.167610269494866060e+01 -3.316750989703117547e+00
3.496138148080417674e-01 5.996386359649735071e-02 -1.479676449500375357e+00 -1.177877786224553969e+00 5.173906183487723354e+01 -4.308754896416568947e+00
3.291761124617783585e-01 5.748992436560177582e-02 -2.954949304169724122e+00 -2.519973587517188029e+00 5.329677182886899089e+01 -2.987063597557385819e+00
3.908920736585766442e-01 6.636189539151529648e-02 -3.318351735231283683e+00 -3.430121779850490160e+00 5.377532750159537756e+01 -1.877344612871349350e+00
3.987623871649884633e-01 6.685454698717269162e-02 -2.184694776912091019e+00 -2.370453832285257967e+00 5.254985278632452861e+01 -2.950683272477269803e+00
4.422936609475227598e-01 7.298557922697852807e-02 -1.962729693586028334e+00 -1.909735374033254551e+00 5.215988919301570093e+01 -3.001791048445160204e+00
4.696389954083410867e-01 7.363001013609292433e-02 -2.035114555305994166e+00 -2.487016517535613147e+00 5.246858586946469671e+01 -2.538999379974191228e+00
4.620426022903703633e-01 7.312941529040463406e-02 -1.909771669480395673e+00 -2.271018138254587981e+00 5.227626580375209642e+01 -2.733430092847189741e+00
4.717906851578990146e-01 8.785205410450776242e-02 -2.893221395540422236e+00 -3.455040904589261608e+00 5.327456263290982008e+01 -1.732790597972460711e+00
4.012547536200298803e-01 6.757385299728781158e-02 -1.245718137190846786e+00 -1.332850834397806494e+00 5.151764185820955078e+01 -4.000521668608391757e+00
2.977667371705476906e-01 4.703716722750680979e-02 -3.926685848450780281e+00 -3.326778450500115447e+00 5.439956140411648278e+01 -2.174423674996762479e+00
3.332799634653681453e-01 5.345351809101093338e-02 -2.640947138516791082e+00 -2.218540799907925187e+00 5.299367255369940466e+01 -3.178133144203575178e+00
4.265826914409551751e-01 6.682340640728953729e-02 -2.749824537974427940e+00 -2.902810459828075285e+00 5.313738921918355373e+01 -2.128509673195392971e+00
3.135016431455421859e-01 4.952712339901407107e-02 -3.294156691968682438e+00 -2.953862502655800082e+00 5.378452289322907376e+01 -2.590079143243964488e+00
2.921881190928707350e-01 4.830311922967182869e-02 -2.186025872024231820e+00 -1.422891438735450764e+00 5.247869294944832319e+01 -4.147607788110823535e+00
3.321105923550961569e-01 5.253968402481162120e-02 -1.657992239293997860e+00 -1.414811339292347370e+00 5.205255795271003194e+01 -4.114699233892197938e+00
4.290407241782604464e-01 6.683679806009376612e-02 -1.466035409805568124e+00 -2.073298132371415470e+00 5.198848189759144844e+01 -3.307514610193373450e+00
3.923352372143843469e-01 6.432816217488308841e-02 -1.516343357109557921e+00 -1.448697951651203519e+00 5.179473881277580460e+01 -3.802444761218211511e+00
3.301137288423808824e-01 5.370201823513745532e-02 -3.601496692641013908e+00 -3.390006632275607501e+00 5.409752822321763688e+01 -2.096315129506311159e+00
3.709771663612183579e-01 6.021593716576324751e-02 -1.601001397053195552e+00 -1.705550165637936155e+00 5.199228603554386297e+01 -3.752399200507571919e+00
4.360415507075359187e-01 7.193848065129260227e-02 -3.249477576498251530e+00 -3.483102418022090419e+00 5.367773509156211276e+01 -1.606945562433358621e+00
3.352696635732651531e-01 5.491428757203056787e-02 -3.044386988620472412e+00 -2.753676273464050528e+00 5.345168030764717315e+01 -2.685762826990972130e+00
3.220251701693929713e-01 5.118347185000408917e-02 -3.684176082150559139e+00 -3.371679405536547769e+00 5.419112345579900136e+01 -2.071649714727898939e+00
3.322833665147897908e-01 5.127761423695723075e-02 -2.068791385923429260e+00 -1.561519266140275253e+00 5.241083539420948512e+01 -3.782050789771789212e+00
3.586723847273515231e-01 5.913950278347160361e-02 -3.903563214525401559e+00 -3.585040163739908525e+00 5.429069037370975082e+01 -1.610799957121275883e+00
3.935740940670143240e-01 6.585579015031313432e-02 -3.056214203972911214e+00 -3.033753256114918084e+00 5.342386246060085142e+01 -2.180083347439669694e+00
4.206324682490291678e-01 6.696262930065763341e-02 -2.793297072434514750e+00 -3.069333060962903481e+00 5.324656298105431063e+01 -2.092415802367201927e+00
2.835918466201731158e-01 4.568300697020469953e-02 -3.380542606794653793e+00 -2.717152570586029547e+00 5.383109794367105394e+01 -2.937409579139932614e+00
2.957958488283318754e-01 4.636168207253319601e-02 -3.204446220739301854e+00 -2.587941161962377112e+00 5.363323902713140257e+01 -2.941261998553406976e+00
2.630826838484433550e-01 4.484077085362052351e-02 -2.728040621524732146e+00 -1.614917336222427835e+00 5.298403781412036295e+01 -4.052624225087193999e+00
3.459955191226021798e-01 6.036243195066083589e-02 -3.104638595314139771e+00 -2.850173064868938511e+00 5.346522112424187156e+01 -2.615839258488075636e+00
4.391071081473764126e-01 7.193716762306165413e-02 -3.498714917725280316e+00 -3.940262939495573935e+00 5.402111004968866581e+01 -1.239253862176672438e+00
4.623162807426429710e-01 7.474226044446198591e-02 -1.504475787888941429e+00 -1.632588544706907951e+00 5.173111146215052258e+01 -3.272020754478625282e+00
3.359702951495369683e-01 5.804692004736206057e-02 -1.408565558553615205e+00 -1.070140087011431040e+00 5.167711129683946325e+01 -4.501154729773185537e+00
3.226308218579491682e-01 5.541228988899349339e-02 -3.090510812370972360e+00 -2.615892601402904027e+00 5.345300992783382554e+01 -2.892259688204563250e+00
4.304434505769623720e-01 7.450193554777355398e-02 -3.513159600243513037e+00 -3.911121275320096125e+00 5.400546301957796658e+01 -1.302503403270886428e+00
4.023967186037923915e-01 6.710985224307425279e-02 -2.223884110279867876e+00 -2.426065167984930326e+00 5.259700761599496133e+01 -2.876448684745539719e+00
4.422936609475227598e-01 7.298557922697852807e-02 -1.962729693586028334e+00 -1.909735374033254551e+00 5.215988919301570093e+01 -3.001791048445160204e+00
4.845865662490500547e-01 7.535695863023329777e-02 -1.882779298281449076e+00 -2.445133051815814973e+00 5.232282394481659793e+01 -2.554780265460212973e+00
4.670941678544703324e-01 7.394277829772069599e-02 -1.870431753099114358e+00 -2.261388131053284845e+00 5.223503288302505609e+01 -2.727114922919817275e+00
4.484876066705732467e-01 8.088664800396348775e-02 -2.668452297195845535e+00 -3.109502184980999395e+00 5.304703395105622121e+01 -2.116840616758434379e+00
4.010807442760180863e-01 6.764455609940540903e-02 -1.096668015924372908e+00 -1.166269974426940470e+00 5.135317120444029371e+01 -4.171804681068975285e+00
2.857539326804741098e-01 4.536183459573459031e-02 -3.930347446466914363e+00 -3.241305466466364749e+00 5.440013461831933483e+01 -2.307802411316521862e+00
3.340951247072361796e-01 5.362649263021358748e-02 -2.371964455445323416e+00 -2.017485853949045005e+00 5.274253405781225013e+01 -3.425265587086254726e+00
4.265826914409551751e-01 6.682340640728953729e-02 -2.749824537974427940e+00 -2.902810459828075285e+00 5.313738921918355373e+01 -2.128509673195392971e+00
2.842721507933275160e-01 4.554443539775757110e-02 -3.453374323722739003e+00 -2.982067639122309544e+00 5.396447677691515565e+01 -2.698391895066408530e+00
2.909821973704519449e-01 4.802253729740284249e-02 -2.246207524845273973e+00 -1.482454352886369175e+00 5.254672337309840202e+01 -4.094758864793237585e+00
3.255074066421798085e-01 5.175966355226972737e-02 -1.799212563937512721e+00 -1.481736938339766274e+00 5.218735613614904878e+01 -4.062607732302605079e+00
4.238234762327973137e-01 6.668997883211333355e-02 -1.415944846344185493e+00 -1.953831053196902090e+00 5.190617660039815462e+01 -3.430797166505150209e+00
3.824422739211802424e-01 6.177188777689414378e-02 -1.380638725440118453e+00 -1.152584615092490328e+00 5.162798699743246544e+01 -4.057816695743706958e+00
3.293476291401452039e-01 5.353939587103460213e-02 -3.605598353789893018e+00 -3.390049558687645792e+00 5.410277461576053071e+01 -2.098437592386816597e+00
3.634977960430514354e-01 5.885371150690249520e-02 -1.734992550232020481e+00 -1.749619091086412670e+00 5.212159729072669023e+01 -3.707152834714459999e+00
4.895622010482320041e-01 8.098014803530864669e-02 -3.358402614563173127e+00 -3.870505718113473215e+00 5.379779435999312653e+01 -1.033978207748797784e+00
2.962350725387540296e-01 4.770396599540525223e-02 -3.475376017016575947e+00 -2.885418940235780827e+00 5.389654454698312236e+01 -2.628592458272893673e+00
3.181752605310600446e-01 5.003423467542698899e-02 -3.596413765072488555e+00 -3.283075908526900566e+00 5.411056093840463888e+01 -2.193173016967717714e+00
3.332189775273697308e-01 5.140393426201542854e-02 -2.000892233955964716e+00 -1.533818918577086965e+00 5.234725361485493522e+01 -3.825403548417420474e+00
3.582118559416473946e-01 5.915490553238024474e-02 -3.879907015625206235e+00 -3.562741515202280773e+00 5.426635056789800160e+01 -1.641332145567482748e+00
3.853320934409055210e-01 6.996891752196666980e-02 -2.755333295740068689e+00 -2.780952671347181493e+00 5.309110046209773515e+01 -2.642214711040307140e+00
4.245511152862830873e-01 6.783837127990956228e-02 -2.797427907769327593e+00 -3.111240785873409020e+00 5.324988416121751555e+01 -2.044278769501892690e+00
2.680721119028706134e-01 4.269204533475004504e-02 -3.389537795855678937e+00 -2.614029834550912756e+00 5.383916449199038823e+01 -3.090735695157435625e+00
2.933871106738766832e-01 4.609750329384101897e-02 -3.365638015929425020e+00 -2.730956543492113919e+00 5.380311311170294175e+01 -2.802535906444069358e+00
2.630826838484433550e-01 4.484077085362052351e-02 -2.728040621524732146e+00 -1.614917336222427835e+00 5.298403781412036295e+01 -4.052624225087193999e+00
3.317202171147077827e-01 5.729719376904318651e-02 -3.167446717310768101e+00 -2.814822764432890700e+00 5.353029263708170760e+01 -2.681495128094344871e+00
4.403776220327270674e-01 7.216487966397079623e-02 -3.495181701964419574e+00 -3.938506377109620260e+00 5.401548671875688967e+01 -1.234084798871456723e+00
4.410187478319674836e-01 7.223121126925440005e-02 -1.920729109258652922e+00 -1.937987177416938600e+00 5.214383638614360450e+01 -3.001341031581187480e+00
3.790852999827344361e-01 6.191814977361284611e-02 -2.370012370570680815e+00 -2.331020203458842310e+00 5.274810802908498175e+01 -2.989416761152447144e+00
3.186806145672636537e-01 5.402981053163727343e-02 -3.145442765279177433e+00 -2.774759721701205883e+00 5.356405668014712518e+01 -2.783630430770164477e+00
4.304434505769623720e-01 7.450193554777355398e-02 -3.513159600243513037e+00 -3.911121275320096125e+00 5.400546301957796658e+01 -1.302503403270886428e+00
4.023967186037923915e-01 6.710985224307425279e-02 -2.223884110279867876e+00 -2.426065167984930326e+00 5.259700761599496133e+01 -2.876448684745539719e+00
4.381813791409533976e-01 7.283093672170247446e-02 -2.024290494997136758e+00 -1.894488338144686868e+00 5.220400740195639600e+01 -3.022566697903780852e+00
4.675651108061811279e-01 7.433003768010643109e-02 -1.922054127715126848e+00 -2.244464548338870991e+00 5.227026680814092430e+01 -2.727346391592632813e+00
4.593568591405122747e-01 7.197491129954652900e-02 -2.160949613919437517e+00 -2.589219849687852903e+00 5.258808508508024460e+01 -2.454066674984927587e+00
4.411639291913641014e-01 7.946280027281361902e-02 -2.670806094831143174e+00 -3.050464608033156555e+00 5.304454554145883094e+01 -2.193305980251185172e+00
3.885876214795427885e-01 6.587363308089620728e-02 -1.352942648151252536e+00 -1.382450647011672418e+00 5.163578367241883171e+01 -4.010455539705571226e+00
2.852968945333576034e-01 4.529282611790987068e-02 -3.916368646219648753e+00 -3.225091701145029965e+00 5.438563471187023168e+01 -2.328039601923935109e+00
3.612085434711890808e-01 6.010998166541399457e-02 -1.348777512608503093e+00 -1.185377553903187664e+00 5.164277271715593542e+01 -4.224505544523227130e+00
3.831521281423718173e-01 6.083643878253468945e-02 -3.020608072602209759e+00 -2.984911795179016281e+00 5.343232102149778484e+01 -2.233984876884856252e+00
3.067043249635012514e-01 5.005454079918875837e-02 -2.804899554846653764e+00 -2.530671463836778212e+00 5.328181734559085214e+01 -3.134569295525503563e+00
4.116373985586085915e-01 6.954499269618921731e-02 -1.434771852157600058e+00 -1.183177122172610618e+00 5.157404612260367571e+01 -3.907944723040097657e+00
3.221681981775756931e-01 5.126628604818164736e-02 -2.035349059092852464e+00 -1.690458341399185604e+00 5.243097715202454623e+01 -3.848410199993196557e+00
4.384506446889380737e-01 6.915551904630784508e-02 -1.270773679619387586e+00 -1.711498022291535914e+00 5.168089227752188464e+01 -3.516245719639792711e+00
3.359924795286155508e-01 5.498491617193013159e-02 -1.794775262030713137e+00 -1.387921154023668446e+00 5.210811584333131918e+01 -4.035318182600099668e+00
3.074718470953808347e-01 5.212875724047075221e-02 -3.932494052560732811e+00 -3.684188992924312345e+00 5.445580412344637011e+01 -1.959267440959887585e+00
4.146015548807069906e-01 6.908207437805742590e-02 -1.905459041738732706e+00 -2.311787007996746190e+00 5.233579327322526353e+01 -3.036533936942097611e+00
4.727027505279294273e-01 7.795916992372262100e-02 -3.406031577090089968e+00 -3.896385241535570199e+00 5.387380470579905278e+01 -1.101130412142467874e+00
2.901304762047128283e-01 4.676265349588312747e-02 -3.842834357948143431e+00 -3.211863546572470973e+00 5.427101790687099481e+01 -2.294552817013796542e+00
3.181752605310600446e-01 5.003423467542698899e-02 -3.596413765072488555e+00 -3.283075908526900566e+00 5.411056093840463888e+01 -2.193173016967717714e+00
3.324848663441620777e-01 5.143779828972886575e-02 -1.981693123503577292e+00 -1.528860919136370455e+00 5.233203200449405301e+01 -3.847984452708682834e+00
4.209091057219094267e-01 6.958789744811247346e-02 -3.540920658730319470e+00 -3.532757741730680134e+00 5.389313973193555540e+01 -1.442146098760837436e+00
3.585470414483529766e-01 6.264843871310082912e-02 -2.537620663359292372e+00 -2.591541700230735934e+00 5.295710005771907447e+01 -2.978689331740543622e+00
4.248820814778896948e-01 6.796857412485565741e-02 -3.190884136575541152e+00 -3.497720204489975337e+00 5.365743561367413861e+01 -1.622363989558452069e+00
2.680721119028706134e-01 4.269204533475004504e-02 -3.389537795855678937e+00 -2.614029834550912756e+00 5.383916449199038823e+01 -3.090735695157435625e+00
2.707075751399812269e-01 4.173339504603128247e-02 -3.617112963136316584e+00 -2.786084274216098944e+00 5.405639462199989254e+01 -2.783644353741837385e+00
2.630826838484433550e-01 4.484077085362052351e-02 -2.728040621524732146e+00 -1.614917336222427835e+00 5.298403781412036295e+01 -4.052624225087193999e+00
3.103889618111222992e-01 5.391840656125529430e-02 -3.587787310716973987e+00 -3.188246371410464075e+00 5.399962171518235010e+01 -2.415882541414395845e+00
4.414645899273369478e-01 7.236172774688798270e-02 -3.494281261079714707e+00 -3.944336312535940081e+00 5.401464105077558031e+01 -1.225553882706182707e+00
4.064919469656466111e-01 6.610580760005797807e-02 -1.948465603505537658e+00 -1.865662882733696737e+00 5.222366303786337483e+01 -3.249317198722050382e+00
3.933255131913072078e-01 6.295620611018205859e-02 -1.511287382240622756e+00 -1.344543899448735313e+00 5.174211179554727380e+01 -3.814478609969789602e+00
2.949391872230348044e-01 4.939012664153712151e-02 -3.352937608960880667e+00 -2.771355323985555952e+00 5.378079463660978377e+01 -2.827596881130125084e+00
4.526594125850935679e-01 7.629215888674924229e-02 -3.337474393642207993e+00 -3.841909607856264675e+00 5.384194535121653757e+01 -1.288935929318189011e+00
3.886105768222160028e-01 6.759235600266848276e-02 -2.680717891753689130e+00 -2.592569806805589572e+00 5.295015406329515883e+01 -2.641117634852863105e+00
4.435064612312576982e-01 7.383077327679699042e-02 -1.556709886088628148e+00 -1.389406068516504167e+00 5.168324397375541679e+01 -3.509814046499185380e+00
4.811840512577283402e-01 7.609865709535448830e-02 -1.777722298919769850e+00 -2.162688092242667892e+00 5.212042230788326691e+01 -2.754333995344906860e+00
4.565545038872213524e-01 7.224597400802917901e-02 -2.295657848115062460e+00 -2.723003326958328252e+00 5.272972303047632181e+01 -2.338023745928110131e+00
4.359182014390876048e-01 7.628050909936712198e-02 -2.799992400093202161e+00 -3.085970935249376268e+00 5.317094374123279010e+01 -2.088246170832497306e+00
3.870055997310976603e-01 6.553369130031178047e-02 -1.512913317232448263e+00 -1.536579793545691519e+00 5.181318310703639440e+01 -3.845842986446042389e+00
2.764641915122399984e-01 4.370041533725567418e-02 -3.947886032181495253e+00 -3.197080040352106245e+00 5.441663263055355770e+01 -2.380018161661505260e+00
3.731044849615419157e-01 6.086224759239564075e-02 -1.755617370207581684e+00 -1.626270428952157454e+00 5.208056542683409873e+01 -3.691739246199044366e+00
3.646823074122571007e-01 5.724275399795060448e-02 -3.079768932211039534e+00 -2.879177469287135693e+00 5.347154637888424844e+01 -2.365281264813326789e+00
3.432469547498949169e-01 5.607307827021137253e-02 -2.353825309519637088e+00 -2.060043662834321054e+00 5.271415059445819651e+01 -3.378074756294473957e+00
4.101412054565525822e-01 6.901099522819467702e-02 -1.552624472960172364e+00 -1.318697787396583498e+00 5.171106788694596190e+01 -3.779117159752277466e+00
3.032703087730256319e-01 4.832011475536597545e-02 -1.998610868295032761e+00 -1.545096225375015120e+00 5.238872190950865360e+01 -4.060970884921236923e+00
4.384506446889380737e-01 6.915551904630784508e-02 -1.270773679619387586e+00 -1.711498022291535914e+00 5.168089227752188464e+01 -3.516245719639792711e+00
3.304444672551076212e-01 5.340327730563733388e-02 -1.622591181167131413e+00 -1.119872984715672537e+00 5.191271312703917573e+01 -4.280911282659129569e+00
2.943815805021501864e-01 4.842739025505930772e-02 -3.820199634109104014e+00 -3.364410317290773555e+00 5.431359059450320359e+01 -2.252794634282567987e+00
4.009481548087758807e-01 6.676286581744277082e-02 -1.796248020105512655e+00 -2.056774873812448057e+00 5.219492062469688420e+01 -3.306090032150360791e+00
4.557546141704390541e-01 7.602392958044584814e-02 -3.308131085516705205e+00 -3.765674103903667191e+00 5.378742207870197944e+01 -1.324932541525465801e+00
2.974634350575009467e-01 4.801565191617276213e-02 -3.825290309539429501e+00 -3.239357148443907430e+00 5.425506396167289580e+01 -2.246619375743168501e+00
3.181752605310600446e-01 5.003423467542698899e-02 -3.596413765072488555e+00 -3.283075908526900566e+00 5.411056093840463888e+01 -2.193173016967717714e+00
4.165292121581907758e-01 6.556309161740142555e-02 -2.626630518343025855e+00 -2.585349932310040622e+00 5.299818065733992256e+01 -2.446759514027949223e+00
4.126377057691663630e-01 6.811956856029185992e-02 -3.590113305432270252e+00 -3.538106245776655001e+00 5.394999852597428003e+01 -1.469263792660156831e+00
3.479476835324270545e-01 6.129922680588424655e-02 -2.847438402894110432e+00 -2.876789109072626083e+00 5.329463960858211635e+01 -2.749389916474252349e+00
4.444833378104487975e-01 7.144665641557536306e-02 -3.349685892548411648e+00 -3.838311592812511552e+00 5.384599826152491886e+01 -1.239451673046099378e+00
2.657186607897049635e-01 4.226427668272146609e-02 -3.398571049119473386e+00 -2.606127248785275796e+00 5.384798497961365626e+01 -3.105572420437386238e+00
2.707075751399812269e-01 4.173339504603128247e-02 -3.617112963136316584e+00 -2.786084274216098944e+00 5.405639462199989254e+01 -2.783644353741837385e+00
2.630826838484433550e-01 4.484077085362052351e-02 -2.728040621524732146e+00 -1.614917336222427835e+00 5.298403781412036295e+01 -4.052624225087193999e+00
3.723734453361169372e-01 6.196800200492830896e-02 -2.930883501207932174e+00 -2.816053584925985120e+00 5.331762784124065035e+01 -2.538712411044369066e+00
4.279309532195906818e-01 6.993668902958080635e-02 -3.532514599398179467e+00 -3.965110659110432145e+00 5.407565706104998071e+01 -1.279459170858595174e+00
